[Header]
TITLE,hall_mixed_sweeps.dat
FILEOPENTIME,0.00,09/01/2026,12:00 am
BYAPP, Resistivity, 2.0, 1.0
INFO, , Sample1 Name
INFO, 1, Sample1 Cross Section
INFO, 1, Sample1 Length
INFO, Ohm-m, Sample1 Units
INFO, , Sample2 Name
INFO, 1, Sample2 Cross Section
INFO, 1, Sample2 Length
INFO, Ohm-m, Sample2 Units
INFO, , Sample3 Name
INFO, 1, Sample3 Cross Section
INFO, 1, Sample3 Length
INFO, Ohm-m, Sample3 Units
INFO, , Sample4 Name
INFO, 1, Sample4 Cross Section
INFO, 1, Sample4 Length
INFO, Ohm-m, Sample4 Units
FIELDGROUP, Resistivity,2,3,4,5,6,7,8,9,10,11,12,13,14,15,16,17,18,19,20,21,22,23,24,25,26,27,28,29,30,31,32,33,34,35,36,37,38,39,40,41
STARTUPGROUP, Resistivity
STARTUPAXIS, X, 2, LINEAR, AUTO
STARTUPAXIS, Y1, 7, LINEAR, AUTO
STARTUPAXIS, Y2, 9, LINEAR, AUTO
STARTUPAXIS, Y3, 11, LINEAR, AUTO
PLOT_APPEARANCE, ALL, HORZ_GRID_ON, VERT_GRID_ON, MARKERS_AND_LINES, ALL_LINES
DATATYPE, TIME, 2
DATATYPE, COMMENT, 1
[Data]
Comment,Time Stamp (sec),Status (code),Temperature (K),Magnetic Field (Oe),Sample Position (degrees),Bridge 1 Resistivity (Ohm-m),Bridge 1 Excitation (uA),Bridge 2 Resistivity (Ohm-m),Bridge 2 Excitation (uA),Bridge 3 Resistivity (Ohm-m),Bridge 3 Excitation (uA),Bridge 4 Resistivity (Ohm-m),Bridge 4 Excitation (uA),Bridge 1 Std. Dev. (Ohm-m),Bridge 2 Std. Dev. (Ohm-m),Bridge 3 Std. Dev. (Ohm-m),Bridge 4 Std. Dev. (Ohm-m),Number of Readings,Bridge 1 Resistance (Ohms),Bridge 2 Resistance (Ohms),Bridge 3 Resistance (Ohms),Bridge 4 Resistance (Ohms)
,19869428.451,,300.340815429688,0.232786230444908,90.0001831054688,4.2714237497421e-008,7999.9970703125,8.60123094171286e-007,7999.9970703125,,,,,1.71166124743315e-009,1.80988927827874e-009,,,25,4.2714237497421e-005,0.000860123094171286,,
,19869596.495,,300.207969970703,8000.04845703125,90.0001831054688,4.37792902812362e-008,7999.9970703125,8.59231110662222e-007,7999.9970703125,,,,,1.12433663242644e-009,1.70497479370427e-009,,,25,4.37792902812362e-005,0.000859231110662222,,
,19869766.053,,300.120931396484,16000.2834765625,90.0001831054688,4.32213804742787e-008,7999.9970703125,8.59119230881333e-007,7999.9970703125,,,,,1.64358771401301e-009,2.66630554972516e-009,,,25,4.32213804742787e-005,0.000859119230881333,,
,19869936.406,,300.069410400391,24000.15703125,90.0001831054688,4.34645492350683e-008,7999.9970703125,8.59839655458927e-007,7999.9970703125,,,,,1.95007124066474e-009,1.87478699630088e-009,,,25,4.34645492350683e-005,0.000859839655458927,,
,19870105.745,,300.040687255859,32000.192734375,90.0001831054688,4.39597987860907e-008,7999.9970703125,8.60931538045406e-007,7999.9970703125,,,,,2.47894527234448e-009,1.65828747150585e-009,,,25,4.39597987860907e-005,0.000860931538045406,,
,19870278.36,,300.023005371094,40000.16625,90.0001831054688,4.42864508659113e-008,7999.9970703125,8.6210398003459e-007,7999.9970703125,,,,,1.75680772607155e-009,1.84448692652625e-009,,,25,4.42864508659113e-005,0.00086210398003459,,
,19870449.992,,300.016468505859,48000.19203125,90.0001831054688,4.35242099047173e-008,7999.9970703125,8.62896041944623e-007,7999.9970703125,,,,,1.43922086718107e-009,2.03442206959208e-009,,,25,4.35242099047173e-005,0.000862896041944623,,
,19870621.5,,300.009458007813,56000.05171875,90.0001831054688,4.38374606892467e-008,7999.9970703125,8.63956557586789e-007,7999.9970703125,,,,,1.39970976224684e-009,1.85221020454149e-009,,,25,4.38374606892467e-005,0.000863956557586789,,
,19870793.881,,300.005480957031,64000.15984375,90.0001831054688,4.3665873381542e-008,7999.9970703125,8.65542134270072e-007,7999.9970703125,,,,,1.91749843678243e-009,2.10058668777846e-009,,,25,4.3665873381542e-005,0.000865542134270072,,
,19870966.371,,300.003272705078,72000.231875,90.0001831054688,4.36793123662937e-008,7999.9970703125,8.65935981273651e-007,7999.9970703125,,,,,1.68897182629822e-009,2.15183902448794e-009,,,25,4.36793123662937e-005,0.000865935981273651,,
,19871139.86,,299.999560546875,79999.9946875,90.0001831054688,4.36927698319778e-008,7999.9970703125,8.67606606334448e-007,7999.9970703125,,,,,1.96422354845459e-009,1.87459227494119e-009,,,25,4.36927698319778e-005,0.000867606606334448,,
,19871312.943,,300.00236328125,88000.2878125,90.0001831054688,4.4417665048968e-008,7999.9970703125,8.69101183488965e-007,7999.9970703125,,,,,2.24228680238109e-009,1.50462017537735e-009,,,25,4.44176650489681e-005,0.000869101183488965,,
,19871470.098,,299.999050292969,85000.1365625,90.0001831054688,4.42849236424081e-008,7999.9970703125,8.68501560762525e-007,7999.9970703125,,,,,2.15270333926693e-009,1.83223915427669e-009,,,25,4.42849236424081e-005,0.000868501560762525,,
,19871641.075,,299.999072265625,77000.251875,90.0001831054688,4.4026873074472e-008,7999.9970703125,8.67566326633096e-007,7999.9970703125,,,,,1.9881039309737e-009,2.23505041352266e-009,,,25,4.4026873074472e-005,0.000867566326633096,,
,19871812.333,,299.999012451172,69000.1259375,90.0001831054688,4.38031040539499e-008,7999.9970703125,8.65977723151446e-007,7999.9970703125,,,,,2.07951504727744e-009,1.7366633819887e-009,,,25,4.38031040539499e-005,0.000865977723151445,,
,19871982.187,,300.000577392578,61000.2640625,90.0001831054688,4.36569885641802e-008,7999.9970703125,8.64371238276362e-007,7999.9970703125,,,,,1.8042562631144e-009,1.62050497562458e-009,,,25,4.36569885641802e-005,0.000864371238276362,,
,19872152.291,,300.000975341797,53000.20171875,90.0001831054688,4.36375428398605e-008,7999.9970703125,8.6384316906333e-007,7999.9970703125,,,,,1.53994045220354e-009,1.81081360189171e-009,,,25,4.36375428398605e-005,0.00086384316906333,,
,19872322.612,,299.999305419922,45000.185625,90.0001831054688,4.3445140181575e-008,7999.9970703125,8.6238737218082e-007,7999.9970703125,,,,,2.23108586094975e-009,1.88151426378422e-009,,,25,4.3445140181575e-005,0.00086238737218082,,
,19872490.641,,299.999710693359,37000.28046875,90.0001831054688,4.42252356151584e-008,7999.9970703125,8.6034388281405e-007,7999.9970703125,,,,,1.66190678713758e-009,2.11190404764643e-009,,,25,4.42252356151585e-005,0.00086034388281405,,
,19872660.526,,299.998930664063,29000.18515625,90.0001831054688,4.34302299981937e-008,7999.9970703125,8.60783876851201e-007,7999.9970703125,,,,,1.78671556001388e-009,1.89450459256195e-009,,,25,4.34302299981937e-005,0.000860783876851201,,
,19872829.943,,299.998244628906,20999.912890625,90.0001831054688,4.35450996155851e-008,7999.9970703125,8.58735851943493e-007,7999.9970703125,,,,,2.09617117264065e-009,2.33400480405237e-009,,,25,4.35450996155851e-005,0.000858735851943493,,
,19872998.128,,299.998940429687,13000.15453125,90.0001831054688,4.39731916412711e-008,7999.9970703125,8.59065540134907e-007,7999.9970703125,,,,,1.4815352883946e-009,2.21044631931499e-009,,,25,4.39731916412711e-005,0.000859065540134907,,
,19873166.687,,299.998044433594,5000.1782421875,90.0001831054688,4.30170483014081e-008,7999.9970703125,8.58534500002861e-007,7999.9970703125,,,,,1.90780985622833e-009,2.09624044512683e-009,,,25,4.30170483014081e-005,0.000858534500002861,,
,19873334.404,,299.999703369141,-3000.17637695312,90.0001831054688,4.38911508535966e-008,7999.9970703125,8.5835698992014e-007,7999.9970703125,,,,,2.19547230108808e-009,1.59860921863906e-009,,,25,4.38911508535966e-005,0.000858356989920139,,
,19873503.384,,299.999079589844,-11000.2185546875,90.0001831054688,4.26560670894105e-008,7999.9970703125,8.59243012964726e-007,7999.9970703125,,,,,2.11980596727429e-009,1.66472492762353e-009,,,25,4.26560670894105e-005,0.000859243012964726,,
,19873672.255,,300.000170898437,-19000.25859375,90.0001831054688,4.24397765891627e-008,7999.9970703125,8.59280312433839e-007,7999.9970703125,,,,,2.15272264325472e-009,2.4149686366682e-009,,,25,4.24397765891627e-005,0.000859280312433839,,
,19873842.468,,299.999462890625,-27000.173828125,90.0001831054688,4.25993686076254e-008,7999.9970703125,8.59990287572146e-007,7999.9970703125,,,,,1.76901344743536e-009,1.75990166770554e-009,,,25,4.25993686076254e-005,0.000859990287572146,,
,19874012.369,,300.001092529297,-35000.1221875,90.0001831054688,4.31259295146447e-008,7999.9970703125,8.6084651760757e-007,7999.9970703125,,,,,1.38411070646292e-009,1.96730985299813e-009,,,25,4.31259295146447e-005,0.00086084651760757,,
,19874182.488,,299.99962890625,-43000.14609375,90.0001831054688,4.26605380198453e-008,7999.9970703125,8.61649010330438e-007,7999.9970703125,,,,,1.51678972284143e-009,1.57273470179843e-009,,,25,4.26605380198453e-005,0.000861649010330439,,
,19874353.387,,300.002358398437,-51000.25859375,90.0001831054688,4.20355641108472e-008,7999.9970703125,8.63106353208423e-007,7999.9970703125,,,,,2.03843354100777e-009,2.45777988892781e-009,,,25,4.20355641108472e-005,0.000863106353208423,,
,19874524.239,,300.000205078125,-59000.26171875,90.0001831054688,4.23950266849715e-008,7999.9970703125,8.6393273435533e-007,7999.9970703125,,,,,1.97964971524117e-009,1.85979219146845e-009,,,25,4.23950266849715e-005,0.00086393273435533,,
,19874696.62,,299.999962158203,-67000.139375,90.0001831054688,4.18863754021004e-008,7999.9970703125,8.65989653393626e-007,7999.9970703125,,,,,1.70695663591088e-009,1.41738207117807e-009,,,25,4.18863754021004e-005,0.000865989653393626,,
,19874867.316,,300.002430419922,-75000.1509375,90.0001831054688,4.18610434280708e-008,7999.9970703125,8.67469338700175e-007,7999.9970703125,,,,,1.93402159038797e-009,1.70759858110581e-009,,,25,4.18610434280708e-005,0.000867469338700175,,
,19875037.638,,300.000002441406,-83000.093125,90.0001831054688,4.18848945992067e-008,7999.9970703125,8.68629841133952e-007,7999.9970703125,,,,,2.28425457907161e-009,1.57844584350383e-009,,,25,4.18848945992067e-005,0.000868629841133952,,
,19875194.575,,299.999710693359,-90000.205,90.0001831054688,4.16506949113682e-008,7999.9970703125,8.70212428271771e-007,7999.9970703125,,,,,2.37686605763355e-009,1.28752467377991e-009,,,25,4.16506949113682e-005,0.00087021242827177,,
,19875364.008,,299.999694824219,-82000.188125,90.0001831054688,4.18520651874133e-008,7999.9970703125,8.68358379229903e-007,7999.9970703125,,,,,1.86708260501383e-009,1.90062965656505e-009,,,25,4.18520651874132e-005,0.000868358379229903,,
,19875534.813,,299.998917236328,-74000.264375,90.0001831054688,4.15851017169189e-008,7999.9970703125,8.66738427430392e-007,7999.9970703125,,,,,1.70958145503126e-009,1.72829742942096e-009,,,25,4.15851017169189e-005,0.000866738427430391,,
,19875705.042,,300.000277099609,-66000.0175,90.0001831054688,4.21340047614649e-008,7999.9970703125,8.64915680140257e-007,7999.9970703125,,,,,1.67602840100623e-009,1.99775815131202e-009,,,25,4.21340047614649e-005,0.000864915680140257,,
,19875876.409,,299.999663085938,-58000.196875,90.0001831054688,4.1919213545043e-008,7999.9970703125,8.64354828372598e-007,7999.9970703125,,,,,1.99477544209928e-009,2.01906615079663e-009,,,25,4.1919213545043e-005,0.000864354828372598,,
,19876047.121,,300.002131347656,-50000.14046875,90.0001831054688,4.21623166766949e-008,7999.9970703125,8.62676715478301e-007,7999.9970703125,,,,,1.87874689074796e-009,2.03763020711465e-009,,,25,4.21623166766949e-005,0.000862676715478301,,
,19876217.614,,299.998386230469,-42000.16890625,90.0001831054688,4.24815465521533e-008,7999.9970703125,8.6212482303381e-007,7999.9970703125,,,,,2.06105102384777e-009,2.45971080115592e-009,,,25,4.24815465521533e-005,0.00086212482303381,,
,19876386.579,,299.999901123047,-34000.1715625,90.0001831054688,4.26784656883683e-008,7999.9970703125,8.6077643558383e-007,7999.9970703125,,,,,2.04972272383989e-009,1.49285451462523e-009,,,25,4.26784656883683e-005,0.00086077643558383,,
,19876554.998,,299.997768554688,-26000.17359375,90.0001831054688,4.28634080162738e-008,7999.9970703125,8.59860582277179e-007,7999.9970703125,,,,,2.04613039969338e-009,2.45819118502526e-009,,,25,4.28634080162738e-005,0.000859860582277179,,
,19876723.962,,299.997785644531,-18000.083125,90.0001831054688,4.31035588553641e-008,7999.9970703125,8.59575653448701e-007,7999.9970703125,,,,,1.8364136521506e-009,1.68191314675328e-009,,,25,4.31035588553641e-005,0.000859575653448701,,
,19876893.052,,299.998720703125,-10000.137578125,90.0001831054688,4.28678875323385e-008,7999.9970703125,8.58425637707114e-007,7999.9970703125,,,,,1.63145883843441e-009,1.82425817194144e-009,,,25,4.28678875323385e-005,0.000858425637707114,,
,19877062.391,,299.999680175781,-2000.21189941406,90.0001831054688,4.28141689917538e-008,7999.9970703125,8.58474848791957e-007,7999.9970703125,,,,,1.92565814419016e-009,1.92470739745996e-009,,,25,4.28141689917538e-005,0.000858474848791957,,
,19877104.09,,299.999672851562,-0.0435291332006454,90.0001831054688,4.3533159623621e-008,7999.9970703125,8.58738878741861e-007,7999.9970703125,,,,,2.21536874462468e-009,1.92503291419554e-009,,,25,4.3533159623621e-005,0.00085873887874186,,
,19877284.411,,299.21189453125,-0.153298246562481,90.0001831054688,4.29886805068236e-008,7999.9970703125,8.56443205848336e-007,7999.9970703125,,,,,1.64856093277614e-009,1.51656581636583e-009,,,25,4.29886805068236e-005,0.000856443205848336,,
,19877418.401,,297.801474609375,-0.150459390878677,90.0001831054688,4.27127291914076e-008,7999.9970703125,8.51710326969624e-007,7999.9970703125,,,,,1.24555809949397e-009,1.56955124420595e-009,,,25,4.27127291914076e-005,0.000851710326969624,,
,19877544.34,,296.395583496094,-0.158975960016251,90.0001831054688,4.23249170125928e-008,7999.9970703125,8.47887294366956e-007,7999.9970703125,,,,,2.74954020970967e-009,1.77009796828336e-009,,,25,4.23249170125928e-005,0.000847887294366956,,
,19877666.786,,294.997144775391,0.121124542057514,90.0001831054688,4.23368657357059e-008,7999.9970703125,8.43764431774616e-007,7999.9970703125,,,,,1.46969511542929e-009,1.36123702054931e-009,,,25,4.23368657357059e-005,0.000843764431774616,,
,19877789.434,,293.594969482422,-0.12680225610733,90.0001831054688,4.18267336499412e-008,7999.9970703125,8.39963750913739e-007,7999.9970703125,,,,,1.92648351371409e-009,1.47125445581072e-009,,,25,4.18267336499412e-005,0.000839963750913739,,
,19877910.506,,292.197528076172,-0.16559995919466,90.0001831054688,4.22503463050816e-008,7999.9970703125,8.35773749276995e-007,7999.9970703125,,,,,1.75507867595313e-009,2.62223538779383e-009,,,25,4.22503463050816e-005,0.000835773749276996,,
,19878032.171,,290.796136474609,-0.189730238318443,90.0001831054688,4.20653754554223e-008,7999.9970703125,8.3174342289567e-007,7999.9970703125,,,,,1.50075214055322e-009,2.11835874067823e-009,,,25,4.20653754554223e-005,0.00083174342289567,,
,19878152.931,,289.402436523437,0.000946285501122475,90.0001831054688,4.12867803242989e-008,7999.9970703125,8.27238671481609e-007,7999.9970703125,,,,,1.77264328493107e-009,2.31333883464541e-009,,,25,4.12867803242989e-005,0.000827238671481609,,
,19878274.581,,287.997425537109,-0.00473142758011818,90.0001831054688,4.1171882476192e-008,7999.9970703125,8.22944259271026e-007,7999.9970703125,,,,,1.69198547288876e-009,1.68651495625583e-009,,,25,4.1171882476192e-005,0.000822944259271026,,
,19878395.061,,286.599318847656,-0.00141942817717791,90.0001831054688,4.12330523249693e-008,7999.9970703125,8.19063084200025e-007,7999.9970703125,,,,,2.30519376630713e-009,1.89886534305458e-009,,,25,4.12330523249693e-005,0.000819063084200025,,
,19878516.024,,285.199449462891,-0.0212914239615202,90.0001831054688,4.09317412413657e-008,7999.9970703125,8.15032701939344e-007,7999.9970703125,,,,,1.7525463686746e-009,1.65954034093104e-009,,,25,4.09317412413657e-005,0.000815032701939344,,
,19878636.472,,283.800172119141,-0.178374812602997,90.0001831054688,4.00889401498716e-008,7999.9970703125,8.11078399419785e-007,7999.9970703125,,,,,1.88883896487182e-009,1.8664789023808e-009,,,25,4.00889401498716e-005,0.000811078399419785,,
,19878757.061,,282.399697265625,-0.193515379428864,90.0001831054688,4.05991189472843e-008,7999.9970703125,8.05920334532857e-007,7999.9970703125,,,,,1.44767391100111e-009,2.53056468568578e-009,,,25,4.05991189472843e-005,0.000805920334532857,,
,19878877.806,,280.99927734375,-0.207709665298462,90.0001831054688,4.00471987086348e-008,7999.9970703125,8.02252450957894e-007,7999.9970703125,,,,,2.30111191268631e-009,1.65105191535729e-009,,,25,4.00471987086348e-005,0.000802252450957894,,
,19878998.363,,279.596717529297,-0.186418238282204,90.0001831054688,4.06020991795231e-008,7999.9970703125,7.98672530800104e-007,7999.9970703125,,,,,1.83595751217301e-009,1.55253691414985e-009,,,25,4.06020991795231e-005,0.000798672530800104,,
,19879117.22,,278.214041748047,-0.200612520575523,90.0001831054688,3.91402949753683e-008,7999.9970703125,7.94445276260376e-007,7999.9970703125,,,,,1.88425477013323e-009,1.48600416626971e-009,,,25,3.91402949753683e-005,0.000794445276260376,,
,19879237.887,,276.812614746094,-0.211967949867249,90.0001831054688,3.96966768312268e-008,7999.9970703125,7.90453646332026e-007,7999.9970703125,,,,,1.98684117289698e-009,2.49838682533106e-009,,,25,3.96966768312268e-005,0.000790453646332026,,
,19879357.836,,275.410416259766,-0.163707389235497,90.0001831054688,3.90716751280706e-008,7999.9970703125,7.86511301994324e-007,7999.9970703125,,,,,1.44639361974694e-009,1.39396614677844e-009,,,25,3.90716751280706e-005,0.000786511301994324,,
,19879477.286,,274.009564208984,-0.181686812639236,90.0001831054688,3.93655446532648e-008,7999.9970703125,7.81405456364155e-007,7999.9970703125,,,,,1.45199404695653e-009,1.75387007403263e-009,,,25,3.93655446532648e-005,0.000781405456364155,,
,19879597.532,,272.610003662109,-0.227108517885208,90.0001831054688,3.95490058872383e-008,7999.9970703125,7.7769729308784e-007,7999.9970703125,,,,,1.56625907243989e-009,1.77390031245644e-009,,,25,3.95490058872383e-005,0.00077769729308784,,
,19879716.405,,271.21380859375,-0.202505095005035,90.0001831054688,3.85585815820377e-008,7999.9970703125,7.73895131424069e-007,7999.9970703125,,,,,1.93386302637868e-009,1.46765826523827e-009,,,25,3.85585815820377e-005,0.000773895131424069,,
,19879835.823,,269.816043701172,0.0984136900305748,90.0001831054688,3.91745957313106e-008,7999.9970703125,7.68895195797086e-007,7999.9970703125,,,,,1.86060987764991e-009,1.94079357039853e-009,,,25,3.91745957313105e-005,0.000768895195797086,,
,19879955.429,,268.411026611328,-0.213860519528389,90.0001831054688,3.74115274462383e-008,7999.9970703125,7.65249654650688e-007,7999.9970703125,,,,,2.18003256519261e-009,1.9987647160903e-009,,,25,3.74115274462383e-005,0.000765249654650688,,
,19880075.067,,267.010843505859,-0.225215948224068,90.0001831054688,3.80737536761444e-008,7999.9970703125,7.61065632104874e-007,7999.9970703125,,,,,2.15436242804657e-009,1.74385881254001e-009,,,25,3.80737536761444e-005,0.000761065632104874,,
,19880193.721,,265.621135253906,-0.250765657424927,90.0001831054688,3.75427507970016e-008,7999.9970703125,7.57226161658764e-007,7999.9970703125,,,,,2.31968520428328e-009,1.48919661009997e-009,,,25,3.75427507970016e-005,0.000757226161658764,,
,19880312.828,,264.224844970703,-0.202978236079216,90.0001831054688,3.79171517852228e-008,7999.9970703125,7.52863176167011e-007,7999.9970703125,,,,,1.40855127322577e-009,2.12137507978005e-009,,,25,3.79171517852228e-005,0.000752863176167011,,
,19880433.26,,262.819057617188,-0.182633095979691,90.0001831054688,3.73503488663118e-008,7999.9970703125,7.48892454430461e-007,7999.9970703125,,,,,1.55485140195952e-009,2.37724230108614e-009,,,25,3.73503488663118e-005,0.000748892454430461,,
,19880552.476,,261.424460449219,-0.180740526020527,90.0001831054688,3.75114676717203e-008,7999.9970703125,7.45774963870645e-007,7999.9970703125,,,,,2.06272610016853e-009,1.62468194772731e-009,,,25,3.75114676717203e-005,0.000745774963870645,,
,19880672.379,,260.029848632813,-0.08989712074399,90.0001831054688,3.73071168723982e-008,7999.9970703125,7.40431938320399e-007,7999.9970703125,,,,,2.02393332032726e-009,2.00563282451197e-009,,,25,3.73071168723982e-005,0.000740431938320398,,
,19880792.266,,258.6294921875,-0.0993599762022495,90.0001831054688,3.70519996795338e-008,7999.9970703125,7.36470175907016e-007,7999.9970703125,,,,,1.72222719619511e-009,2.47226593889699e-009,,,25,3.70519996795338e-005,0.000736470175907016,,
,19880912.215,,257.230120849609,-0.0823268370330334,90.0001831054688,3.60496451321524e-008,7999.9970703125,7.32839610427618e-007,7999.9970703125,,,,,1.38017297019944e-009,1.89950845194281e-009,,,25,3.60496451321524e-005,0.000732839610427618,,
,19881032.445,,255.831305541992,-0.0581965579092503,90.0001831054688,3.6559814325301e-008,7999.9970703125,7.27317575365305e-007,7999.9970703125,,,,,1.76335786314575e-009,2.15093609908138e-009,,,25,3.6559814325301e-005,0.000727317575365305,,
,19881152.347,,254.429152832031,0.154244533479214,90.0001831054688,3.59854956332128e-008,7999.9970703125,7.24470056593418e-007,7999.9970703125,,,,,1.90083598566328e-009,1.74984652528754e-009,,,25,3.59854956332129e-005,0.000724470056593418,,
,19881272.811,,253.028985595703,-0.0212914235144854,90.0001831054688,3.6315137258498e-008,7999.9970703125,7.20241283997893e-007,7999.9970703125,,,,,1.78554625265399e-009,1.57820843462312e-009,,,25,3.6315137258498e-005,0.000720241283997893,,
,19881392.214,,251.638509521484,-0.228054803013802,90.0001831054688,3.54902927938383e-008,7999.9970703125,7.16154240071774e-007,7999.9970703125,,,,,1.7423685791141e-009,1.93285457963175e-009,,,25,3.54902927938383e-005,0.000716154240071774,,
,19881512.21,,250.235529174805,-0.203924521803856,90.0001831054688,3.5784143692581e-008,7999.9970703125,7.11231855675578e-007,7999.9970703125,,,,,1.83765211235762e-009,1.91973384960868e-009,,,25,3.5784143692581e-005,0.000711231855675578,,
,19881632.815,,248.8371484375,-0.173643385767937,90.0001831054688,3.56021632615011e-008,7999.9970703125,7.07523692399263e-007,7999.9970703125,,,,,1.80930722117304e-009,1.73498890554661e-009,,,25,3.56021632615011e-005,0.000707523692399263,,
,19881753.169,,247.436384277344,-0.209602235555649,90.0001831054688,3.47877588501433e-008,7999.9970703125,7.03845312818885e-007,7999.9970703125,,,,,2.69673063647593e-009,2.19942225578722e-009,,,25,3.47877588501433e-005,0.000703845312818885,,
,19881873.29,,246.036872558594,-0.0501531315222383,90.0001831054688,3.55171428236645e-008,7999.9970703125,6.99898488819599e-007,7999.9970703125,,,,,1.63007333937516e-009,1.85642036090012e-009,,,25,3.55171428236645e-005,0.000699898488819599,,
,19881992.849,,244.635889282227,-0.0402171337231994,90.0001831054688,3.48294821742456e-008,7999.9970703125,6.95286402478814e-007,7999.9970703125,,,,,1.80620516689557e-009,1.82067931832087e-009,,,25,3.48294821742456e-005,0.000695286402478814,,
,19882112.923,,243.244779663086,-0.0596159864962101,90.0001831054688,3.48399501672247e-008,7999.9970703125,6.9193173199892e-007,7999.9970703125,,,,,1.94090761956013e-009,2.2999565077953e-009,,,25,3.48399501672247e-005,0.00069193173199892,,
,19882233.84,,241.83524230957,-0.0539382730424404,90.0001831054688,3.44476397731341e-008,7999.9970703125,6.8704362725839e-007,7999.9970703125,,,,,1.66119771732512e-009,2.21735570260035e-009,,,25,3.44476397731341e-005,0.00068704362725839,,
,19882353.071,,240.446650390625,-0.0870582643151283,90.0001831054688,3.40955999126891e-008,7999.9970703125,6.83081806637347e-007,7999.9970703125,,,,,2.0414899037653e-009,2.46816202650093e-009,,,25,3.40955999126891e-005,0.000683081806637347,,
,19882473.442,,239.047405395508,-0.0837462659180164,90.0001831054688,3.31857164565008e-008,7999.9970703125,6.79361710790545e-007,7999.9970703125,,,,,1.36230853950108e-009,1.41553596631658e-009,,,25,3.31857164565008e-005,0.000679361710790545,,
,19882594.062,,237.647647094727,-0.0951016911864281,90.0001831054688,3.41597401711624e-008,7999.9970703125,6.74946454819292e-007,7999.9970703125,,,,,1.56253480024513e-009,2.08541977280009e-009,,,25,3.41597401711624e-005,0.000674946454819292,,
,19882713.792,,236.247971191406,-0.239883369207382,90.0001831054688,3.35929465654772e-008,7999.9970703125,6.70517839025706e-007,7999.9970703125,,,,,1.97838381755057e-009,1.94946000687214e-009,,,25,3.35929465654772e-005,0.000670517839025706,,
,19882834.459,,234.848589477539,0.0823268374800682,90.0001831054688,3.33915759983938e-008,7999.9970703125,6.66224963497371e-007,7999.9970703125,,,,,1.47824614871549e-009,1.77705860299091e-009,,,25,3.33915759983938e-005,0.000666224963497371,,
,19882953.878,,233.456892700195,0.0700251260399818,90.0001831054688,3.33796268387232e-008,7999.9970703125,6.62989595439285e-007,7999.9970703125,,,,,2.02639953029679e-009,1.59506293977147e-009,,,25,3.33796268387232e-005,0.000662989595439285,,
,19883074.467,,232.056137084961,0.102671974003315,90.0001831054688,3.24473916407442e-008,7999.9970703125,6.58826481085271e-007,7999.9970703125,,,,,1.75789572963123e-009,1.88836715252069e-009,,,25,3.24473916407442e-005,0.000658826481085271,,
,19883195.118,,230.654418945313,-0.0837462659180164,90.0001831054688,3.21535406692419e-008,7999.9970703125,6.54746859800071e-007,7999.9970703125,,,,,1.76563881713399e-009,1.86885646767686e-009,,,25,3.21535406692419e-005,0.000654746859800071,,
,19883315.083,,229.254666137695,-0.270164507627487,90.0001831054688,3.22773225343553e-008,7999.9970703125,6.50679206009954e-007,7999.9970703125,,,,,2.18713760466871e-009,2.33287823119569e-009,,,25,3.22773225343553e-005,0.000650679206009954,,
,19883435.64,,227.855278930664,-0.235151945948601,90.0001831054688,3.23608623875771e-008,7999.9970703125,6.46328094881028e-007,7999.9970703125,,,,,1.53391396343692e-009,2.23531614350414e-009,,,25,3.23608623875771e-005,0.000646328094881028,,
,19883555.449,,226.458397827148,-0.222850232720375,90.0001831054688,3.20073134207632e-008,7999.9970703125,6.41657828819007e-007,7999.9970703125,,,,,1.98953367141072e-009,2.00125577887029e-009,,,25,3.20073134207632e-005,0.000641657828819007,,
,19883675.819,,225.059270629883,-0.218118804693222,90.0001831054688,3.1671720862505e-008,7999.9970703125,6.37703544925898e-007,7999.9970703125,,,,,1.70898988347744e-009,1.93005122293672e-009,,,25,3.1671720862505e-005,0.000637703544925898,,
,19883795.675,,223.666704711914,-0.231839947104454,90.0001831054688,3.17477820499334e-008,7999.9970703125,6.33476262446493e-007,7999.9970703125,,,,,1.36897428459715e-009,1.77353896778479e-009,,,25,3.17477820499335e-005,0.000633476262446493,,
,19883915.764,,222.264863891602,-0.246980511546135,90.0001831054688,3.11451692687115e-008,7999.9970703125,6.29542849492282e-007,7999.9970703125,,,,,1.65234687826661e-009,2.11944591355433e-009,,,25,3.11451692687115e-005,0.000629542849492282,,
,19884036.01,,220.865311889648,0.0345394212752581,90.0001831054688,3.16120695788413e-008,7999.9970703125,6.25491559039801e-007,7999.9970703125,,,,,1.38609415702521e-009,1.70802828984372e-009,,,25,3.16120695788413e-005,0.000625491559039801,,
,19884151.544,,219.467788085938,-0.251711938381195,90.0001831054688,3.07782465824857e-008,7999.9970703125,6.21965376194567e-007,7999.9970703125,,,,,2.19384693058784e-009,2.19679063688131e-009,,,25,3.07782465824857e-005,0.000621965376194567,,
,19884269.044,,218.037841186523,-0.237517657279968,90.0001831054688,3.11914093617816e-008,7999.9970703125,6.17360740434378e-007,7999.9970703125,,,,,1.98685846348265e-009,1.50389247135216e-009,,,25,3.11914093617816e-005,0.000617360740434378,,
,19884371.709,,216.641114501953,-0.167492531873286,90.0001831054688,3.06081963208271e-008,7999.9970703125,6.13173765596002e-007,7999.9970703125,,,,,2.63950457525723e-009,1.67904955987873e-009,,,25,3.06081963208271e-005,0.000613173765596002,,
,19884475.153,,215.254518432617,-0.277734789848328,90.0001831054688,3.08781683270354e-008,7999.9970703125,6.09332777094096e-007,7999.9970703125,,,,,2.18143692924141e-009,2.38375693384952e-009,,,25,3.08781683270354e-005,0.000609332777094096,,
,19884580.781,,213.850120849609,-0.132953111231327,90.0001831054688,3.0096574118943e-008,7999.9970703125,6.06012481730431e-007,7999.9970703125,,,,,2.38059414761618e-009,1.44757999256457e-009,,,25,3.0096574118943e-005,0.000606012481730431,,
,19884689.077,,212.458489990234,0.0998331165313721,90.0001831054688,2.94402336294297e-008,7999.9970703125,6.00593367125839e-007,7999.9970703125,,,,,1.59528010485198e-009,2.68049291824276e-009,,,25,2.94402336294297e-005,0.000600593367125839,,
,19884799.604,,211.062809448242,0.182159955501556,90.0001831054688,2.97206642426317e-008,7999.9970703125,5.97038788255304e-007,7999.9970703125,,,,,2.20079261577201e-009,1.455582988857e-009,,,25,2.97206642426318e-005,0.000597038788255304,,
,19884911.831,,209.671633911133,-0.121124543249607,90.0001831054688,2.93120089918375e-008,7999.9970703125,5.93318694736808e-007,7999.9970703125,,,,,2.01033471991355e-009,1.16996152109065e-009,,,25,2.93120089918375e-005,0.000593318694736809,,
,19885026.57,,208.274239501953,-0.0889508356153965,90.0001831054688,2.95804908819264e-008,7999.9970703125,5.88584288489073e-007,7999.9970703125,,,,,1.56854331492507e-009,1.94648851899788e-009,,,25,2.95804908819264e-005,0.000588584288489074,,
,19885142.494,,206.875015258789,-0.123963399529457,90.0001831054688,2.93999910354614e-008,7999.9970703125,5.85387691389769e-007,7999.9970703125,,,,,1.88291324648722e-009,1.55704900540816e-009,,,25,2.93999910354614e-005,0.000585387691389769,,
,19885259.635,,205.474329833984,-0.104564546197653,90.0001831054688,2.9276199566084e-008,7999.9970703125,5.80377343576401e-007,7999.9970703125,,,,,1.4648623889201e-009,2.27915976975642e-009,,,25,2.9276199566084e-005,0.000580377343576401,,
,19885377.119,,204.075086669922,-0.095574834048748,90.0001831054688,2.81813455512747e-008,7999.9970703125,5.7638869388029e-007,7999.9970703125,,,,,1.92926212009255e-009,2.03018012446207e-009,,,25,2.81813455512747e-005,0.00057638869388029,,
,19885496.242,,202.669830322266,-0.111661687493324,90.0001831054688,2.86839991895249e-008,7999.9970703125,5.72247959207743e-007,7999.9970703125,,,,,1.9257795439125e-009,2.27326587442206e-009,,,25,2.86839991895249e-005,0.000572247959207743,,
,19885614.584,,201.282303466797,-0.103618260622025,90.0001831054688,2.80380986077944e-008,7999.9970703125,5.68587507586926e-007,7999.9970703125,,,,,1.65317451221982e-009,1.98150361136691e-009,,,25,2.80380986077944e-005,0.000568587507586926,,
,19885732.162,,199.879388427734,-0.25502394258976,90.0001831054688,2.840952911356e-008,7999.9970703125,5.64160372596234e-007,7999.9970703125,,,,,1.84692344784446e-009,1.57908473714184e-009,,,25,2.840952911356e-005,0.000564160372596234,,
,19885818.68,,199.254135742187,-0.102198831140995,90.0001831054688,2.77338075829903e-008,7999.9970703125,5.62370426487178e-007,7999.9970703125,,,,,1.87409519717886e-009,2.22438247349456e-009,,,25,2.77338075829903e-005,0.000562370426487178,,
,19885861.19,,199.162251586914,2000.20007324219,90.0001831054688,2.7662253996823e-008,7999.9970703125,5.6228689616546e-007,7999.9970703125,,,,,1.62834804701184e-009,1.74199876442806e-009,,,25,2.7662253996823e-005,0.00056228689616546,,
,19886030.545,,199.212993774414,10000.159609375,90.0001831054688,2.80604969884735e-008,7999.9970703125,5.63195270951837e-007,7999.9970703125,,,,,1.76609014037121e-009,1.52807072361874e-009,,,25,2.80604969884735e-005,0.000563195270951837,,
,19886199.744,,199.423314819336,18000.14921875,90.0001831054688,2.79933765705209e-008,7999.9970703125,5.64408001955599e-007,7999.9970703125,,,,,1.84899066252819e-009,1.76843602957256e-009,,,25,2.79933765705209e-005,0.000564408001955599,,
,19886370.674,,199.607967529297,26000.171484375,90.0001831054688,2.81783372338396e-008,7999.9970703125,5.65869777929038e-007,7999.9970703125,,,,,1.41603706273721e-009,2.05863923225533e-009,,,25,2.81783372338396e-005,0.000565869777929038,,
,19886540.232,,199.737280883789,34000.13453125,90.0001831054688,2.80739174195332e-008,7999.9970703125,5.6778947589919e-007,7999.9970703125,,,,,2.102357609875e-009,1.72254404499723e-009,,,25,2.80739174195332e-005,0.00056778947589919,,
,19886712.004,,199.827265625,42000.12890625,90.0001831054688,2.79665450216271e-008,7999.9970703125,5.68999180104584e-007,7999.9970703125,,,,,1.93895969583164e-009,1.83258809063976e-009,,,25,2.79665450216271e-005,0.000568999180104584,,
,19886883.262,,199.884026489258,50000.11828125,90.0001831054688,2.78904841979966e-008,7999.9970703125,5.71141156833619e-007,7999.9970703125,,,,,2.10829758093176e-009,2.41120693255506e-009,,,25,2.78904841979966e-005,0.000571141156833619,,
,19887054.473,,199.921027832031,58000.1678125,90.0001831054688,2.85646689735586e-008,7999.9970703125,5.73676961939782e-007,7999.9970703125,,,,,1.70854101867001e-009,1.92460777098921e-009,,,25,2.85646689735586e-005,0.000573676961939782,,
,19887226.839,,199.94580871582,66000.0371875,90.0001831054688,2.83259894058574e-008,7999.9970703125,5.75444500427693e-007,7999.9970703125,,,,,2.33054384008777e-009,2.22369871649557e-009,,,25,2.83259894058574e-005,0.000575444500427693,,
,19887399.516,,199.960217895508,74000.144375,90.0001831054688,2.84289097908186e-008,7999.9970703125,5.77167344745249e-007,7999.9970703125,,,,,1.36966376217096e-009,1.98940667996557e-009,,,25,2.84289097908186e-005,0.000577167344745249,,
,19887572.724,,199.970455932617,82000.2640625,90.0001831054688,2.90643606422236e-008,7999.9970703125,5.79837325494736e-007,7999.9970703125,,,,,1.64163422636471e-009,1.54385021978506e-009,,,25,2.90643606422236e-005,0.000579837325494736,,
,19887746.572,,199.975569458008,90000.2771875,90.0001831054688,2.89823300408898e-008,7999.9970703125,5.81236507277936e-007,7999.9970703125,,,,,1.47258157311429e-009,1.61552176162372e-009,,,25,2.89823300408898e-005,0.000581236507277936,,
,19887903.493,,199.977502441406,83000.25625,90.0001831054688,2.91866994666634e-008,7999.9970703125,5.79795611556619e-007,7999.9970703125,,,,,1.66514786597016e-009,2.45857148967869e-009,,,25,2.91866994666634e-005,0.000579795611556619,,
,19888073.285,,199.980877075195,75000.0990625,90.0001831054688,2.79903776390711e-008,7999.9970703125,5.76864562463015e-007,7999.9970703125,,,,,1.85181137679993e-009,1.59359562282279e-009,,,25,2.79903776390711e-005,0.000576864562463015,,
,19888243.232,,199.983284912109,67000.15,90.0001831054688,2.87734805897344e-008,7999.9970703125,5.75771189760417e-007,7999.9970703125,,,,,1.12378397819777e-009,1.63835927982839e-009,,,25,2.87734805897344e-005,0.000575771189760417,,
,19888414.147,,199.985062255859,59000.20140625,90.0001831054688,2.85765895387158e-008,7999.9970703125,5.74367546942085e-007,7999.9970703125,,,,,2.00704680640063e-009,2.02900532632776e-009,,,25,2.85765895387158e-005,0.000574367546942085,,
,19888585.14,,199.986477050781,51000.2296875,90.0001831054688,2.87511197529966e-008,7999.9970703125,5.71206796448678e-007,7999.9970703125,,,,,1.90998254654746e-009,2.38123679263724e-009,,,25,2.87511197529966e-005,0.000571206796448678,,
,19888755.025,,199.986930541992,43000.06015625,90.0001831054688,2.82663285179297e-008,7999.9970703125,5.69841943215579e-007,7999.9970703125,,,,,1.89666926695052e-009,1.56446778980874e-009,,,25,2.82663285179297e-005,0.000569841943215579,,
,19888924.582,,199.988307495117,35000.22234375,90.0001831054688,2.87436690268805e-008,7999.9970703125,5.68141543772072e-007,7999.9970703125,,,,,1.78073463900314e-009,1.82117464425501e-009,,,25,2.87436690268805e-005,0.000568141543772072,,
,19889093.703,,199.987736816406,27000.134140625,90.0001831054688,2.77696355624357e-008,7999.9970703125,5.67286822479218e-007,7999.9970703125,,,,,2.21264013968382e-009,1.58465454252788e-009,,,25,2.77696355624357e-005,0.000567286822479218,,
,19889262.34,,199.988590087891,19000.004140625,90.0001831054688,2.85735814395594e-008,7999.9970703125,5.65778778400272e-007,7999.9970703125,,,,,1.72912177246572e-009,1.97528836379791e-009,,,25,2.85735814395593e-005,0.000565778778400272,,
,19889430.54,,199.987500610352,11000.1054296875,90.0001831054688,2.90136504190741e-008,7999.9970703125,5.65331277903169e-007,7999.9970703125,,,,,2.27821507601835e-009,1.64943847534248e-009,,,25,2.90136504190741e-005,0.000565331277903169,,
,19889599.739,,199.989323730469,3000.23606445313,90.0001831054688,2.84557972190669e-008,7999.9970703125,5.64127506222576e-007,7999.9970703125,,,,,2.20208168477322e-009,1.50797528515845e-009,,,25,2.84557972190669e-005,0.000564127506222576,,
,19889766.239,,199.990719604492,-5000.160234375,90.0001831054688,2.82991298445268e-008,7999.9970703125,5.64472132828087e-007,7999.9970703125,,,,,1.7776613195132e-009,1.99377146650374e-009,,,25,2.82991298445268e-005,0.000564472132828087,,
,19889935.235,,199.991876220703,-13000.2221875,90.0001831054688,2.86377497104695e-008,7999.9970703125,5.65651978831738e-007,7999.9970703125,,,,,1.98454279739973e-009,1.87726950912114e-009,,,25,2.86377497104695e-005,0.000565651978831738,,
,19890104.09,,199.992763671875,-21000.23546875,90.0001831054688,2.76607545674779e-008,7999.9970703125,5.66320258658379e-007,7999.9970703125,,,,,1.92128118096744e-009,2.03535720841952e-009,,,25,2.76607545674779e-005,0.000566320258658379,,
,19890275.036,,199.993424682617,-29000.17265625,90.0001831054688,2.77711070521036e-008,7999.9970703125,5.67346464376897e-007,7999.9970703125,,,,,1.84141016309662e-009,1.8236344601959e-009,,,25,2.77711070521036e-005,0.000567346464376897,,
,19890445.701,,199.994510498047,-37000.2053125,90.0001831054688,2.7756177878473e-008,7999.9970703125,5.69733090233058e-007,7999.9970703125,,,,,1.60808788649394e-009,1.83694573535372e-009,,,25,2.7756177878473e-005,0.000569733090233058,,
,19890616.553,,199.994468383789,-45000.0878125,90.0001831054688,2.73459951858968e-008,7999.9970703125,5.70645991247147e-007,7999.9970703125,,,,,1.74447189756975e-009,2.28997201777099e-009,,,25,2.73459951858968e-005,0.000570645991247147,,
,19890786.392,,199.993666381836,-53000.07375,90.0001831054688,2.67941119818715e-008,7999.9970703125,5.72039156686515e-007,7999.9970703125,,,,,1.89897882127172e-009,1.80540300010286e-009,,,25,2.67941119818715e-005,0.000572039156686515,,
,19890956.526,,199.99556640625,-61000.1409375,90.0001831054688,2.69955011754064e-008,7999.9970703125,5.74440655764192e-007,7999.9970703125,,,,,1.72502860618743e-009,1.94422341232298e-009,,,25,2.69955011754064e-005,0.000574440655764192,,
,19891127.581,,199.995366821289,-69000.1084375,90.0001831054688,2.71401541249361e-008,7999.9970703125,5.75905430596322e-007,7999.9970703125,,,,,1.77886404052684e-009,1.91563346368488e-009,,,25,2.71401541249361e-005,0.000575905430596322,,
,19891299.042,,199.994185791016,-77000.18875,90.0001831054688,2.6922373654088e-008,7999.9970703125,5.77968319412321e-007,7999.9970703125,,,,,2.30957668002774e-009,2.08857750921738e-009,,,25,2.6922373654088e-005,0.000577968319412321,,
,19891470.113,,199.994678955078,-85000.1678125,90.0001831054688,2.66210721747484e-008,7999.9970703125,5.79703112598509e-007,7999.9970703125,,,,,1.91898593904718e-009,2.01230662526513e-009,,,25,2.66210721747484e-005,0.000579703112598509,,
,19891627.128,,199.994388427734,-88000.224375,90.0001831054688,2.63182709022658e-008,7999.9970703125,5.81257378216833e-007,7999.9970703125,,,,,1.76837249347234e-009,1.45202041861269e-009,,,25,2.63182709022658e-005,0.000581257378216833,,
,19891797.044,,199.992682495117,-80000.09625,90.0001831054688,2.66210908011999e-008,7999.9970703125,5.77749095391482e-007,7999.9970703125,,,,,2.19978602634276e-009,2.52547157313651e-009,,,25,2.66210908011999e-005,0.000577749095391482,,
,19891967.6,,199.992635498047,-72000.2715625,90.0001831054688,2.63510722288629e-008,7999.9970703125,5.76958532910794e-007,7999.9970703125,,,,,1.70034679673572e-009,2.50545987649284e-009,,,25,2.63510722288629e-005,0.000576958532910794,,
,19892137.547,,199.993891601563,-64000.2090625,90.0001831054688,2.60617289313814e-008,7999.9970703125,5.75125280302018e-007,7999.9970703125,,,,,1.92579976328033e-009,1.69788061655591e-009,,,25,2.60617289313814e-005,0.000575125280302018,,
,19892306.902,,199.993503417969,-56000.19296875,90.0001831054688,2.74146339506842e-008,7999.9970703125,5.73099709581584e-007,7999.9970703125,,,,,1.46223804228114e-009,1.96126370807403e-009,,,25,2.74146339506842e-005,0.000573099709581584,,
,19892475.742,,199.994664306641,-48000.130625,90.0001831054688,2.71505850105314e-008,7999.9970703125,5.71833306457847e-007,7999.9970703125,,,,,1.72515100581148e-009,2.22105311155039e-009,,,25,2.71505850105314e-005,0.000571833306457847,,
,19892646.438,,199.99510925293,-40000.15140625,90.0001831054688,2.79023677285295e-008,7999.9970703125,5.69865813013166e-007,7999.9970703125,,,,,1.87099141784025e-009,1.96404029165317e-009,,,25,2.79023677285295e-005,0.000569865813013166,,
,19892815.699,,199.994599609375,-32000.125,90.0001831054688,2.73758534603985e-008,7999.9970703125,5.67890915554017e-007,7999.9970703125,,,,,2.02013613041913e-009,1.9617265088828e-009,,,25,2.73758534603985e-005,0.000567890915554017,,
,19892984.571,,199.99521484375,-24000.218984375,90.0001831054688,2.77636563259875e-008,7999.9970703125,5.66618551965803e-007,7999.9970703125,,,,,1.74069941636637e-009,1.78263987756116e-009,,,25,2.77636563259875e-005,0.000566618551965803,,
,19893153.972,,199.996970825195,-16000.1887109375,90.0001831054688,2.84722066135146e-008,7999.9970703125,5.66056200768799e-007,7999.9970703125,,,,,2.16371312296894e-009,1.49792502418227e-009,,,25,2.84722066135146e-005,0.000566056200768799,,
,19893322.671,,199.993632202148,-8000.1793359375,90.0001831054688,2.79694974597078e-008,7999.9970703125,5.64671966712922e-007,7999.9970703125,,,,,1.57908445056397e-009,1.9289156165398e-009,,,25,2.79694974597078e-005,0.000564671966712922,,
,19893449.173,,199.995514526367,-2000.24264160156,90.0001831054688,2.86422107456019e-008,7999.9970703125,5.64979293849319e-007,7999.9970703125,,,,,1.51662612706093e-009,1.19091875208828e-009,,,25,2.86422107456019e-005,0.000564979293849319,,
,19893490.607,,199.995703735352,-0.0146674253046513,90.0001831054688,2.82066683575977e-008,7999.9970703125,5.65104547422379e-007,7999.9970703125,,,,,1.97710269074162e-009,2.22498274455719e-009,,,25,2.82066683575977e-005,0.000565104547422379,,
,19893767.664,,198.874071044922,-0.135318822860718,90.0001831054688,2.80351278343005e-008,7999.9970703125,5.61402353923768e-007,7999.9970703125,,,,,1.98039425333473e-009,1.92551974518906e-009,,,25,2.80351278343005e-005,0.000561402353923768,,
,19893885.086,,197.482033691406,0.162761102318764,90.0001831054688,2.76696952641942e-008,7999.9970703125,5.5761065101251e-007,7999.9970703125,,,,,1.9329193060491e-009,2.11627327568806e-009,,,25,2.76696952641942e-005,0.00055761065101251,,
,19894006.954,,196.074232788086,-0.255023940205574,90.0001831054688,2.77189249754883e-008,7999.9970703125,5.52682287525386e-007,7999.9970703125,,,,,2.55908926934694e-009,1.76648984285991e-009,,,25,2.77189249754883e-005,0.000552682287525386,,
,19894129.009,,194.671932983398,-0.240356514453888,90.0001831054688,2.73654040938709e-008,7999.9970703125,5.49657286610454e-007,7999.9970703125,,,,,1.61153821433734e-009,2.07142571013274e-009,,,25,2.73654040938709e-005,0.000549657286610454,,
,19894250.721,,193.264057006836,-0.227581661641598,90.0001831054688,2.67463905765908e-008,7999.9970703125,5.44733421411365e-007,7999.9970703125,,,,,1.5562994757099e-009,1.99048382010917e-009,,,25,2.67463905765908e-005,0.000544733421411365,,
,19894371.763,,191.861260375977,-0.124436541497707,90.0001831054688,2.67463814816438e-008,7999.9970703125,5.40166038554162e-007,7999.9970703125,,,,,1.69866540507987e-009,1.3491936172267e-009,,,25,2.67463814816438e-005,0.000540166038554162,,
,19894493.147,,190.458625488281,-0.125855970680714,90.0001831054688,2.63033698138315e-008,7999.9970703125,5.36723386030644e-007,7999.9970703125,,,,,2.47456079902627e-009,2.1756116067676e-009,,,25,2.63033698138315e-005,0.000536723386030644,,
,19894614.375,,189.054166259766,0.109295971691608,90.0001831054688,2.61109307757579e-008,7999.9970703125,5.32132124062628e-007,7999.9970703125,,,,,1.86681815393201e-009,1.719069059943e-009,,,25,2.61109307757579e-005,0.000532132124062628,,
,19894735.276,,187.64864074707,-0.104091403186321,90.0001831054688,2.60274468018906e-008,7999.9970703125,5.27619931381196e-007,7999.9970703125,,,,,2.1127811032985e-009,1.7044658397711e-009,,,25,2.60274468018906e-005,0.000527619931381196,,
,19894856.286,,186.246676635742,-0.098886833935976,90.0001831054688,2.68194625823526e-008,7999.9970703125,5.24548755493015e-007,7999.9970703125,,,,,2.01008743935051e-009,1.87207346861174e-009,,,25,2.68194625823526e-005,0.000524548755493015,,
,19894977.436,,184.835907592773,-0.272530214190483,90.0001831054688,2.56574695958989e-008,7999.9970703125,5.20060413982719e-007,7999.9970703125,,,,,1.4794158713542e-009,2.28676396746524e-009,,,25,2.56574695958989e-005,0.000520060413982719,,
,19895097.885,,183.437457885742,-0.274422792196274,90.0001831054688,2.58126186963636e-008,7999.9970703125,5.16101631801575e-007,7999.9970703125,,,,,2.06631116554423e-009,1.65604806411453e-009,,,25,2.58126186963636e-005,0.000516101631801575,,
,19895218.24,,182.035857543945,-0.275842220783234,90.0001831054688,2.57857777614845e-008,7999.9970703125,5.11270246934146e-007,7999.9970703125,,,,,1.76884357918874e-009,1.72909079235894e-009,,,25,2.57857777614845e-005,0.000511270246934146,,
,19895339.265,,180.630772705078,-0.2673256534338,90.0001831054688,2.44298743928084e-008,7999.9970703125,5.07842523511499e-007,7999.9970703125,,,,,1.43761995983411e-009,1.89934317519527e-009,,,25,2.44298743928084e-005,0.000507842523511499,,
,19895459.698,,179.226917114258,-0.0733371257781982,90.0001831054688,2.53054107452044e-008,7999.9970703125,5.0347053213045e-007,7999.9970703125,,,,,1.92218326543364e-009,2.11275491080186e-009,,,25,2.53054107452044e-005,0.00050347053213045,,
,19895579.959,,177.822828979492,0.20297823548317,90.0001831054688,2.43299620342441e-008,7999.9970703125,4.99929466750473e-007,7999.9970703125,,,,,1.86403674929133e-009,1.86376618998915e-009,,,25,2.43299620342441e-005,0.000499929466750473,,
,19895701.312,,176.410814208984,-0.00567771434783936,90.0001831054688,2.41091827774653e-008,7999.9970703125,4.95287466328591e-007,7999.9970703125,,,,,1.77945743770371e-009,2.05222368040718e-009,,,25,2.41091827774653e-005,0.000495287466328591,,
,19895822.057,,175.006388549805,-0.118285685777664,90.0001831054688,2.38779258506838e-008,7999.9970703125,4.91269022459164e-007,7999.9970703125,,,,,2.04679567215083e-009,1.93679535452813e-009,,,25,2.38779258506838e-005,0.000491269022459164,,
,19895942.256,,173.605272216797,-0.113554259240627,90.0001831054688,2.38377114146715e-008,7999.9970703125,4.86545022577047e-007,7999.9970703125,,,,,2.48499452099695e-009,1.64845615690807e-009,,,25,2.38377114146715e-005,0.000486545022577047,,
,19896062.876,,172.201533203125,-0.079487981647253,90.0001831054688,2.34603393619182e-008,7999.9970703125,4.82721967855468e-007,7999.9970703125,,,,,1.71939014259287e-009,1.9852504649383e-009,,,25,2.34603393619182e-005,0.000482721967855468,,
,19896183.855,,170.79484375,-0.108822830915451,90.0001831054688,2.27682176046073e-008,7999.9970703125,4.78355983505025e-007,7999.9970703125,,,,,1.83056417973981e-009,2.05081163818942e-009,,,25,2.27682176046073e-005,0.000478355983505025,,
,19896304.553,,169.395596923828,-0.106930260509253,90.0001831054688,2.34916318004252e-008,7999.9970703125,4.74738791817799e-007,7999.9970703125,,,,,1.96316949646123e-009,2.0302683877774e-009,,,25,2.34916318004252e-005,0.000474738791817799,,
,19896425.157,,167.992623291016,-0.0960479767620564,90.0001831054688,2.31769005768001e-008,7999.9970703125,4.70557730877772e-007,7999.9970703125,,,,,1.74297986460122e-009,1.82510484537712e-009,,,25,2.31769005768001e-005,0.000470557730877772,,
,19896546.073,,166.587755737305,-0.12254397124052,90.0001831054688,2.3749692045385e-008,7999.9970703125,4.66133604058996e-007,7999.9970703125,,,,,1.72033887360984e-009,1.54410463806204e-009,,,25,2.3749692045385e-005,0.000466133604058996,,
,19896666.101,,165.183708496094,-0.142415965795517,90.0001831054688,2.27488088421524e-008,7999.9970703125,4.62033111834899e-007,7999.9970703125,,,,,1.49079382833022e-009,1.55711036910002e-009,,,25,2.27488088421524e-005,0.000462033111834899,,
,19896787.204,,163.778101196289,-0.15140567779541,90.0001831054688,2.25206066534156e-008,7999.9970703125,4.58013197639957e-007,7999.9970703125,,,,,2.05116445761042e-009,1.54342270880366e-009,,,25,2.25206066534156e-005,0.000458013197639957,,
,19896907.621,,162.372861328125,-0.17411652982235,90.0001831054688,2.22789563122205e-008,7999.9970703125,4.54625688726082e-007,7999.9970703125,,,,,1.69189357214135e-009,1.8289652960729e-009,,,25,2.22789563122205e-005,0.000454625688726082,,
,19897028.6,,160.957673950195,-0.150932534635067,90.0001831054688,2.20865357550792e-008,7999.9970703125,4.49512401828542e-007,7999.9970703125,,,,,1.66742607482252e-009,1.65201642452832e-009,,,25,2.20865357550792e-005,0.000449512401828542,,
,19897149.08,,159.561536254883,-0.110715399086475,90.0001831054688,2.20567056385335e-008,7999.9970703125,4.45871349656954e-007,7999.9970703125,,,,,2.04047042861831e-009,1.61453673555047e-009,,,25,2.20567056385335e-005,0.000445871349656954,,
,19897269.559,,158.149259033203,0.170331386327744,90.0001831054688,2.1640515915351e-008,7999.9970703125,4.4056560844183e-007,7999.9970703125,,,,,2.01490632059986e-009,1.9092301578178e-009,,,25,2.1640515915351e-005,0.00044056560844183,,
,19897389.415,,156.755821533203,0.12964111238718,90.0001831054688,2.12675957300235e-008,7999.9970703125,4.36284596798942e-007,7999.9970703125,,,,,1.71107008565645e-009,2.38044699757091e-009,,,25,2.12675957300235e-005,0.000436284596798941,,
,19897509.957,,155.351912841797,-0.102198828756809,90.0001831054688,2.09902289498132e-008,7999.9970703125,4.32736021466553e-007,7999.9970703125,,,,,1.89369573714214e-009,1.99894181782048e-009,,,25,2.09902289498132e-005,0.000432736021466553,,
,19897630.998,,153.945377807617,-0.158975960612297,90.0001831054688,2.04472491168417e-008,7999.9970703125,4.28654956631363e-007,7999.9970703125,,,,,2.16251401225862e-009,2.02257564028837e-009,,,25,2.04472491168417e-005,0.000428654956631362,,
,19897750.573,,152.536110839844,-0.166073103547096,90.0001831054688,2.05322229885496e-008,7999.9970703125,4.24447092227638e-007,7999.9970703125,,,,,1.98365357415652e-009,1.65809218748748e-009,,,25,2.05322229885496e-005,0.000424447092227638,,
,19897871.115,,151.115028686523,-0.0189257100224495,90.0001831054688,2.04934893554309e-008,7999.9970703125,4.20160093344748e-007,7999.9970703125,,,,,2.73441109572991e-009,2.00788959318472e-009,,,25,2.04934893554309e-005,0.000420160093344748,,
,19897992.468,,149.703339233398,-0.191622807979584,90.0001831054688,2.03010779659962e-008,7999.9970703125,4.16259528137743e-007,7999.9970703125,,,,,1.88482643935937e-009,2.10407006222941e-009,,,25,2.03010779659962e-005,0.000416259528137743,,
,19898112.511,,148.301998291016,-0.170331386327744,90.0001831054688,2.05143230414251e-008,7999.9970703125,4.1178313549608e-007,7999.9970703125,,,,,1.68984185294966e-009,1.85447986881305e-009,,,25,2.05143230414251e-005,0.00041178313549608,,
,19898232.397,,146.911272583008,-0.190203381180763,90.0001831054688,1.97297392878681e-008,7999.9970703125,4.08225650899112e-007,7999.9970703125,,,,,2.00557023030677e-009,2.66051539130154e-009,,,25,1.97297392878681e-005,0.000408225650899112,,
,19898352.612,,145.499895629883,-0.178374813199043,90.0001831054688,2.03771389351459e-008,7999.9970703125,4.03498695231974e-007,7999.9970703125,,,,,2.28632053551482e-009,1.70630002507989e-009,,,25,2.03771389351459e-005,0.000403498695231974,,
,19898473.809,,144.08528503418,-0.19067652463913,90.0001831054688,1.94195156655042e-008,7999.9970703125,3.99478678591549e-007,7999.9970703125,,,,,2.04823444226426e-009,1.83939149069341e-009,,,25,1.94195156655042e-005,0.000399478678591549,,
,19898593.243,,142.694703369141,-0.186418237686157,90.0001831054688,1.89585482803523e-008,7999.9970703125,3.95303671248257e-007,7999.9970703125,,,,,1.95290731604216e-009,2.22481307562277e-009,,,25,1.89585482803523e-005,0.000395303671248257,,
,19898713.411,,141.273107299805,-0.00141942843794823,90.0001831054688,1.87557245590142e-008,7999.9970703125,3.91432899050414e-007,7999.9970703125,,,,,2.12649600051918e-009,1.9261616077654e-009,,,25,1.87557245590142e-005,0.000391432899050415,,
,19898833.22,,139.879732055664,-0.220484519004822,90.0001831054688,1.94209964683978e-008,7999.9970703125,3.87069904245436e-007,7999.9970703125,,,,,1.60089780845039e-009,1.7609323423466e-009,,,25,1.94209964683978e-005,0.000387069904245436,,
,19898954.339,,138.465640869141,-0.214333663582802,90.0001831054688,1.85409243931645e-008,7999.9970703125,3.83009691722691e-007,7999.9970703125,,,,,1.96241404029441e-009,2.23112270964071e-009,,,25,1.85409243931645e-005,0.000383009691722691,,
,19899073.68,,137.073535766602,-0.204870806932449,90.0001831054688,1.87452844693325e-008,7999.9970703125,3.78223047591746e-007,7999.9970703125,,,,,1.65373299303581e-009,1.78231595270346e-009,,,25,1.87452844693325e-005,0.000378223047591746,,
,19899194.253,,135.659782104492,-0.222850232720375,90.0001831054688,1.81113517464837e-008,7999.9970703125,3.7452528718859e-007,7999.9970703125,,,,,1.66252104531805e-009,1.84842834217711e-009,,,25,1.81113517464837e-005,0.00037452528718859,,
,19899314.779,,134.25503112793,-0.235625085234642,90.0001831054688,1.80725621248712e-008,7999.9970703125,3.70933464728296e-007,7999.9970703125,,,,,1.71476577258282e-009,1.52430102518423e-009,,,25,1.80725621248712e-005,0.000370933464728296,,
,19899434.775,,132.850417480469,-0.245087941884995,90.0001831054688,1.80710813583573e-008,7999.9970703125,3.6554719787091e-007,7999.9970703125,,,,,1.22667249673049e-009,2.37470051571114e-009,,,25,1.80710813583573e-005,0.00036554719787091,,
,19899555.052,,131.442853393555,-0.206290236711502,90.0001831054688,1.73968782110023e-008,7999.9970703125,3.62519188784063e-007,7999.9970703125,,,,,1.66198906990671e-009,1.42270199559445e-009,,,25,1.73968782110023e-005,0.000362519188784063,,
,19899674.892,,130.042966918945,-0.230420519113541,90.0001831054688,1.7365529856761e-008,7999.9970703125,3.57974185608327e-007,7999.9970703125,,,,,2.11711815824947e-009,1.84889226663061e-009,,,25,1.7365529856761e-005,0.000357974185608327,,
,19899794.919,,128.639103393555,-0.254550796151161,90.0001831054688,1.71611696714535e-008,7999.9970703125,3.53696192614734e-007,7999.9970703125,,,,,1.93100473805456e-009,1.69485903090068e-009,,,25,1.71611696714535e-005,0.000353696192614734,,
,19899915.18,,127.235445251465,-0.219538232088089,90.0001831054688,1.68121285969391e-008,7999.9970703125,3.49982040934265e-007,7999.9970703125,,,,,1.57180294833621e-009,1.97580464034359e-009,,,25,1.68121285969391e-005,0.000349982040934265,,
,19900034.942,,125.832687072754,-0.229474228620529,90.0001831054688,1.69075983649236e-008,7999.9970703125,3.44340712763369e-007,7999.9970703125,,,,,2.27583974951506e-009,1.86828951914763e-009,,,25,1.69075983649236e-005,0.000344340712763369,,
,19900154.985,,124.429368286133,0.0979405474662781,90.0001831054688,1.65481172371074e-008,7999.9970703125,3.411188069731e-007,7999.9970703125,,,,,1.69104941004191e-009,2.39899884577223e-009,,,25,1.65481172371074e-005,0.0003411188069731,,
,19900275.074,,123.026499023437,0.0965211202204228,90.0001831054688,1.55457344590104e-008,7999.9970703125,3.37052600225434e-007,7999.9970703125,,,,,2.35611184573527e-009,1.75580933082449e-009,,,25,1.55457344590104e-005,0.000337052600225434,,
,19900394.914,,121.622770690918,-0.196827380955219,90.0001831054688,1.6140896223078e-008,7999.9970703125,3.32437515025958e-007,7999.9970703125,,,,,2.1256291022542e-009,1.63623073885252e-009,,,25,1.6140896223078e-005,0.000332437515025958,,
,19900515.238,,120.21843170166,0.0742834110558033,90.0001831054688,1.52518928371137e-008,7999.9970703125,3.28086422523484e-007,7999.9970703125,,,,,1.94835659436477e-009,1.50262664311894e-009,,,25,1.52518928371137e-005,0.000328086422523484,,
,19900635.172,,118.813131713867,-0.227108520269394,90.0001831054688,1.63213866107981e-008,7999.9970703125,3.24664640938863e-007,7999.9970703125,,,,,2.22207340255119e-009,1.73477256464556e-009,,,25,1.63213866107981e-005,0.000324664640938863,,
,19900755.183,,117.405803833008,-0.229001091122627,90.0001831054688,1.50535303691868e-008,7999.9970703125,3.2018082565628e-007,7999.9970703125,,,,,1.75358014565203e-009,1.57292325656853e-009,,,25,1.50535303691868e-005,0.00032018082565628,,
,19900874.399,,116.009957885742,-0.247453656792641,90.0001831054688,1.57262527500279e-008,7999.9970703125,3.16116114845499e-007,7999.9970703125,,,,,1.9709776862293e-009,1.91090529386957e-009,,,25,1.57262527500279e-005,0.000316116114845499,,
,19900994.863,,114.602248840332,-0.215753094553947,90.0001831054688,1.47611602005782e-008,7999.9970703125,3.12907615443692e-007,7999.9970703125,,,,,1.78237157239021e-009,1.69136937141979e-009,,,25,1.47611602005782e-005,0.000312907615443692,,
,19901114.594,,113.195922851563,-0.199666236042976,90.0001831054688,1.4747721288586e-008,7999.9970703125,3.07807739591226e-007,7999.9970703125,,,,,1.6241345553583e-009,2.13273243234153e-009,,,25,1.4747721288586e-005,0.000307807739591226,,
,19901234.481,,111.787676086426,-0.193988522291183,90.0001831054688,1.46373314419179e-008,7999.9970703125,3.03819127148017e-007,7999.9970703125,,,,,1.8392671137434e-009,2.10053319933028e-009,,,25,1.46373314419179e-005,0.000303819127148017,,
,19901354.196,,110.380031433105,-0.175535955429077,90.0001831054688,1.32590759676532e-008,7999.9970703125,2.98711837967858e-007,7999.9970703125,,,,,1.70063440549115e-009,1.85360533424203e-009,,,25,1.32590759676532e-005,0.000298711837967858,,
,19901471.633,,108.969501953125,0.121597685217857,90.0001831054688,1.36543665939826e-008,7999.9970703125,2.95312361558899e-007,7999.9970703125,,,,,2.14576304318072e-009,1.96698679749888e-009,,,25,1.36543665939826e-005,0.000295312361558899,,
,19901581.754,,107.557012634277,-0.201085665225983,90.0001831054688,1.4371829929587e-008,7999.9970703125,2.92080029612407e-007,7999.9970703125,,,,,1.99730739625877e-009,1.97029986041534e-009,,,25,1.4371829929587e-005,0.000292080029612407,,
,19901686.509,,106.161634216309,-0.109295972846448,90.0001831054688,1.37274289500056e-008,7999.9970703125,2.86768361693248e-007,7999.9970703125,,,,,3.18992199446544e-009,1.88251771013336e-009,,,25,1.37274289500056e-005,0.000286768361693248,,
,19901793.073,,104.751477966309,-0.0321737072244287,90.0001831054688,1.42092953683459e-008,7999.9970703125,2.82978139584884e-007,7999.9970703125,,,,,1.79785554551442e-009,2.17457276300599e-009,,,25,1.42092953683459e-005,0.000282978139584884,,
,19901902.851,,103.348658447266,0.0695519834756851,90.0001831054688,1.31725654136972e-008,7999.9970703125,2.79132736613974e-007,7999.9970703125,,,,,1.83925002150345e-009,1.84691991473578e-009,,,25,1.31725654136972e-005,0.000279132736613974,,
,19902014.064,,101.941616516113,-0.190203382372856,90.0001831054688,1.32486451548175e-008,7999.9970703125,2.74672744562849e-007,7999.9970703125,,,,,1.6784171508195e-009,1.7471976676644e-009,,,25,1.32486451548175e-005,0.000274672744562849,,
,19902126.838,,100.557894897461,-0.187364523410797,90.0001831054688,1.28816946016741e-008,7999.9970703125,2.70655810600147e-007,7999.9970703125,,,,,1.82758264767167e-009,2.18200400685567e-009,,,25,1.28816946016741e-005,0.000270655810600147,,
,19902274.851,,100.063712463379,0.126802256405354,90.0001831054688,1.25594940254814e-008,7999.9970703125,2.69505720352754e-007,7999.9970703125,,,,,1.40930217263075e-009,1.51400400751002e-009,,,25,1.25594940254814e-005,0.000269505720352754,,
,19902315.88,,100.093461303711,2000.12666503906,90.0001831054688,1.33560173708247e-008,7999.9970703125,2.70106917014346e-007,7999.9970703125,,,,,1.75408662683813e-009,1.80715321221633e-009,,,25,1.33560173708247e-005,0.000270106917014346,,
,19902484.517,,100.062669677734,10000.218125,90.0001831054688,1.25430841944763e-008,7999.9970703125,2.7065135887824e-007,7999.9970703125,,,,,1.8598492204467e-009,1.88272633915167e-009,,,25,1.25430841944763e-005,0.00027065135887824,,
,19902654.105,,100.033901977539,18000.204296875,90.0001831054688,1.25520434085047e-008,7999.9970703125,2.71595515077934e-007,7999.9970703125,,,,,2.0633517824018e-009,1.8528514650458e-009,,,25,1.25520434085047e-005,0.000271595515077934,,
,19902823.07,,100.017063598633,26000.05703125,90.0001831054688,1.30233860909357e-008,7999.9970703125,2.74329682579264e-007,7999.9970703125,,,,,1.69868246739236e-009,2.00109030306474e-009,,,25,1.30233860909357e-005,0.000274329682579264,,
,19902992.986,,100.007149047852,34000.21203125,90.0001831054688,1.30920152878389e-008,7999.9970703125,2.7639408945106e-007,7999.9970703125,,,,,1.84333121423612e-009,2.38145335916758e-009,,,25,1.30920152878389e-005,0.00027639408945106,,
,19903164.556,,100.000818786621,42000.1271875,90.0001831054688,1.27340426661249e-008,7999.9970703125,2.79611520236358e-007,7999.9970703125,,,,,2.30342154427254e-009,2.34360341108072e-009,,,25,1.27340426661249e-005,0.000279611520236358,,
,19903335.767,,99.9972821044922,50000.101875,90.0001831054688,1.24416631661006e-008,7999.9970703125,2.82860336592421e-007,7999.9970703125,,,,,2.0945102893932e-009,2.35172332364594e-009,,,25,1.24416631661006e-005,0.000282860336592421,,
,19903506.682,,99.9960943603516,58000.0865625,90.0001831054688,1.25967936037341e-008,7999.9970703125,2.86085190018639e-007,7999.9970703125,,,,,1.53646823476054e-009,1.79874341161144e-009,,,25,1.25967936037341e-005,0.000286085190018639,,
,19903678.345,,99.9949728393555,66000.0609375,90.0001831054688,1.23849548981525e-008,7999.9970703125,2.88929747184739e-007,7999.9970703125,,,,,2.42849128008469e-009,2.55496522811052e-009,,,25,1.23849548981525e-005,0.000288929747184739,,
,19903851.522,,99.9950665283203,74000.1396875,90.0001831054688,1.17689219405293e-008,7999.9970703125,2.90810664882883e-007,7999.9970703125,,,,,1.77010234274622e-009,2.12110932303484e-009,,,25,1.17689219405293e-005,0.000290810664882883,,
,19904024.714,,99.9947717285156,82000.0503125,90.0001831054688,1.32993090664968e-008,7999.9970703125,2.93955033412203e-007,7999.9970703125,,,,,2.20429548021718e-009,1.72435393196001e-009,,,25,1.32993090664968e-005,0.000293955033412203,,
,19904198.078,,99.9953628540039,90000.1121875,90.0001831054688,1.25878714970895e-008,7999.9970703125,2.97129213577136e-007,7999.9970703125,,,,,1.79410646946092e-009,2.83823868493538e-009,,,25,1.25878714970895e-005,0.000297129213577136,,
,19904353.299,,99.991086730957,83000.2453125,90.0001831054688,1.2425234526745e-008,7999.9970703125,2.94873876264319e-007,7999.9970703125,,,,,2.11342305781334e-009,1.38990126656796e-009,,,25,1.2425234526745e-005,0.000294873876264319,,
,19904522.467,,99.9912350463867,75000.10375,90.0001831054688,1.31964352112846e-008,7999.9970703125,2.91965188225731e-007,7999.9970703125,,,,,1.4237783070888e-009,1.60057739166172e-009,,,25,1.31964352112846e-005,0.000291965188225731,,
,19904694.006,,99.9923934936523,67000.013125,90.0001831054688,1.30278562937747e-008,7999.9970703125,2.88643328240141e-007,7999.9970703125,,,,,2.08997635780627e-009,1.35203928979257e-009,,,25,1.30278562937747e-005,0.000288643328240141,,
,19904863.922,,99.9934756469727,59000.09203125,90.0001831054688,1.2777255869878e-008,7999.9970703125,2.85780889680609e-007,7999.9970703125,,,,,1.46414251307088e-009,1.48008957914271e-009,,,25,1.2777255869878e-005,0.000285780889680609,,
,19905035.398,,99.9949450683594,51000.17875,90.0001831054688,1.30084755437565e-008,7999.9970703125,2.83289909129962e-007,7999.9970703125,,,,,2.26723003835607e-009,1.75142495433856e-009,,,25,1.30084755437565e-005,0.000283289909129962,,
,19905204.831,,99.9944952392578,43000.195,90.0001831054688,1.31084438544349e-008,7999.9970703125,2.79717448865995e-007,7999.9970703125,,,,,2.06820218236659e-009,2.31760576273412e-009,,,25,1.31084438544349e-005,0.000279717448865995,,
,19905373.952,,99.9952471923828,35000.203125,90.0001831054688,1.26594624089194e-008,7999.9970703125,2.7720708749257e-007,7999.9970703125,,,,,2.02048991267571e-009,2.02073889626683e-009,,,25,1.26594624089194e-005,0.00027720708749257,,
,19905543.259,,99.995934753418,27000.2634375,90.0001831054688,1.32277555894689e-008,7999.9970703125,2.74589232867584e-007,7999.9970703125,,,,,2.08101843443876e-009,2.38644838424904e-009,,,25,1.32277555894689e-005,0.000274589232867584,,
,19905711.818,,99.9963836669922,19000.21453125,90.0001831054688,1.31725373648806e-008,7999.9970703125,2.72081786533818e-007,7999.9970703125,,,,,1.91102987691421e-009,2.18060738520427e-009,,,25,1.31725373648806e-005,0.000272081786533818,,
,19905881.548,,99.9969888305664,11000.2162109375,90.0001831054688,1.29458439914742e-008,7999.9970703125,2.69987558713183e-007,7999.9970703125,,,,,1.62770596109375e-009,1.78431932614418e-009,,,25,1.29458439914742e-005,0.000269987558713183,,
,19906050.169,,99.9970169067383,3000.1796875,90.0001831054688,1.31143763064756e-008,7999.9970703125,2.69111985107884e-007,7999.9970703125,,,,,1.96097477438281e-009,1.43336494529044e-009,,,25,1.31143763064756e-005,0.000269111985107884,,
,19906217.433,,99.9982974243164,-5000.1962109375,90.0001831054688,1.26191638992168e-008,7999.9970703125,2.70302299177274e-007,7999.9970703125,,,,,2.12438043628102e-009,1.32920274980211e-009,,,25,1.26191638992168e-005,0.000270302299177274,,
,19906385.852,,99.9985137939453,-13000.222578125,90.0001831054688,1.29473248671275e-008,7999.9970703125,2.70499227335677e-007,7999.9970703125,,,,,1.86393797531669e-009,1.56857399826845e-009,,,25,1.29473248671275e-005,0.000270499227335677,,
,19906556.111,,99.9987963867188,-21000.115390625,90.0001831054688,1.19225996786554e-008,7999.9970703125,2.72715793689713e-007,7999.9970703125,,,,,1.94665191974124e-009,1.5551714050114e-009,,,25,1.19225996786554e-005,0.000272715793689713,,
,19906725.326,,99.9986154174805,-28999.99984375,90.0001831054688,1.22462436411297e-008,7999.9970703125,2.74714523693547e-007,7999.9970703125,,,,,1.35916633155064e-009,1.33104968403868e-009,,,25,1.22462436411297e-005,0.000274714523693547,,
,19906896.49,,99.9991619873047,-37000.23578125,90.0001831054688,1.22850611660397e-008,7999.9970703125,2.78263076907024e-007,7999.9970703125,,,,,2.2135066698049e-009,2.02468637746399e-009,,,25,1.22850611660397e-005,0.000278263076907024,,
,19907065.954,,99.9984805297852,-45000.19,90.0001831054688,1.16869283374399e-008,7999.9970703125,2.80921183293685e-007,7999.9970703125,,,,,1.95983814382302e-009,2.45765187292841e-009,,,25,1.16869283374399e-005,0.000280921183293685,,
,19907237.243,,99.9988507080078,-53000.22921875,90.0001831054688,1.20090821292251e-008,7999.9970703125,2.84651726251468e-007,7999.9970703125,,,,,1.4687777142159e-009,2.48622563543216e-009,,,25,1.20090821292251e-005,0.000284651726251468,,
,19907407.003,,99.9989916992187,-61000.1028125,90.0001831054688,1.11797486169962e-008,7999.9970703125,2.87722976645455e-007,7999.9970703125,,,,,1.72629894784146e-009,1.83284130658043e-009,,,25,1.11797486169962e-005,0.000287722976645455,,
,19907576.842,,99.9990258789063,-69000.170625,90.0001831054688,1.00863755505998e-008,7999.9970703125,2.89878429612145e-007,7999.9970703125,,,,,2.65089295563679e-009,2.12143006714561e-009,,,25,1.00863755505998e-005,0.000289878429612145,,
,19907748.271,,99.9991067504883,-77000.2184375,90.0001831054688,1.00923546960985e-008,7999.9970703125,2.92867630487308e-007,7999.9970703125,,,,,2.36180031022711e-009,2.07975678006374e-009,,,25,1.00923546960985e-005,0.000292867630487308,,
,19907920.293,,99.9990264892578,-85000.1275,90.0001831054688,1.09008266736055e-008,7999.9970703125,2.95084168901667e-007,7999.9970703125,,,,,1.89837444938806e-009,1.90614377104949e-009,,,25,1.09008266736055e-005,0.000295084168901667,,
,19908075.889,,99.9968408203125,-88000.1815625,90.0001831054688,1.01460733640124e-008,7999.9970703125,2.96001540264115e-007,7999.9970703125,,,,,1.58692520637347e-009,2.05896536677288e-009,,,25,1.01460733640124e-005,0.000296001540264115,,
,19908246.476,,99.9950842285156,-80000.0615625,90.0001831054688,1.0490578970348e-008,7999.9970703125,2.93941575801e-007,7999.9970703125,,,,,2.65205447440183e-009,1.82623461125157e-009,,,25,1.0490578970348e-005,0.000293941575801,,
,19908415.456,,99.9956219482422,-72000.018125,90.0001831054688,1.09903267002665e-008,7999.9970703125,2.90594346588478e-007,7999.9970703125,,,,,1.8567579427802e-009,2.1150844309445e-009,,,25,1.09903267002665e-005,0.000290594346588478,,
,19908586.433,,99.9961315917969,-64000.18234375,90.0001831054688,1.07606067467714e-008,7999.9970703125,2.87652903934941e-007,7999.9970703125,,,,,1.88810865213791e-009,2.88843686630014e-009,,,25,1.07606067467714e-005,0.000287652903934941,,
,19908757.176,,99.9978619384766,-56000.04578125,90.0001831054688,1.10201477764349e-008,7999.9970703125,2.85087305819616e-007,7999.9970703125,,,,,2.11585211749242e-009,1.89644103053202e-009,,,25,1.10201477764349e-005,0.000285087305819616,,
,19908928.434,,99.9978164672852,-48000.28890625,90.0001831054688,1.12946271474357e-008,7999.9970703125,2.81716216122732e-007,7999.9970703125,,,,,1.70623736304853e-009,2.01717204922515e-009,,,25,1.12946271474357e-005,0.000281716216122732,,
,19909096.915,,99.9988244628906,-40000.21046875,90.0001831054688,1.16854102998332e-008,7999.9970703125,2.79868136858568e-007,7999.9970703125,,,,,1.95322633964763e-009,2.38274126802008e-009,,,25,1.16854102998332e-005,0.000279868136858568,,
,19909266.161,,99.9990591430664,-32000.15,90.0001831054688,1.22417547026998e-008,7999.9970703125,2.77274161344394e-007,7999.9970703125,,,,,1.79724041684287e-009,2.03112787461053e-009,,,25,1.22417547026998e-005,0.000277274161344394,,
,19909435.796,,99.9990570068359,-24000.130078125,90.0001831054688,1.24446340487339e-008,7999.9970703125,2.73384008323774e-007,7999.9970703125,,,,,1.67830657258413e-009,2.27422652930241e-009,,,25,1.24446340487339e-005,0.000273384008323774,,
,19909604.465,,99.9987228393555,-16000.1433203125,90.0001831054688,1.29786267643794e-008,7999.9970703125,2.72038545226678e-007,7999.9970703125,,,,,1.99791669813555e-009,2.23121357410945e-009,,,25,1.29786267643794e-005,0.000272038545226678,,
,19909774.116,,99.9988595581055,-8000.1879296875,90.0001831054688,1.30025149337598e-008,7999.9970703125,2.6929841726087e-007,7999.9970703125,,,,,1.87456130200663e-009,1.65928305365257e-009,,,25,1.30025149337598e-005,0.00026929841726087,,
,19909899.385,,99.9989788818359,-2000.0873828125,90.0001831054688,1.23491640988505e-008,7999.9970703125,2.69474446540698e-007,7999.9970703125,,,,,1.89136986502976e-009,2.43205298341407e-009,,,25,1.23491640988505e-005,0.000269474446540698,,
,19909940.74,,100.000260925293,-0.130587397217751,90.0001831054688,1.25729331557523e-008,7999.9970703125,2.69754877081141e-007,7999.9970703125,,,,,1.67212201331148e-009,1.74578619328083e-009,,,25,1.25729331557523e-005,0.000269754877081141,,
,19910197.721,,98.8674295043945,-0.142889108657837,90.0001831054688,1.27280448577949e-008,7999.9970703125,2.65284454217181e-007,7999.9970703125,,,,,2.40860225511103e-009,1.93767107908119e-009,,,25,1.27280448577949e-005,0.000265284454217181,,
,19910319.121,,97.4545709228516,-0.18074052631855,90.0001831054688,1.27967113803607e-008,7999.9970703125,2.6161803281866e-007,7999.9970703125,,,,,1.76029173108081e-009,2.16541992384653e-009,,,25,1.27967113803606e-005,0.00026161803281866,,
,19910439.117,,96.0610479736328,-0.152825106196105,90.0001831054688,1.22029929843848e-008,7999.9970703125,2.57656279718503e-007,7999.9970703125,,,,,2.16844120969978e-009,1.82412287779316e-009,,,25,1.22029929843848e-005,0.000257656279718503,,
,19910559.362,,94.6599755859375,-0.170804526209831,90.0001831054688,1.19882114086067e-008,7999.9970703125,2.53358905902132e-007,7999.9970703125,,,,,1.59185350097814e-009,1.87250650627026e-009,,,25,1.19882114086067e-005,0.000253358905902132,,
,19910679.249,,93.2536822509766,-0.127275398895144,90.0001831054688,1.18778215255588e-008,7999.9970703125,2.49361334135756e-007,7999.9970703125,,,,,1.79672435326406e-009,1.93727277777076e-009,,,25,1.18778215255588e-005,0.000249361334135756,,
,19910798.637,,91.8586499023438,0.191149669624865,90.0001831054688,1.15690694292425e-008,7999.9970703125,2.45844089076854e-007,7999.9970703125,,,,,1.9669071808053e-009,1.77885610545192e-009,,,25,1.15690694292425e-005,0.000245844089076854,,
,19910917.697,,90.4610635375977,-0.0747565537691116,90.0001831054688,1.12170573993353e-008,7999.9970703125,2.40805343491957e-007,7999.9970703125,,,,,2.17513092925713e-009,1.97382280138259e-009,,,25,1.12170573993353e-005,0.000240805343491957,,
,19911037.708,,89.0510916137695,0.11213483016938,90.0001831054688,1.0523408127483e-008,7999.9970703125,2.37122511607595e-007,7999.9970703125,,,,,1.77259399122334e-009,2.03540125988043e-009,,,25,1.0523408127483e-005,0.000237122511607595,,
,19911156.612,,87.6538781738281,-0.078068553507328,90.0001831054688,1.07695473161584e-008,7999.9970703125,2.32699884218164e-007,7999.9970703125,,,,,1.68454970417588e-009,2.69337725269646e-009,,,25,1.07695473161584e-005,0.000232699884218164,,
,19911275.579,,86.2577447509766,0.205343948602676,90.0001831054688,1.16764602535113e-008,7999.9970703125,2.28450212744065e-007,7999.9970703125,,,,,2.03907681434969e-009,1.96817427979751e-009,,,25,1.16764602535113e-005,0.000228450212744065,,
,19911394.748,,84.8615979003906,0.21244108915329,90.0001831054688,1.10723577927274e-008,7999.9970703125,2.24248299491592e-007,7999.9970703125,,,,,2.10311073540167e-009,1.93145059879759e-009,,,25,1.10723577927274e-005,0.000224248299491592,,
,19911514.728,,83.4530422973633,0.264959936738014,90.0001831054688,1.01609652665502e-008,7999.9970703125,2.21602167002857e-007,7999.9970703125,,,,,1.9706608208184e-009,2.26977774742998e-009,,,25,1.01609652665502e-005,0.000221602167002857,,
,19911633.991,,82.051003112793,-0.0766491249203682,90.0001831054688,9.53297427258803e-009,7999.9970703125,2.16448532883078e-007,7999.9970703125,,,,,2.25659346188382e-009,1.65075325533976e-009,,,25,9.53297427258804e-006,0.000216448532883078,,
,19911752.583,,80.6665472412109,-0.099359976798296,90.0001831054688,9.72989313595462e-009,7999.9970703125,2.13229649234563e-007,7999.9970703125,,,,,1.53412804870476e-009,2.24210221767665e-009,,,25,9.72989313595463e-006,0.000213229649234563,,
,19911872.22,,79.2566387939453,-0.0969942620396614,90.0001831054688,9.46433574426919e-009,7999.9970703125,2.10289659444243e-007,7999.9970703125,,,,,2.1091393277435e-009,1.54652518010154e-009,,,25,9.46433574426919e-006,0.000210289659444243,,
,19911991.202,,77.8546401977539,-0.241302801370621,90.0001831054688,9.08697304112138e-009,7999.9970703125,2.05814728979021e-007,7999.9970703125,,,,,2.29298675854413e-009,2.05980743156569e-009,,,25,9.08697304112138e-006,0.000205814728979021,,
,19912109.653,,76.4643078613281,-0.164180529117584,90.0001831054688,9.66574356425553e-009,7999.9970703125,2.01891784090549e-007,7999.9970703125,,,,,2.5294695629205e-009,2.62605213051684e-009,,,25,9.66574356425554e-006,0.000201891784090549,,
,19912228.635,,75.0523168945312,-0.16276110291481,90.0001831054688,9.20483193112887e-009,7999.9970703125,1.96627809200436e-007,7999.9970703125,,,,,2.10765195389923e-009,2.69279998042993e-009,,,25,9.20483193112887e-006,0.000196627809200436,,
,19912348.039,,73.6421890258789,0.140523395836353,90.0001831054688,8.98858801519964e-009,7999.9970703125,1.93768360186368e-007,7999.9970703125,,,,,1.99099154557544e-009,1.79211029434093e-009,,,25,8.98858801519964e-006,0.000193768360186368,,
,19912465.788,,72.2555676269531,-0.195407953262329,90.0001831054688,8.28750680739177e-009,7999.9970703125,1.89670876134187e-007,7999.9970703125,,,,,1.71943612644381e-009,2.29139115615939e-009,,,25,8.28750680739176e-006,0.000189670876134187,,
,19912585.004,,70.8453594970703,0.130587397813797,90.0001831054688,7.45809868476499e-009,7999.9970703125,1.86199846211821e-007,7999.9970703125,,,,,2.29073576297508e-009,1.44656530746021e-009,,,25,7.45809868476499e-006,0.000186199846211821,,
,19912703.05,,69.4677743530273,-0.0880045491456986,90.0001831054688,7.44022663639044e-009,7999.9970703125,1.82473810855299e-007,7999.9970703125,,,,,1.9518658684204e-009,1.94419538120603e-009,,,25,7.44022663639043e-006,0.000182473810855299,,
,19912822.406,,68.0502401733398,-0.185471951961517,90.0001831054688,7.75347693888762e-009,7999.9970703125,1.78998291958123e-007,7999.9970703125,,,,,2.0853908893903e-009,2.30619444620612e-009,,,25,7.75347693888762e-006,0.000178998291958123,,
,19912940.53,,66.6569320678711,-0.197773665785789,90.0001831054688,7.52977324737003e-009,7999.9970703125,1.75677931401879e-007,7999.9970703125,,,,,1.67806182737457e-009,2.38215515739021e-009,,,25,7.52977324737003e-006,0.000175677931401879,,
,19913059.778,,65.2533926391602,0.0520457015931606,90.0001831054688,7.18813609637436e-009,7999.9970703125,1.7178178706672e-007,7999.9970703125,,,,,1.78812442501424e-009,1.5897514847524e-009,,,25,7.18813609637436e-006,0.00017178178706672,,
,19913178.619,,63.8478819274902,-0.162287959754467,90.0001831054688,7.00167589457124e-009,7999.9970703125,1.6764699248597e-007,7999.9970703125,,,,,2.37800890586248e-009,2.18156559587504e-009,,,25,7.00167589457124e-006,0.00016764699248597,,
,19913296.275,,62.4547515869141,0.0193988537788391,90.0001831054688,7.21647623095123e-009,7999.9970703125,1.64295310969464e-007,7999.9970703125,,,,,2.2679559862392e-009,1.60273918872316e-009,,,25,7.21647623095123e-006,0.000164295310969464,,
,19913415.772,,61.0453947448731,-0.14856682062149,90.0001831054688,7.68784662795952e-009,7999.9970703125,1.6097495041322e-007,7999.9970703125,,,,,2.19774090371748e-009,2.1808564596794e-009,,,25,7.68784662795952e-006,0.00016097495041322,,
,19913534.052,,59.6547853088379,-0.172697100043297,90.0001831054688,6.62279510834196e-009,7999.9970703125,1.57180239330046e-007,7999.9970703125,,,,,1.58028482093564e-009,1.92589590224653e-009,,,25,6.62279510834196e-006,0.000157180239330046,,
,19913652.035,,58.2593995666504,-0.0359588491916657,90.0001831054688,5.97697868215619e-009,7999.9970703125,1.54128369758837e-007,7999.9970703125,,,,,1.43728980326254e-009,2.14659690511398e-009,,,25,5.97697868215619e-006,0.000154128369758837,,
,19913771.111,,56.8523114013672,-0.15519081890583,90.0001831054688,6.37972920230823e-009,7999.9970703125,1.50915381382219e-007,7999.9970703125,,,,,1.9020826511461e-009,1.86827417324252e-009,,,25,6.37972920230823e-006,0.000150915381382219,,
,19913889.297,,55.4505973815918,-0.15140567868948,90.0001831054688,6.52438236102171e-009,7999.9970703125,1.47313146735542e-007,7999.9970703125,,,,,1.96818766861833e-009,1.74500547451974e-009,,,25,6.52438236102171e-006,0.000147313146735542,,
,19914007.281,,54.0452774047852,-0.159922246932983,90.0001831054688,5.72635039588931e-009,7999.9970703125,1.44228438730352e-007,7999.9970703125,,,,,2.01289008197111e-009,1.71780827116565e-009,,,25,5.72635039588931e-006,0.000144228438730352,,
,19914118.182,,52.6371711730957,-0.16701938688755,90.0001831054688,6.1082020692993e-009,7999.9970703125,1.41263079713099e-007,7999.9970703125,,,,,1.91322374078121e-009,1.7505206428603e-009,,,25,6.1082020692993e-006,0.000141263079713099,,
,19914229.286,,51.2400276184082,-0.0771222677826881,90.0001831054688,5.89048666370218e-009,7999.9970703125,1.37766727129929e-007,7999.9970703125,,,,,2.2700667872974e-009,2.48728246161366e-009,,,25,5.89048666370218e-006,0.000137766727129929,,
,19914441.322,,50.0287857055664,-0.161814817786217,90.0001831054688,5.13268788836285e-009,7999.9970703125,1.35047470103018e-007,7999.9970703125,,,,,2.0064233357845e-009,1.81919192217291e-009,,,25,5.13268788836285e-006,0.000135047470103018,,
,19914482.569,,50.0174960327148,2000.16836914062,90.0001831054688,5.20725891917095e-009,7999.9970703125,1.35676978970878e-007,7999.9970703125,,,,,2.41059400665603e-009,1.90133930246997e-009,,,25,5.20725891917095e-006,0.000135676978970878,,
,19914651.066,,50.0038809204102,10000.1403515625,90.0001831054688,5.17148686867586e-009,7999.9970703125,1.37920339475386e-007,7999.9970703125,,,,,2.0583896261535e-009,1.41908156592723e-009,,,25,5.17148686867586e-006,0.000137920339475386,,
,19914820.077,,50.001290435791,18000.23046875,90.0001831054688,6.02022932071122e-009,7999.9970703125,1.40624713967554e-007,7999.9970703125,,,,,1.9178576165273e-009,1.82728828470287e-009,,,25,6.02022932071122e-006,0.000140624713967554,,
,19914991.429,,50.000198059082,26000.13484375,90.0001831054688,5.36089927436478e-009,7999.9970703125,1.4412849850487e-007,7999.9970703125,,,,,2.11705878013135e-009,1.67514984069212e-009,,,25,5.36089927436478e-006,0.00014412849850487,,
,19915162.562,,50.0000198364258,34000.03859375,90.0001831054688,5.60405836040445e-009,7999.9970703125,1.47624906967394e-007,7999.9970703125,,,,,2.23093915978687e-009,1.86075063873458e-009,,,25,5.60405836040445e-006,0.000147624906967394,,
,19915332.166,,49.9999575805664,42000.12515625,90.0001831054688,5.32066614312044e-009,7999.9970703125,1.5169256075751e-007,7999.9970703125,,,,,2.3530992823338e-009,1.77913959818258e-009,,,25,5.32066614312043e-006,0.00015169256075751,,
,19915502.784,,49.9996353149414,50000.26015625,90.0001831054688,5.28630961525778e-009,7999.9970703125,1.54050809214823e-007,7999.9970703125,,,,,1.59972298836981e-009,2.08142275132488e-009,,,25,5.28630961525778e-006,0.000154050809214823,,
,19915673.902,,49.9998022460938,58000.19609375,90.0001831054688,4.78963509522146e-009,7999.9970703125,1.58164712483995e-007,7999.9970703125,,,,,2.51331434250195e-009,1.79409090968138e-009,,,25,4.78963509522146e-006,0.000158164712483995,,
,19915846.486,,49.9997425842285,66000.0590625,90.0001831054688,5.85912905989971e-009,7999.9970703125,1.61125610466115e-007,7999.9970703125,,,,,1.96371776231452e-009,1.45624911125277e-009,,,25,5.85912905989972e-006,0.000161125610466115,,
,19916018.555,,49.9999845886231,74000.134375,90.0001831054688,6.63775228531449e-009,7999.9970703125,1.62471054936759e-007,7999.9970703125,,,,,1.49050777965345e-009,2.16741885526526e-009,,,25,6.63775228531449e-006,0.000162471054936759,,
,19916191.825,,50.0002436828613,82000.116875,90.0001831054688,5.41159119165968e-009,7999.9970703125,1.6503510705661e-007,7999.9970703125,,,,,2.63354101701845e-009,2.17883661945599e-009,,,25,5.41159119165968e-006,0.00016503510705661,,
,19916364.862,,50.000020904541,90000.2771875,90.0001831054688,5.47579659809117e-009,7999.9970703125,1.66092670406215e-007,7999.9970703125,,,,,2.15705742479657e-009,1.34416653767828e-009,,,25,5.47579659809117e-006,0.000166092670406215,,
,19916521.689,,49.9972309875488,83000.17125,90.0001831054688,5.51305880890141e-009,7999.9970703125,1.65406565065496e-007,7999.9970703125,,,,,2.09804381629262e-009,1.58936788246045e-009,,,25,5.51305880890141e-006,0.000165406565065496,,
,19916693.197,,49.997512512207,75000.114375,90.0001831054688,5.2744072763744e-009,7999.9970703125,1.63297436083667e-007,7999.9970703125,,,,,1.72322457901933e-009,2.2376854073131e-009,,,25,5.2744072763744e-006,0.000163297436083667,,
,19916863.316,,49.9982118225098,67000.135625,90.0001831054688,5.26094970609847e-009,7999.9970703125,1.6096746257972e-007,7999.9970703125,,,,,2.01811999455102e-009,1.65737201527825e-009,,,25,5.26094970609847e-006,0.00016096746257972,,
,19917034.605,,49.9987434387207,59000.19875,90.0001831054688,6.39165015854815e-009,7999.9970703125,1.58045372809283e-007,7999.9970703125,,,,,1.94060163989671e-009,2.27912319233029e-009,,,25,6.39165015854815e-006,0.000158045372809283,,
,19917204.007,,49.9988870239258,51000.14046875,90.0001831054688,5.35641030182887e-009,7999.9970703125,1.5501291200053e-007,7999.9970703125,,,,,1.63190588451807e-009,1.46877159183855e-009,,,25,5.35641030182887e-006,0.000155012912000529,,
,19917373.736,,49.9989611816406,43000.0959375,90.0001831054688,5.5578088722541e-009,7999.9970703125,1.51318178395741e-007,7999.9970703125,,,,,1.68000087357271e-009,2.5153365390835e-009,,,25,5.5578088722541e-006,0.000151318178395741,,
,19917543.668,,49.9990580749512,35000.22625,90.0001831054688,5.64431949442223e-009,7999.9970703125,1.47454800899141e-007,7999.9970703125,,,,,2.28504251255523e-009,1.77083857509923e-009,,,25,5.64431949442223e-006,0.000147454800899141,,
,19917713.818,,49.9998863220215,27000.1228125,90.0001831054688,6.13208116192254e-009,7999.9970703125,1.44483509357087e-007,7999.9970703125,,,,,2.10084975711102e-009,1.52374922273082e-009,,,25,6.13208116192254e-006,0.000144483509357087,,
,19917883.063,,49.9998492431641,19000.227421875,90.0001831054688,4.85224800286232e-009,7999.9970703125,1.41230259905569e-007,7999.9970703125,,,,,1.2448035719166e-009,1.969622197172e-009,,,25,4.85224800286232e-006,0.000141230259905569,,
,19918052.558,,49.9997773742676,11000.1259765625,90.0001831054688,5.76363121126633e-009,7999.9970703125,1.37541496078484e-007,7999.9970703125,,,,,2.0288198287902e-009,1.87332365295256e-009,,,25,5.76363121126633e-006,0.000137541496078484,,
,19918221.414,,50.0003509521484,3000.04944335937,90.0001831054688,5.62940893360064e-009,7999.9970703125,1.35305558214895e-007,7999.9970703125,,,,,2.23896236142561e-009,2.09306998455242e-009,,,25,5.62940893360064e-006,0.000135305558214895,,
,19918388.631,,50.0002729797363,-5000.0512890625,90.0001831054688,5.64578160265228e-009,7999.9970703125,1.36850864510052e-007,7999.9970703125,,,,,1.52566679906046e-009,2.17697136601593e-009,,,25,5.64578160265228e-006,0.000136850864510052,,
,19918558.641,,50.0006381225586,-13000.227734375,90.0001831054688,4.68815824262947e-009,7999.9970703125,1.37778638745658e-007,7999.9970703125,,,,,2.24048452557669e-009,1.84893872485962e-009,,,25,4.68815824262947e-006,0.000137778638745658,,
,19918728.838,,50.0003433227539,-21000.09515625,90.0001831054688,4.82242699035851e-009,7999.9970703125,1.41688219155185e-007,7999.9970703125,,,,,1.16595243707604e-009,1.59174439961861e-009,,,25,4.82242699035851e-006,0.000141688219155185,,
,19918899.379,,50.0004270935059,-29000.22953125,90.0001831054688,4.26755419084657e-009,7999.9970703125,1.45724561880343e-007,7999.9970703125,,,,,2.1179680888067e-009,1.67056410229777e-009,,,25,4.26755419084657e-006,0.000145724561880343,,
,19919069.638,,50.000016784668,-37000.27578125,90.0001831054688,4.58375694194047e-009,7999.9970703125,1.49798176134937e-007,7999.9970703125,,,,,2.19199843816859e-009,2.40537637379239e-009,,,25,4.58375694194046e-006,0.000149798176134937,,
,19919239.882,,50.0004133605957,-45000.27375,90.0001831054688,4.04677480673854e-009,7999.9970703125,1.53055886621587e-007,7999.9970703125,,,,,2.08283062478235e-009,1.74162957691114e-009,,,25,4.04677480673854e-006,0.000153055886621587,,
,19919412.684,,50.0001725769043,-53000.08359375,90.0001831054688,4.22875523781841e-009,7999.9970703125,1.56579089234583e-007,7999.9970703125,,,,,1.94437798489545e-009,2.11635266491428e-009,,,25,4.2287552378184e-006,0.000156579089234583,,
,19919582.647,,50.0005487060547,-61000.11375,90.0001831054688,3.50980192706629e-009,7999.9970703125,1.59177535097115e-007,7999.9970703125,,,,,1.7009263113318e-009,2.1920234149424e-009,,,25,3.50980192706629e-006,0.000159177535097115,,
,19919753.156,,50.0003665161133,-69000.2628125,90.0001831054688,3.43222276342203e-009,7999.9970703125,1.62684327806346e-007,7999.9970703125,,,,,1.72467240084672e-009,2.28193441066884e-009,,,25,3.43222276342203e-006,0.000162684327806346,,
,19919924.492,,50.0005755615234,-77000.2209375,90.0001831054688,2.55962911964502e-009,7999.9970703125,1.63451020489447e-007,7999.9970703125,,,,,2.43643169779928e-009,1.75858111477751e-009,,,25,2.55962911964502e-006,0.000163451020489447,,
,19920096.749,,50.0008654785156,-85000.11,90.0001831054688,2.63124783941748e-009,7999.9970703125,1.66567039559595e-007,7999.9970703125,,,,,2.05403748346638e-009,1.87814874853314e-009,,,25,2.63124783941748e-006,0.000166567039559595,,
,19920255.152,,49.9983987426758,-88000.210625,90.0001831054688,2.24340775218934e-009,7999.9970703125,1.67348652030341e-007,7999.9970703125,,,,,2.3149268873574e-009,1.64585716125502e-009,,,25,2.24340775218934e-006,0.000167348652030341,,
,19920425.349,,49.9980187988281,-80000.2415625,90.0001831054688,3.57097123426797e-009,7999.9970703125,1.64742764900438e-007,7999.9970703125,,,,,1.83312015584087e-009,1.56396200928059e-009,,,25,3.57097123426797e-006,0.000164742764900438,,
,19920595.765,,49.998253326416,-72000.27625,90.0001831054688,3.28458944807153e-009,7999.9970703125,1.63380947778933e-007,7999.9970703125,,,,,2.02080947065718e-009,1.98324464149518e-009,,,25,3.28458944807153e-006,0.000163380947778933,,
,19920766.414,,49.9989549255371,-64000.0425,90.0001831054688,2.8862999431567e-009,7999.9970703125,1.60778040881269e-007,7999.9970703125,,,,,1.71841575859838e-009,2.62138054075073e-009,,,25,2.8862999431567e-006,0.000160778040881269,,
,19920936.767,,49.999181060791,-56000.0540625,90.0001831054688,3.27558356090663e-009,7999.9970703125,1.57790311495773e-007,7999.9970703125,,,,,2.20949673925816e-009,2.06659166310408e-009,,,25,3.27558356090663e-006,0.000157790311495774,,
,19921105.841,,49.999407043457,-48000.2159375,90.0001831054688,4.39136422073716e-009,7999.9970703125,1.54183615813963e-007,7999.9970703125,,,,,2.10825895632601e-009,1.19689780959271e-009,,,25,4.39136422073716e-006,0.000154183615813963,,
,19921274.884,,49.9995950317383,-40000.19640625,90.0001831054688,3.90360252595201e-009,7999.9970703125,1.50372476200573e-007,7999.9970703125,,,,,2.01067231597906e-009,1.59404455220297e-009,,,25,3.90360252595201e-006,0.000150372476200573,,
,19921443.63,,49.9995651245117,-32000.19984375,90.0001831054688,4.79557696223765e-009,7999.9970703125,1.46670217509381e-007,7999.9970703125,,,,,2.20970160321268e-009,2.00858531290696e-009,,,25,4.79557696223765e-006,0.000146670217509381,,
,19921612.501,,50.0000090026855,-24000.1634375,90.0001831054688,5.26543867181317e-009,7999.9970703125,1.42448923434131e-007,7999.9970703125,,,,,1.90465103823646e-009,1.63059245258494e-009,,,25,5.26543867181317e-006,0.000142448923434131,,
,19921781.185,,50.0002296447754,-16000.00703125,90.0001831054688,4.58525637611729e-009,7999.9970703125,1.39379153843038e-007,7999.9970703125,,,,,2.00999699483904e-009,1.74823493816557e-009,,,25,4.58525637611729e-006,0.000139379153843038,,
,19921949.994,,50.000386505127,-8000.1065625,90.0001831054688,5.48023898772954e-009,7999.9970703125,1.36753895203583e-007,7999.9970703125,,,,,2.13364199781286e-009,1.93658472315223e-009,,,25,5.48023898772954e-006,0.000136753895203583,,
,19922076.167,,50.0006817626953,-2000.06614746094,90.0001831054688,5.56823038095899e-009,7999.9970703125,1.356023614062e-007,7999.9970703125,,,,,1.47951728120955e-009,1.55658595268117e-009,,,25,5.56823038095899e-006,0.0001356023614062,,
,19922117.96,,50.0007518005371,-0.0766491246968508,90.0001831054688,5.76066027633715e-009,7999.9970703125,1.35292091290467e-007,7999.9970703125,,,,,2.08498407474294e-009,1.78132380085319e-009,,,25,5.76066027633715e-006,0.000135292091290467,,
,19922303.055,,48.8869967651367,-0.0340662783384323,90.0001831054688,5.19381992489798e-009,7999.9970703125,1.325474929763e-007,7999.9970703125,,,,,1.69139351141098e-009,1.90834575417419e-009,,,25,5.19381992489798e-006,0.0001325474929763,,
,19922431.054,,47.4848420715332,-0.0288617082685232,90.0001831054688,4.67175764697458e-009,7999.9970703125,1.29965503583662e-007,7999.9970703125,,,,,1.99521450653124e-009,1.96528971572829e-009,,,25,4.67175764697458e-006,0.000129965503583662,,
,19922548.039,,46.1040711975098,-0.0203451383858919,90.0001831054688,5.70845041238499e-009,7999.9970703125,1.27091116155498e-007,7999.9970703125,,,,,1.97795535197527e-009,1.39536929302157e-009,,,25,5.70845041238499e-006,0.000127091116155498,,
,19922665.368,,44.7186807250977,-0.032646849937737,90.0001831054688,5.06854767536424e-009,7999.9970703125,1.2429136375431e-007,7999.9970703125,,,,,2.50690574748251e-009,1.63226126775493e-009,,,25,5.06854767536424e-006,0.00012429136375431,,
,19922781.791,,43.3374298095703,-0.0671862688660622,90.0001831054688,5.14762630359655e-009,7999.9970703125,1.22234386508353e-007,7999.9970703125,,,,,3.03513001983044e-009,1.74959214840716e-009,,,25,5.14762630359655e-006,0.000122234386508353,,
,19922899.322,,41.9531260681152,-0.162287960201502,90.0001831054688,4.67472845230077e-009,7999.9970703125,1.19267525151372e-007,7999.9970703125,,,,,2.13751457954225e-009,2.3588493532057e-009,,,25,4.67472845230077e-006,0.000119267525151372,,
,19923015.465,,40.5794340515137,-0.18121366918087,90.0001831054688,4.29436697686469e-009,7999.9970703125,1.16294733306859e-007,7999.9970703125,,,,,2.27989136394345e-009,1.80529777593324e-009,,,25,4.29436697686469e-006,0.000116294733306859,,
,19923132.341,,39.1910627746582,0.0335931357741356,90.0001831054688,4.58523767065344e-009,7999.9970703125,1.14140789082739e-007,7999.9970703125,,,,,2.31194817007414e-009,1.90634480946927e-009,,,25,4.58523767065344e-006,0.00011414078908274,,
,19923248.499,,37.8176684570313,0.0227108517289162,90.0001831054688,4.81646656908197e-009,7999.9970703125,1.12019691732712e-007,7999.9970703125,,,,,2.26668456440373e-009,1.82211978262063e-009,,,25,4.81646656908197e-006,0.000112019691732712,,
,19923365.999,,36.4341836547852,-0.218591951131821,90.0001831054688,4.69265647552675e-009,7999.9970703125,1.0997025819961e-007,7999.9970703125,,,,,1.7981538590658e-009,2.60337689465822e-009,,,25,4.69265647552675e-006,0.00010997025819961,,
,19923482.657,,35.0587075805664,-0.0965211204811931,90.0001831054688,4.10943418955867e-009,7999.9970703125,1.06991456996184e-007,7999.9970703125,,,,,1.6816624902843e-009,2.56306255119693e-009,,,25,4.10943418955867e-006,0.000106991456996184,,
,19923600.594,,33.6626078796387,-0.226635377407074,90.0001831054688,4.19742550775482e-009,7999.9970703125,1.04615307936911e-007,7999.9970703125,,,,,2.20046357012542e-009,2.31339688708758e-009,,,25,4.19742550775481e-006,0.000104615307936911,,
,19923718.187,,32.2840870666504,-0.144308535456657,90.0001831054688,3.36509300495891e-009,7999.9970703125,1.01757302181795e-007,7999.9970703125,,,,,2.8658738365341e-009,1.91082310502045e-009,,,25,3.36509300495891e-006,0.000101757302181795,,
,19923835.281,,30.9035501098633,-0.142415964901447,90.0001831054688,3.40985238608482e-009,7999.9970703125,1.00147855700925e-007,7999.9970703125,,,,,2.0951496250768e-009,1.7285571520465e-009,,,25,3.40985238608482e-006,0.000100147855700925,,
,19923952.563,,29.5204117584229,-0.178374812602997,90.0001831054688,3.52321299089908e-009,7999.9970703125,9.79835086036473e-008,7999.9970703125,,,,,2.27491787397788e-009,1.82916122102719e-009,,,25,3.52321299089908e-006,9.79835086036474e-005,,
,19924069.689,,28.1379724121094,-0.209129093289375,90.0001831054688,2.9191104340498e-009,7999.9970703125,9.67827823478729e-008,7999.9970703125,,,,,2.37041094372751e-009,2.00358019929304e-009,,,25,2.9191104340498e-006,9.67827823478729e-005,,
,19924186.814,,26.7573444366455,-0.252185084223747,90.0001831054688,3.42176402909899e-009,7999.9970703125,9.3211765633896e-008,7999.9970703125,,,,,1.48596518588781e-009,1.47038625715176e-009,,,25,3.42176402909899e-006,9.3211765633896e-005,,
,19924303.908,,25.3792938995361,-0.234205660186708,90.0001831054688,3.15477241088047e-009,7999.9970703125,9.09982633311301e-008,7999.9970703125,,,,,1.78312804530535e-009,2.30249316242374e-009,,,25,3.15477241088047e-006,9.09982633311301e-005,,
,19924420.722,,24.0000870513916,-0.249346226453781,90.0001831054688,3.79474020292037e-009,7999.9970703125,8.87846585828811e-008,7999.9970703125,,,,,2.32892306111943e-009,1.77022736839597e-009,,,25,3.79474020292037e-006,8.87846585828811e-005,,
,19924538.674,,22.6038744354248,-0.256443368196487,90.0001831054688,2.41047775972447e-009,7999.9970703125,8.58938688179478e-008,7999.9970703125,,,,,1.53450157110255e-009,2.43786474496348e-009,,,25,2.41047775972447e-006,8.58938688179478e-005,,
,19924655.082,,21.2350631713867,-0.256443368196487,90.0001831054688,2.96536924622615e-009,7999.9970703125,8.39055379037745e-008,7999.9970703125,,,,,1.8365231007309e-009,1.83265323035226e-009,,,25,2.96536924622615e-006,8.39055379037745e-005,,
,19924763.269,,19.9915232849121,-0.262121078372002,90.0001831054688,2.55217850963163e-009,7999.9970703125,8.12160817440599e-008,7999.9970703125,,,,,1.66882355900525e-009,2.07248104353579e-009,,,25,2.55217850963163e-006,8.12160817440599e-005,,
,19924907.882,,20.0113375091553,-0.12396339982748,90.0001831054688,2.30902875699712e-009,7999.9970703125,8.09789760387503e-008,7999.9970703125,,,,,2.23695041777652e-009,1.64803589179349e-009,,,25,2.30902875699712e-006,8.09789760387503e-005,,
,19924949.347,,20.0101826477051,2000.18967773438,90.0001831054688,2.79978933406255e-009,7999.9970703125,8.1281776947435e-008,7999.9970703125,,,,,1.90086519167599e-009,1.69859842569798e-009,,,25,2.79978933406255e-006,8.1281776947435e-005,,
,19925118.405,,20.0070778656006,10000.1821484375,90.0001831054688,1.97641612970756e-009,7999.9970703125,8.45156106515787e-008,7999.9970703125,,,,,1.82297052098561e-009,1.41005597536841e-009,,,25,1.97641612970756e-006,8.45156106515788e-005,,
,19925290.131,,20.0047742462158,18000.19703125,90.0001831054688,2.21802923476844e-009,7999.9970703125,8.90814894228243e-008,7999.9970703125,,,,,1.94108137133842e-009,1.94643062015705e-009,,,25,2.21802923476844e-006,8.90814894228242e-005,,
,19925459.798,,20.0034069824219,26000.135546875,90.0001831054688,2.55514945820323e-009,7999.9970703125,9.36473452020436e-008,7999.9970703125,,,,,1.82446676259193e-009,1.37075055183211e-009,,,25,2.55514945820323e-006,9.36473452020436e-005,,
,19925630.12,,20.0025079345703,34000.1459375,90.0001831054688,2.18824549222063e-009,7999.9970703125,9.7100428538397e-008,7999.9970703125,,,,,1.97387561611189e-009,1.93163693755461e-009,,,25,2.18824549222063e-006,9.7100428538397e-005,,
,19925800.598,,20.0022095489502,42000.11796875,90.0001831054688,2.62823035200199e-009,7999.9970703125,1.01503768237308e-007,7999.9970703125,,,,,1.54526647770756e-009,2.44399420759524e-009,,,25,2.62823035200199e-006,0.000101503768237308,,
,19925972.402,,20.0019092559814,50000.1465625,90.0001831054688,2.65659845041455e-009,7999.9970703125,1.03984317975119e-007,7999.9970703125,,,,,2.06279019369791e-009,1.90839441431893e-009,,,25,2.65659845041455e-006,0.000103984317975119,,
,19926143.316,,20.0018686676025,58000.22984375,90.0001831054688,2.69387930757148e-009,7999.9970703125,1.05114971520379e-007,7999.9970703125,,,,,2.09991049480212e-009,2.00604119313769e-009,,,25,2.69387930757148e-006,0.000105114971520379,,
,19926314.808,,20.0021028137207,66000.1240625,90.0001831054688,2.32694739736417e-009,7999.9970703125,1.0469285887666e-007,7999.9970703125,,,,,1.65978128325013e-009,1.67147459583451e-009,,,25,2.32694739736417e-006,0.00010469285887666,,
,19926487.891,,20.0021143341064,74000.111875,90.0001831054688,1.59604523048529e-009,7999.9970703125,1.04354230279569e-007,7999.9970703125,,,,,1.78325922903885e-009,2.57185552305175e-009,,,25,1.59604523048529e-006,0.000104354230279569,,
,19926662.035,,20.0025218963623,82000.149375,90.0001831054688,2.42090855834931e-009,7999.9970703125,1.02379351155832e-007,7999.9970703125,,,,,1.81807421880899e-009,1.58454195901781e-009,,,25,2.42090855834931e-006,0.000102379351155832,,
,19926835.181,,20.0028890991211,90000.0221875,90.0001831054688,2.68344848791458e-009,7999.9970703125,9.95944917667657e-008,7999.9970703125,,,,,2.12999765132267e-009,1.74020952878427e-009,,,25,2.68344848791457e-006,9.95944917667657e-005,,
,19926991.572,,20.0011762237549,83000.23,90.0001831054688,2.97580932056007e-009,7999.9970703125,1.00939908297732e-007,7999.9970703125,,,,,2.18697499335747e-009,1.52060636644064e-009,,,25,2.97580932056007e-006,0.000100939908297732,,
,19927161.862,,20.000055847168,75000.16625,90.0001831054688,2.16879946123072e-009,7999.9970703125,1.02577732177451e-007,7999.9970703125,,,,,1.66485970580443e-009,1.7718123102297e-009,,,25,2.16879946123072e-006,0.000102577732177451,,
,19927331.701,,19.9990615844727,67000.1734375,90.0001831054688,2.62827691017264e-009,7999.9970703125,1.04413927765563e-007,7999.9970703125,,,,,1.31187023219576e-009,2.10419731951344e-009,,,25,2.62827691017264e-006,0.000104413927765563,,
,19927502.085,,19.9985747528076,59000.1359375,90.0001831054688,2.65658910961974e-009,7999.9970703125,1.04913610266522e-007,7999.9970703125,,,,,1.73217991837843e-009,1.5706427970669e-009,,,25,2.65658910961974e-006,0.000104913610266522,,
,19927671.206,,19.9983365631104,51000.22375,90.0001831054688,2.96386052156095e-009,7999.9970703125,1.0354578611441e-007,7999.9970703125,,,,,2.2780238797616e-009,1.68448887152042e-009,,,25,2.96386052156095e-006,0.00010354578611441,,
,19927840.404,,19.9983390045166,43000.1946875,90.0001831054688,2.51639711848384e-009,7999.9970703125,1.01766270818189e-007,7999.9970703125,,,,,1.66442065264762e-009,1.50511346382338e-009,,,25,2.51639711848384e-006,0.000101766270818189,,
,19928010.492,,19.9984947967529,35000.20984375,90.0001831054688,2.74312766464391e-009,7999.9970703125,9.84578125644475e-008,7999.9970703125,,,,,1.58295454875877e-009,1.79849683860631e-009,,,25,2.74312766464391e-006,9.84578125644475e-005,,
,19928180.19,,19.9987975311279,27000.29859375,90.0001831054688,3.15032064349907e-009,7999.9970703125,9.40545939374715e-008,7999.9970703125,,,,,1.86812531197534e-009,2.144307379057e-009,,,25,3.15032064349907e-006,9.40545939374715e-005,,
,19928348.484,,19.9990221405029,19000.220703125,90.0001831054688,2.55066980201946e-009,7999.9970703125,9.04686946887523e-008,7999.9970703125,,,,,1.57340548468274e-009,1.65262213548653e-009,,,25,2.55066980201946e-006,9.04686946887523e-005,,
,19928516.84,,19.9992835235596,11000.2378515625,90.0001831054688,2.23742864037035e-009,7999.9970703125,8.50600539706648e-008,7999.9970703125,,,,,2.21434531890104e-009,1.8105957361583e-009,,,25,2.23742864037035e-006,8.50600539706647e-005,,
,19928685.696,,19.9992533874512,3000.28184570312,90.0001831054688,2.70729036401462e-009,7999.9970703125,8.14041061676107e-008,7999.9970703125,,,,,1.59919586017331e-009,1.70915496311152e-009,,,25,2.70729036401463e-006,8.14041061676107e-005,,
,19928852.913,,19.9995446777344,-5000.16302734375,90.0001831054688,2.67749736451606e-009,7999.9970703125,8.25287436600775e-008,7999.9970703125,,,,,2.07251715077057e-009,1.68325090773739e-009,,,25,2.67749736451606e-006,8.25287436600775e-005,,
,19929021.971,,19.9995784759521,-12999.9709375,90.0001831054688,2.43284813393529e-009,7999.9970703125,8.66068806499243e-008,7999.9970703125,,,,,2.22971333430853e-009,1.85459972288638e-009,,,25,2.43284813393529e-006,8.66068806499243e-005,,
,19929191.872,,19.9998291778564,-21000.185703125,90.0001831054688,1.53784688578185e-009,7999.9970703125,9.07267548609525e-008,7999.9970703125,,,,,1.65768755623054e-009,1.8183451606518e-009,,,25,1.53784688578185e-006,9.07267548609525e-005,,
,19929361.835,,19.9998986816406,-29000.16359375,90.0001831054688,1.59006614467216e-009,7999.9970703125,9.57028300035745e-008,7999.9970703125,,,,,1.81497305929445e-009,1.52565862352313e-009,,,25,1.59006614467216e-006,9.57028300035745e-005,,
,19929532.532,,20.000104598999,-37000.2309375,90.0001831054688,1.1947941001722e-009,7999.9970703125,1.00056893425062e-007,7999.9970703125,,,,,1.96644676707327e-009,2.12197436649444e-009,,,25,1.1947941001722e-006,0.000100056893425062,,
,19929702.557,,20.0005825805664,-45000.21625,90.0001831054688,9.12882663328674e-010,7999.9970703125,1.02298829006031e-007,7999.9970703125,,,,,1.82880796435473e-009,1.64251844529139e-009,,,25,9.12882663328674e-007,0.000102298829006031,,
,19929873.207,,20.0010829925537,-53000.17578125,90.0001831054688,1.0098147508586e-009,7999.9970703125,1.04840538697317e-007,7999.9970703125,,,,,2.09266668924342e-009,1.73821612957259e-009,,,25,1.0098147508586e-006,0.000104840538697317,,
,19930044.215,,20.0013584136963,-60999.916875,90.0001831054688,8.93473883252227e-010,7999.9970703125,1.05499840865377e-007,7999.9970703125,,,,,1.9419147719871e-009,2.36403255700255e-009,,,25,8.93473883252227e-007,0.000105499840865377,,
,19930216.596,,20.0018417358398,-69000.191875,90.0001831054688,-3.01282955206261e-010,7999.9970703125,1.05381981702521e-007,7999.9970703125,,,,,1.73753207501981e-009,1.62680957518786e-009,,,25,-3.01282955206261e-007,0.000105381981702521,,
,19930389.117,,20.0020155334473,-77000.0415625,90.0001831054688,4.65400649432013e-010,7999.9970703125,1.03611425729468e-007,7999.9970703125,,,,,1.36914294035868e-009,2.03000110814282e-009,,,25,4.65400649432013e-007,0.000103611425729468,,
,19930560.344,,20.0023078155518,-85000.2353125,90.0001831054688,-8.32323240729238e-010,7999.9970703125,1.02704485179856e-007,7999.9970703125,,,,,1.78464714907368e-009,1.97921533684468e-009,,,25,-8.32323240729238e-007,0.000102704485179856,,
,19930715.394,,20.0021863555908,-88000.1653125,90.0001831054688,-1.38721471600434e-009,7999.9970703125,1.01327748270705e-007,7999.9970703125,,,,,1.88923413841305e-009,1.66168090023542e-009,,,25,-1.38721471600434e-006,0.000101327748270705,,
,19930886.199,,20.0005619049072,-80000.231875,90.0001831054688,2.02860734361821e-010,7999.9970703125,1.02867112727836e-007,7999.9970703125,,,,,1.48789378260928e-009,1.72262941620354e-009,,,25,2.0286073436182e-007,0.000102867112727836,,
,19931056.225,,19.9995053863525,-72000.1140625,90.0001831054688,7.30911499147169e-010,7999.9970703125,1.05384999187663e-007,7999.9970703125,,,,,1.57263103912296e-009,1.8417294887745e-009,,,25,7.30911499147169e-007,0.000105384999187663,,
,19931225.751,,19.9988137054443,-64000.12875,90.0001831054688,2.10302038397003e-010,7999.9970703125,1.06108385371044e-007,7999.9970703125,,,,,1.80309185319992e-009,1.87302063840938e-009,,,25,2.10302038397003e-007,0.000106108385371044,,
,19931396.946,,19.9983023834229,-56000.14109375,90.0001831054688,1.0694939105349e-009,7999.9970703125,1.05392431141809e-007,7999.9970703125,,,,,2.25479195373519e-009,1.59816026221716e-009,,,25,1.0694939105349e-006,0.000105392431141809,,
,19931566.145,,19.9982024383545,-48000.1003125,90.0001831054688,1.0187927107097e-009,7999.9970703125,1.0373376426287e-007,7999.9970703125,,,,,1.96923309561134e-009,2.26607190867633e-009,,,25,1.0187927107097e-006,0.00010373376426287,,
,19931736.654,,19.9981189727783,-40000.11328125,90.0001831054688,1.66313772481885e-009,7999.9970703125,1.01655909093097e-007,7999.9970703125,,,,,1.87059277609306e-009,1.69735664225256e-009,,,25,1.66313772481885e-006,0.000101655909093097,,
,19931905.478,,19.9985270690918,-32000.14203125,90.0001831054688,1.59451786515774e-009,7999.9970703125,9.73078340757638e-008,7999.9970703125,,,,,1.34502192053202e-009,1.51998063521307e-009,,,25,1.59451786515774e-006,9.73078340757638e-005,,
,19932075.161,,19.9985224151611,-24000.221328125,90.0001831054688,2.62525944918934e-009,7999.9970703125,9.19066381175071e-008,7999.9970703125,,,,,1.57310165495222e-009,2.14502955294637e-009,,,25,2.62525944918934e-006,9.19066381175071e-005,,
,19932244.64,,19.9986684417725,-16000.049921875,90.0001831054688,1.41405544894724e-009,7999.9970703125,8.83863781928085e-008,7999.9970703125,,,,,1.60793613548845e-009,1.99274794632076e-009,,,25,1.41405544894724e-006,8.83863781928085e-005,,
,19932412.419,,19.999234085083,-8000.1869921875,90.0001831054688,2.30157820340082e-009,7999.9970703125,8.40129284188151e-008,7999.9970703125,,,,,1.29611148439721e-009,2.25484039328163e-009,,,25,2.30157820340082e-006,8.40129284188151e-005,,
,19932538.858,,19.9995182037354,-2000.22418945313,90.0001831054688,2.17479722550706e-009,7999.9970703125,8.12787594622933e-008,7999.9970703125,,,,,2.41859945328747e-009,1.89054527824454e-009,,,25,2.17479722550706e-006,8.12787594622932e-005,,
,19932580.401,,19.9995026397705,0.0236571375280619,90.0001831054688,2.20313734189403e-009,7999.9970703125,8.09282562113367e-008,7999.9970703125,,,,,2.28513071288517e-009,1.95695232778746e-009,,,25,2.20313734189403e-006,8.09282562113367e-005,,
,19932818.084,,19.6352763366699,0.00567771304398775,90.0001831054688,3.19055378952271e-009,7999.9970703125,8.10580080724321e-008,7999.9970703125,,,,,2.25858833638768e-009,2.43602693866114e-009,,,25,3.19055378952271e-006,8.10580080724321e-005,,
,19932871.858,,19.4687879943848,-0.153298246860504,90.0001831054688,2.64315013623673e-009,7999.9970703125,7.98915544874035e-008,7999.9970703125,,,,,1.96171228014812e-009,1.47278281154506e-009,,,25,2.64315013623673e-006,7.98915544874035e-005,,
,19932932.651,,19.2680165863037,-0.152825105190277,90.0001831054688,2.22700714857638e-009,7999.9970703125,7.96469239867292e-008,7999.9970703125,,,,,1.86254318548913e-009,1.77717357944707e-009,,,25,2.22700714857638e-006,7.96469239867292e-005,,
,19932992.291,,19.0634293365479,-0.119705114066601,90.0001831054688,2.94894070293594e-009,7999.9970703125,7.90950501686893e-008,7999.9970703125,,,,,2.05936131295152e-009,2.11897239167413e-009,,,25,2.94894070293594e-006,7.90950501686893e-005,,
,19933052.835,,18.8639449310303,-0.119231972396374,90.0001831054688,2.3463003290658e-009,7999.9970703125,7.84402372664772e-008,7999.9970703125,,,,,1.83647957930508e-009,1.71173911601411e-009,,,25,2.3463003290658e-006,7.84402372664772e-005,,
,19933111.818,,18.6632917785645,0.0227108522877097,90.0001831054688,2.0643795636488e-009,7999.9970703125,7.8118008968886e-008,7999.9970703125,,,,,1.96299615859773e-009,1.42161172401337e-009,,,25,2.0643795636488e-006,7.8118008968886e-005,,
,19933171.754,,18.4621437072754,-0.105983974933624,90.0001831054688,2.52680931737359e-009,7999.9970703125,7.72603260702454e-008,7999.9970703125,,,,,2.46255666171958e-009,2.05997374396081e-009,,,25,2.52680931737359e-006,7.72603260702454e-005,,
,19933231.596,,18.2637469482422,-0.120651398897171,90.0001831054688,2.59990882796046e-009,7999.9970703125,7.66413132078014e-008,7999.9970703125,,,,,1.89661386364446e-009,1.5168846662331e-009,,,25,2.59990882796046e-006,7.66413132078014e-005,,
,19933291.438,,18.0644187927246,-0.202505092024803,90.0001831054688,3.22042132438583e-009,7999.9970703125,7.6244504598435e-008,7999.9970703125,,,,,2.30645299443312e-009,1.61755313264478e-009,,,25,3.22042132438582e-006,7.6244504598435e-005,,
,19933351.514,,17.8639496612549,-0.18121366918087,90.0001831054688,2.4060074076715e-009,7999.9970703125,7.51899494207464e-008,7999.9970703125,,,,,1.74257865752276e-009,1.71698786649185e-009,,,25,2.4060074076715e-006,7.51899494207464e-005,,
,19933411.73,,17.6625504302979,-0.156137103438377,90.0001831054688,2.73565841581558e-009,7999.9970703125,7.41085255867802e-008,7999.9970703125,,,,,1.99262745549553e-009,1.44297042342927e-009,,,25,2.73565841581558e-006,7.41085255867802e-005,,
,19933470.917,,17.4640361785889,-0.159922246336937,90.0001831054688,2.51043662643724e-009,7999.9970703125,7.36461332417093e-008,7999.9970703125,,,,,2.17866923145109e-009,1.66801265006062e-009,,,25,2.51043662643724e-006,7.36461332417093e-005,,
,19933530.432,,17.2650166320801,-0.0804342645406723,90.0001831054688,2.28816715633684e-009,7999.9970703125,7.2636253607925e-008,7999.9970703125,,,,,2.36932895762267e-009,1.85085347388781e-009,,,25,2.28816715633684e-006,7.2636253607925e-005,,
,19933590.102,,17.0597505187988,-0.00615085415542126,90.0001831054688,1.90480673282423e-009,7999.9970703125,7.07911638892256e-008,7999.9970703125,,,,,1.82849673028109e-009,2.08474711263681e-009,,,25,1.90480673282423e-006,7.07911638892256e-005,,
,19933649.055,,16.8599487304688,-0.142889108657837,90.0001831054688,2.53874886993799e-009,7999.9970703125,6.94486810243689e-008,7999.9970703125,,,,,1.99475356410423e-009,1.90682164029787e-009,,,25,2.53874886993799e-006,6.94486810243688e-005,,
,19933708.054,,16.6620908355713,-0.174116529226303,90.0001831054688,2.5909774561228e-009,7999.9970703125,6.86417179531418e-008,7999.9970703125,,,,,2.26476436550357e-009,1.53224842407108e-009,,,25,2.5909774561228e-006,6.86417179531418e-005,,
,19933767.413,,16.4619446563721,-0.17600909948349,90.0001831054688,1.86005664829736e-009,7999.9970703125,6.70352422457654e-008,7999.9970703125,,,,,1.57350923618084e-009,2.48955901580159e-009,,,25,1.86005664829736e-006,6.70352422457654e-005,,
,19933826.911,,16.2624002838135,0.105510831177235,90.0001831054688,9.44240291573806e-010,7999.9970703125,6.58478990953881e-008,7999.9970703125,,,,,1.98125832163053e-009,2.13904819523567e-009,,,25,9.44240291573806e-007,6.58478990953881e-005,,
,19933885.739,,16.0657051849365,-0.18405252456665,90.0001831054688,1.30964482963236e-009,7999.9970703125,6.4357764495071e-008,7999.9970703125,,,,,1.91179062387827e-009,1.42306621040333e-009,,,25,1.30964482963236e-006,6.4357764495071e-005,,
,19933945.628,,15.8631435394287,0.0520457021892071,90.0001831054688,1.10831144382928e-009,7999.9970703125,6.37610937701538e-008,7999.9970703125,,,,,1.78993713591828e-009,1.74041089804062e-009,,,25,1.10831144382928e-006,6.37610937701538e-005,,
,19934006.328,,15.6609078979492,-0.194934809803963,90.0001831054688,1.88686942834693e-009,7999.9970703125,6.18503079749644e-008,7999.9970703125,,,,,1.85201439933064e-009,1.43687725960122e-009,,,25,1.88686942834693e-006,6.18503079749644e-005,,
,19934064.86,,15.4639923858643,-0.209129090309143,90.0001831054688,1.52141832785446e-009,7999.9970703125,6.06659811455756e-008,7999.9970703125,,,,,2.09397281649249e-009,2.4577602058642e-009,,,25,1.52141832785446e-006,6.06659811455756e-005,,
,19934124.858,,15.261427192688,-0.199193093180656,90.0001831054688,1.41853510228884e-009,7999.9970703125,6.02318912569899e-008,7999.9970703125,,,,,2.03910740816019e-009,1.41481902366676e-009,,,25,1.41853510228884e-006,6.02318912569899e-005,,
,19934180.301,,14.9971933746338,-0.1641805306077,90.0001831054688,9.14400738452059e-010,7999.9970703125,5.86746726185083e-008,7999.9970703125,,,,,1.91612497254188e-009,1.65112048351843e-009,,,25,9.14400738452059e-007,5.86746726185083e-005,,
,19934321.622,,15.0073751449585,-0.122070828676224,90.0001831054688,8.69622715100604e-010,7999.9970703125,5.85687439888716e-008,7999.9970703125,,,,,1.60211236821776e-009,1.92522484512208e-009,,,25,8.69622715100604e-007,5.85687439888716e-005,,
,19934363.243,,15.0069913482666,2000.17973632813,90.0001831054688,7.92071471806821e-010,7999.9970703125,5.96561287238728e-008,7999.9970703125,,,,,1.79876588100162e-009,1.67637407947571e-009,,,25,7.92071471806821e-007,5.96561287238728e-005,,
,19934532.286,,15.0060914611816,10000.1782421875,90.0001831054688,9.99393243432678e-010,7999.9970703125,6.42011438321788e-008,7999.9970703125,,,,,1.9018455789504e-009,1.89243492830257e-009,,,25,9.99393243432678e-007,6.42011438321788e-005,,
,19934701.749,,15.0054894638062,18000.23953125,90.0001831054688,9.06931497297592e-010,7999.9970703125,6.64400900132023e-008,7999.9970703125,,,,,1.65201532727593e-009,1.72937561084769e-009,,,25,9.06931497297592e-007,6.64400900132023e-005,,
,19934873.553,,15.0048068618774,26000.151171875,90.0001831054688,9.79984480693474e-010,7999.9970703125,7.06405317760072e-008,7999.9970703125,,,,,1.82318134229725e-009,1.20692058116419e-009,,,25,9.79984480693474e-007,7.06405317760073e-005,,
,19935043.033,,15.0035846328735,34000.1759375,90.0001831054688,1.67960351745933e-009,7999.9970703125,7.57060418254696e-008,7999.9970703125,,,,,1.92030694454961e-009,1.72282309069289e-009,,,25,1.67960351745933e-006,7.57060418254696e-005,,
,19935212.668,,15.0022738265991,42000.1603125,90.0001831054688,1.59902549512481e-009,7999.9970703125,7.92561503476463e-008,7999.9970703125,,,,,2.12738872324769e-009,2.30020382780845e-009,,,25,1.59902549512481e-006,7.92561503476463e-005,,
,19935382.975,,15.0007806777954,50000.195625,90.0001831054688,1.88542587181928e-009,7999.9970703125,8.31596969510429e-008,7999.9970703125,,,,,1.72125272639036e-009,2.09410936821589e-009,,,25,1.88542587181928e-006,8.31596969510429e-005,,
,19935555.621,,14.9993800354004,58000.0259375,90.0001831054688,1.57366553310112e-009,7999.9970703125,8.60549401841126e-008,7999.9970703125,,,,,1.93356267733735e-009,2.36457294951125e-009,,,25,1.57366553310112e-006,8.60549401841126e-005,,
,19935728.174,,14.9978818511963,66000.07375,90.0001831054688,1.86453630135475e-009,7999.9970703125,8.72080586850643e-008,7999.9970703125,,,,,1.48063562064931e-009,1.90735878330586e-009,,,25,1.86453630135475e-006,8.72080586850643e-005,,
,19935901.382,,14.9964695739746,74000.18625,90.0001831054688,2.55664889891705e-009,7999.9970703125,8.75749345868826e-008,7999.9970703125,,,,,2.25891886394545e-009,1.8781936035086e-009,,,25,2.55664889891705e-006,8.75749345868826e-005,,
,19936074.293,,14.9956037521362,82000.12875,90.0001831054688,2.39557661188883e-009,7999.9970703125,8.6466631910298e-008,7999.9970703125,,,,,1.61979352595759e-009,1.90931053714413e-009,,,25,2.39557661188883e-006,8.6466631910298e-005,,
,19936247.47,,14.9948643875122,90000.200625,90.0001831054688,2.42096448630491e-009,7999.9970703125,8.43932907446288e-008,7999.9970703125,,,,,2.25155352039742e-009,2.07986366839269e-009,,,25,2.42096448630491e-006,8.43932907446288e-005,,
,19936404.11,,14.9977742004395,83000.1009375,90.0001831054688,1.59454584036212e-009,7999.9970703125,8.62220287672244e-008,7999.9970703125,,,,,1.7932815631047e-009,2.30115879010304e-009,,,25,1.59454584036212e-006,8.62220287672244e-005,,
,19936574.807,,15.000491065979,75000.151875,90.0001831054688,2.21208737229972e-009,7999.9970703125,8.80194091587327e-008,7999.9970703125,,,,,1.58380095974048e-009,1.79887299751967e-009,,,25,2.21208737229972e-006,8.80194091587327e-005,,
,19936745.238,,15.0023780441284,67000.075625,90.0001831054688,2.44926735447848e-009,7999.9970703125,8.70170633425005e-008,7999.9970703125,,,,,1.82421567178054e-009,1.43100278553958e-009,,,25,2.44926735447848e-006,8.70170633425005e-005,,
,19936914.312,,15.0034761047363,59000.1165625,90.0001831054688,2.30760386330076e-009,7999.9970703125,8.65412488928996e-008,7999.9970703125,,,,,2.15412449081748e-009,2.14900302585675e-009,,,25,2.30760386330076e-006,8.65412488928996e-005,,
,19937086.006,,15.0036517715454,51000.20125,90.0001831054688,1.68549878992508e-009,7999.9970703125,8.37757487897761e-008,7999.9970703125,,,,,1.47906511636854e-009,1.93639686708801e-009,,,25,1.68549878992508e-006,8.37757487897761e-005,,
,19937255.985,,15.0034392929077,43000.165,90.0001831054688,1.49461484568292e-009,7999.9970703125,8.02480833954178e-008,7999.9970703125,,,,,2.04186554866485e-009,1.93670219043546e-009,,,25,1.49461484568292e-006,8.02480833954178e-005,,
,19937425.605,,15.0027770233154,35000.13328125,90.0001831054688,1.60346788220522e-009,7999.9970703125,7.55151206976734e-008,7999.9970703125,,,,,1.88220624268784e-009,1.76897971421541e-009,,,25,1.60346788220522e-006,7.55151206976734e-005,,
,19937593.992,,15.0018143463135,27000.17578125,90.0001831054688,9.82973998020498e-010,7999.9970703125,7.05853416002356e-008,7999.9970703125,,,,,1.98640970444753e-009,1.49479525773488e-009,,,25,9.82973998020498e-007,7.05853416002356e-005,,
,19937762.957,,15.0005200195312,19000.223671875,90.0001831054688,1.75265649090761e-009,7999.9970703125,6.6377430484863e-008,7999.9970703125,,,,,1.77729467349892e-009,1.80328123764232e-009,,,25,1.75265649090761e-006,6.6377430484863e-005,,
,19937931.625,,14.9991097640991,11000.2725390625,90.0001831054688,1.1798742949054e-009,7999.9970703125,6.47202257823665e-008,7999.9970703125,,,,,1.81612140860419e-009,2.19007783865702e-009,,,25,1.1798742949054e-006,6.47202257823665e-005,,
,19938100.543,,14.9981295013428,3000.208125,90.0001831054688,7.77142357009097e-010,7999.9970703125,5.99559959664475e-008,7999.9970703125,,,,,1.85058902516788e-009,2.20180664682806e-009,,,25,7.77142357009097e-007,5.99559959664475e-005,,
,19938268.057,,14.998722076416,-5000.19193359375,90.0001831054688,6.7271313952233e-010,7999.9970703125,6.11627026228234e-008,7999.9970703125,,,,,1.89471947530507e-009,1.66523117439033e-009,,,25,6.7271313952233e-007,6.11627026228234e-005,,
,19938437.147,,15.0003596115112,-13000.2109765625,90.0001831054688,9.33781539345091e-010,7999.9970703125,6.53213758778293e-008,7999.9970703125,,,,,1.97584091981818e-009,1.94755347502885e-009,,,25,9.33781539345091e-007,6.53213758778293e-005,,
,19938605.768,,15.0014560699463,-21000.263359375,90.0001831054688,-1.13379243913414e-010,7999.9970703125,6.80167166865431e-008,7999.9970703125,,,,,9.99272063084747e-010,1.56042229435055e-009,,,25,-1.13379243913414e-007,6.80167166865431e-005,,
,19938776.106,,15.0017011260986,-29000.1953125,90.0001831054688,-9.99402554668906e-011,7999.9970703125,7.27332508540712e-008,7999.9970703125,,,,,1.76211663884071e-009,1.25094843416741e-009,,,25,-9.99402554668904e-008,7.27332508540712e-005,,
,19938946.755,,15.0012856674194,-37000.24078125,90.0001831054688,1.65570575063612e-010,7999.9970703125,7.71051584160887e-008,7999.9970703125,,,,,1.58652954501071e-009,1.52073920994371e-009,,,25,1.65570575063612e-007,7.71051584160887e-005,,
,19939118.153,,15.0003652572632,-45000.0209375,90.0001831054688,-1.02901856280369e-010,7999.9970703125,8.12057068105787e-008,7999.9970703125,,,,,1.77385500325145e-009,2.55450113153279e-009,,,25,-1.02901856280369e-007,8.12057068105787e-005,,
,19939287.773,,14.9993426132202,-53000.1271875,90.0001831054688,-6.22002584549364e-010,7999.9970703125,8.49437125725672e-008,7999.9970703125,,,,,1.92656521632098e-009,1.81087020225936e-009,,,25,-6.22002584549364e-007,8.49437125725672e-005,,
,19939458.984,,14.9982332992554,-61000.14578125,90.0001831054688,-1.14556437978308e-009,7999.9970703125,8.77435138681904e-008,7999.9970703125,,,,,1.53262072583402e-009,1.95158579913617e-009,,,25,-1.14556437978308e-006,8.77435138681904e-005,,
,19939630.383,,14.9969091415405,-69000.133125,90.0001831054688,-4.16161599900988e-010,7999.9970703125,8.90292794792913e-008,7999.9970703125,,,,,1.5607595724429e-009,1.96602645870509e-009,,,25,-4.16161599900988e-007,8.90292794792913e-005,,
,19939802.218,,14.9958961868286,-77000.161875,90.0001831054688,-7.84592947127294e-010,7999.9970703125,8.82342187105678e-008,7999.9970703125,,,,,2.14006112021869e-009,2.19858183570432e-009,,,25,-7.84592947127294e-007,8.82342187105678e-005,,
,19939973.788,,14.9949227905273,-85000.18875,90.0001831054688,-1.23354644784968e-009,7999.9970703125,8.67038118303754e-008,7999.9970703125,,,,,1.68978251121704e-009,1.64562730143891e-009,,,25,-1.23354644784968e-006,8.67038118303753e-005,,
,19940129.477,,14.995391998291,-88000.106875,90.0001831054688,-8.21901738703445e-010,7999.9970703125,8.68082602391951e-008,7999.9970703125,,,,,1.33435230573568e-009,1.72684451394089e-009,,,25,-8.21901738703445e-007,8.68082602391951e-005,,
,19940299.814,,14.9988861846924,-80000.158125,90.0001831054688,-8.41245330889251e-010,7999.9970703125,8.7904576503206e-008,7999.9970703125,,,,,2.14851086187078e-009,1.75767558122177e-009,,,25,-8.41245330889251e-007,8.7904576503206e-005,,
,19940471.212,,15.0011661911011,-72000.0325,90.0001831054688,-4.28129126390786e-010,7999.9970703125,8.82029166677967e-008,7999.9970703125,,,,,1.64589752025138e-009,1.80384772760081e-009,,,25,-4.28129126390786e-007,8.82029166677967e-005,,
,19940641.519,,15.0028076553345,-64000.21265625,90.0001831054688,-5.92181651200008e-010,7999.9970703125,8.79060855368152e-008,7999.9970703125,,,,,1.92126693935487e-009,1.86741499668459e-009,,,25,-5.92181651200008e-007,8.79060855368152e-005,,
,19940810.889,,15.0035163497925,-56000.273125,90.0001831054688,-1.08442303371703e-009,7999.9970703125,8.59669857891276e-008,7999.9970703125,,,,,1.6483898437308e-009,1.92763939902137e-009,,,25,-1.08442303371703e-006,8.59669857891277e-005,,
,19940980.883,,15.003782119751,-48000.07546875,90.0001831054688,-4.47407704484703e-011,7999.9970703125,8.22289509233087e-008,7999.9970703125,,,,,2.05956464049292e-009,1.84260226157375e-009,,,25,-4.47407704484704e-008,8.22289509233087e-005,,
,19941149.52,,15.0034493255615,-40000.158125,90.0001831054688,-1.1931176231883e-010,7999.9970703125,7.89190581417643e-008,7999.9970703125,,,,,2.11701225670996e-009,1.61496493517772e-009,,,25,-1.1931176231883e-007,7.89190581417643e-005,,
,19941317.346,,15.0025086212158,-32000.169375,90.0001831054688,2.74470160661622e-010,7999.9970703125,7.36789157963358e-008,7999.9970703125,,,,,1.76049390434767e-009,1.8786926203229e-009,,,25,2.74470160661622e-007,7.36789157963358e-005,,
,19941487.793,,15.001523399353,-24000.1378125,90.0001831054688,-1.7753806730525e-010,7999.9970703125,6.98916739202105e-008,7999.9970703125,,,,,1.28961114949765e-009,2.05158848568144e-009,,,25,-1.7753806730525e-007,6.98916739202104e-005,,
,19941658.021,,14.9999895095825,-16000.18515625,90.0001831054688,5.01191410222646e-010,7999.9970703125,6.61298198974691e-008,7999.9970703125,,,,,1.43754904763436e-009,1.64534847749728e-009,,,25,5.01191410222646e-007,6.61298198974691e-005,,
,19941826.549,,14.9988500976563,-8000.22576171875,90.0001831054688,1.22338564949587e-010,7999.9970703125,6.30704802460968e-008,7999.9970703125,,,,,2.09081039359554e-009,2.025375752936e-009,,,25,1.22338564949587e-007,6.30704802460969e-005,,
,19941952.754,,14.9980236053467,-2000.26393066406,90.0001831054688,1.1157154852981e-009,7999.9970703125,6.02199889544863e-008,7999.9970703125,,,,,1.62285935658424e-009,1.96803405370461e-009,,,25,1.1157154852981e-006,6.02199889544863e-005,,
,19941994.094,,14.9981508255005,-0.192569093704224,90.0001831054688,1.33202451706893e-009,7999.9970703125,5.87492526392452e-008,7999.9970703125,,,,,2.05332749912127e-009,2.06181460290759e-009,,,25,1.33202451706893e-006,5.87492526392452e-005,,
,19942210.67,,14.5670804214478,-0.150932534337044,90.0001831054688,-1.11907761777275e-010,7999.9970703125,5.70219001383521e-008,7999.9970703125,,,,,1.96000585144847e-009,2.29053871185322e-009,,,25,-1.11907761777275e-007,5.70219001383521e-005,,
,19942249.218,,14.0946967315674,-0.144781678318977,90.0001831054688,7.42851051711568e-010,7999.9970703125,5.46010280959308e-008,7999.9970703125,,,,,2.42431614524077e-009,1.90122591075439e-009,,,25,7.42851051711568e-007,5.46010280959308e-005,,
,19942295.332,,13.5374765014648,-0.151405677199364,90.0001831054688,6.14598587134196e-010,7999.9970703125,5.25664219458122e-008,7999.9970703125,,,,,1.47940063802053e-009,1.22468507627319e-009,,,25,6.14598587134196e-007,5.25664219458122e-005,,
,19942345.377,,12.9492351150513,-0.152351963222027,90.0001831054688,1.09786200525264e-009,7999.9970703125,5.00456016743556e-008,7999.9970703125,,,,,1.80032106621777e-009,1.89282494924403e-009,,,25,1.09786200525264e-006,5.00456016743556e-005,,
,19942395.22,,12.3596785736084,-0.16370738774538,90.0001831054688,5.98170049528335e-010,7999.9970703125,4.80423361295834e-008,7999.9970703125,,,,,2.11484253659128e-009,1.91599627047313e-009,,,25,5.98170049528335e-007,4.80423361295834e-005,,
,19942444.875,,11.7801009750366,-0.198246808648109,90.0001831054688,2.87890537293833e-010,7999.9970703125,4.5429016900016e-008,7999.9970703125,,,,,1.9742117195155e-009,1.92418376209788e-009,,,25,2.87890537293833e-007,4.5429016900016e-005,,
,19942494.233,,11.1905842208862,-0.194934807419777,90.0001831054688,1.35740308451204e-010,7999.9970703125,4.41029618377797e-008,7999.9970703125,,,,,1.94257015135983e-009,2.23286052650238e-009,,,25,1.35740308451204e-007,4.41029618377797e-005,,
,19942545.23,,10.5993226242065,-0.14856682062149,90.0001831054688,-8.06981941252616e-010,7999.9970703125,4.16477519320324e-008,7999.9970703125,,,,,1.94482254480923e-009,2.10386255417771e-009,,,25,-8.06981941252616e-007,4.16477519320324e-005,,
,19942594.355,,10.0313282012939,-0.155190820097923,90.0001831054688,-1.81971173702777e-010,7999.9970703125,4.05558683269191e-008,7999.9970703125,,,,,1.5277217697694e-009,1.56504218999833e-009,,,25,-1.81971173702777e-007,4.05558683269192e-005,,
,19942635.087,,9.99677261352539,-0.135318825244904,90.0001831054688,-3.43099253541368e-011,7999.9970703125,3.96355165867135e-008,7999.9970703125,,,,,1.46569525198812e-009,1.42619155740845e-009,,,25,-3.43099253541368e-008,3.96355165867135e-005,,
,19942673.993,,9.9953511428833,-0.156137105822563,90.0001831054688,-5.444420324352e-010,7999.9970703125,3.97921464173123e-008,7999.9970703125,,,,,1.78965870542434e-009,1.72730850560623e-009,,,25,-5.444420324352e-007,3.97921464173123e-005,,
,19942712.916,,9.99505477905273,-0.151878819465637,90.0001831054688,3.89330194821014e-010,7999.9970703125,4.0384318708675e-008,7999.9970703125,,,,,2.13774074769556e-009,1.58268098955934e-009,,,25,3.89330194821014e-007,4.0384318708675e-005,,
,19942751.463,,9.99549373626709,-0.14430853664875,90.0001831054688,-2.38651489326003e-010,7999.9970703125,4.03141808055807e-008,7999.9970703125,,,,,2.1590448445758e-009,2.27548085571529e-009,,,25,-2.38651489326003e-007,4.03141808055807e-005,,
,19942791.057,,9.99576717376709,-0.155663961470127,90.0001831054688,-7.18990561807686e-010,7999.9970703125,4.03022786485963e-008,7999.9970703125,,,,,1.86586803181282e-009,1.90775241861829e-009,,,25,-7.18990561807686e-007,4.03022786485963e-005,,
,19942829.573,,9.99610054016113,-0.134845682010055,90.0001831054688,4.32599559019309e-011,7999.9970703125,3.99249157635495e-008,7999.9970703125,,,,,2.12599604601161e-009,1.71577809341955e-009,,,25,4.32599559019309e-008,3.99249157635495e-005,,
,19942868.152,,9.99636112213135,-0.128694826848805,90.0001831054688,-9.39705165592384e-011,7999.9970703125,4.02098167978693e-008,7999.9970703125,,,,,2.12196692251697e-009,1.53786573823809e-009,,,25,-9.39705165592386e-008,4.02098167978693e-005,,
,19942906.622,,9.99666805267334,0.00993599757552147,90.0001831054688,-1.70059557262903e-010,7999.9970703125,3.97578180127311e-008,7999.9970703125,,,,,1.81047505082735e-009,1.67562803601349e-009,,,25,-1.70059557262903e-007,3.97578180127312e-005,,
,19942945.607,,9.99692634582519,-0.211494808197021,90.0001831054688,-1.37211796413794e-010,7999.9970703125,3.98622752982192e-008,7999.9970703125,,,,,2.62095180859694e-009,2.27623227867289e-009,,,25,-1.37211796413794e-007,3.98622752982192e-005,,
,19942984.123,,9.9971647644043,-0.205343949198723,90.0001831054688,-8.50111632644256e-011,7999.9970703125,3.99711281352211e-008,7999.9970703125,,,,,1.79823462745428e-009,1.75799110499289e-009,,,25,-8.50111632644257e-008,3.99711281352211e-005,,
,19943023.155,,9.99738624572754,-0.202505094408989,90.0001831054688,4.48898504146198e-012,7999.9970703125,4.04589271056466e-008,7999.9970703125,,,,,1.45311388485122e-009,2.15974501496486e-009,,,25,4.488985041462e-009,4.04589271056466e-005,,
,19943061.531,,9.99758392333984,0.0014194268733263,90.0001831054688,-2.65538771913043e-010,7999.9970703125,4.00785470264964e-008,7999.9970703125,,,,,1.5821263111843e-009,2.00215929729785e-009,,,25,-2.65538771913043e-007,4.00785470264964e-005,,
,19943099.892,,9.99785743713379,0.0969942609965801,90.0001831054688,2.32663074228867e-010,7999.9970703125,3.98398583638482e-008,7999.9970703125,,,,,2.23593765063398e-009,1.82853302838328e-009,,,25,2.32663074228867e-007,3.98398583638482e-005,,
,19943139.329,,9.99801132202149,0.105510831922293,90.0001831054688,1.35740323372602e-010,7999.9970703125,3.99770887452178e-008,7999.9970703125,,,,,2.107908640029e-009,2.18104967523734e-009,,,25,1.35740323372602e-007,3.99770887452178e-005,,
,19943178.095,,9.99815841674805,0.0723908405005932,90.0001831054688,4.95240246323192e-010,7999.9970703125,4.00263274786994e-008,7999.9970703125,,,,,1.98469569768452e-009,1.76741927890356e-009,,,25,4.95240246323192e-007,4.00263274786994e-005,,
,19943217.08,,9.99825931549072,-0.152825106084347,90.0001831054688,-1.83451998054807e-010,7999.9970703125,3.98502983443905e-008,7999.9970703125,,,,,2.09555876350302e-009,2.00450502059728e-009,,,25,-1.83451998054807e-007,3.98502983443905e-005,,
,19943302.88,,9.99851314544678,-0.204397664070129,90.0001831054688,7.68183047341609e-010,7999.9970703125,3.94819042412564e-008,7999.9970703125,,,,,2.06408636458582e-009,1.76392111597728e-009,,,25,7.68183047341609e-007,3.94819042412564e-005,,
,19943343.815,,9.99868846893311,2000.24689453125,90.0001831054688,1.65561258569369e-010,7999.9970703125,4.11957898177207e-008,7999.9970703125,,,,,1.41705020902883e-009,1.86689799483425e-009,,,25,1.65561258569369e-007,4.11957898177207e-005,,
,19943514.605,,10.0001753616333,10000.2246484375,90.0001831054688,-1.9380816524972e-011,7999.9970703125,4.58466685086023e-008,7999.9970703125,,,,,1.65514447639995e-009,1.68536485588244e-009,,,25,-1.9380816524972e-008,4.58466685086023e-005,,
,19943683.881,,10.0009290313721,18000.229609375,90.0001831054688,-2.28239284751908e-010,7999.9970703125,4.93997294688597e-008,7999.9970703125,,,,,2.36608963454115e-009,1.58469393033825e-009,,,25,-2.28239284751908e-007,4.93997294688597e-005,,
,19943855.155,,10.0006323242187,26000.134140625,90.0001831054688,4.92213454776902e-010,7999.9970703125,5.24157712061424e-008,7999.9970703125,,,,,1.75076654969964e-009,1.98066852212447e-009,,,25,4.92213454776902e-007,5.24157712061424e-005,,
,19944026.382,,9.99932331085205,34000.16390625,90.0001831054688,3.5946266962128e-010,7999.9970703125,5.5615304299863e-008,7999.9970703125,,,,,1.98553281029297e-009,1.81903226072355e-009,,,25,3.5946266962128e-007,5.56153042998631e-005,,
,19944196.298,,9.9977424621582,42000.21859375,90.0001831054688,9.36715214123751e-010,7999.9970703125,5.69861558324192e-008,7999.9970703125,,,,,1.95566281694265e-009,2.28438162682452e-009,,,25,9.36715214123751e-007,5.69861558324192e-005,,
,19944368.96,,9.99613803863525,50000.0575,90.0001831054688,2.84900980034308e-010,7999.9970703125,5.99052949110046e-008,7999.9970703125,,,,,1.49291336065191e-009,2.03760998973842e-009,,,25,2.84900980034308e-007,5.99052949110046e-005,,
,19944542.277,,9.99465461730957,57999.98515625,90.0001831054688,8.89003560757829e-010,7999.9970703125,6.21889365720563e-008,7999.9970703125,,,,,1.62328629931446e-009,1.7530152332272e-009,,,25,8.89003560757828e-007,6.21889365720563e-005,,
,19944714.377,,9.99326717376709,66000.15625,90.0001831054688,5.74290928199161e-010,7999.9970703125,6.34538412850816e-008,7999.9970703125,,,,,1.9219767198216e-009,1.60083193171116e-009,,,25,5.74290928199161e-007,6.34538412850816e-005,,
,19944886.696,,9.9917603302002,74000.084375,90.0001831054688,9.54652487479279e-010,7999.9970703125,6.43011115607806e-008,7999.9970703125,,,,,1.8641090247855e-009,2.96413438851781e-009,,,25,9.54652487479279e-007,6.43011115607806e-005,,
,19945061.183,,9.99071392059326,82000.16875,90.0001831054688,1.88987759386805e-009,7999.9970703125,6.50946453970391e-008,7999.9970703125,,,,,1.88347258136212e-009,1.9558803620492e-009,,,25,1.88987759386805e-006,6.50946453970391e-005,,
,19945234.391,,9.98988838195801,90000.18875,90.0001831054688,2.19565883114115e-009,7999.9970703125,6.51334071881138e-008,7999.9970703125,,,,,2.18018754845345e-009,2.21995160070627e-009,,,25,2.19565883114115e-006,6.51334071881138e-005,,
,19945389.846,,9.99546028137207,83000.09625,90.0001831054688,1.68252786778567e-009,7999.9970703125,6.52482392615639e-008,7999.9970703125,,,,,1.41301722227589e-009,1.7156521194038e-009,,,25,1.68252786778567e-006,6.52482392615639e-005,,
,19945560.948,,10.000373840332,75000.2290625,90.0001831054688,1.57817315766806e-009,7999.9970703125,6.4299575460609e-008,7999.9970703125,,,,,2.04347950078326e-009,1.62141872895729e-009,,,25,1.57817315766806e-006,6.4299575460609e-005,,
,19945731.535,,10.0037941360474,67000.1184375,90.0001831054688,1.70189940163823e-009,7999.9970703125,6.34896599513013e-008,7999.9970703125,,,,,1.76094339595709e-009,2.04415543887654e-009,,,25,1.70189940163823e-006,6.34896599513013e-005,,
,19945902.044,,10.0057346725464,59000.21359375,90.0001831054688,1.13659571979952e-009,7999.9970703125,6.18249851686414e-008,7999.9970703125,,,,,1.56684152473529e-009,1.98884328116699e-009,,,25,1.13659571979952e-006,6.18249851686414e-005,,
,19946071.664,,10.0067129898071,51000.06453125,90.0001831054688,5.47412968217031e-010,7999.9970703125,5.97173352434766e-008,7999.9970703125,,,,,2.48541913044762e-009,2.10907201587394e-009,,,25,5.47412968217031e-007,5.97173352434766e-005,,
,19946242.142,,10.0069883346558,43000.2040625,90.0001831054688,6.36894440475544e-010,7999.9970703125,5.73083099152427e-008,7999.9970703125,,,,,2.12292746767346e-009,1.55512867995974e-009,,,25,6.36894440475544e-007,5.73083099152427e-005,,
,19946412.308,,10.0067555618286,35000.2803125,90.0001831054688,7.75605593617002e-011,7999.9970703125,5.53513113118242e-008,7999.9970703125,,,,,1.87415127438642e-009,1.99481531949402e-009,,,25,7.75605593617001e-008,5.53513113118242e-005,,
,19946583.815,,10.0059470748901,27000.143125,90.0001831054688,-2.13291551034445e-010,7999.9970703125,5.30005121254362e-008,7999.9970703125,,,,,2.31029456520222e-009,2.34946108708866e-009,,,25,-2.13291551034445e-007,5.30005121254362e-005,,
,19946754.309,,10.004441986084,19000.264140625,90.0001831054688,4.66881468952352e-010,7999.9970703125,4.98099211836234e-008,7999.9970703125,,,,,1.74879547211119e-009,1.47583465424977e-009,,,25,4.66881468952351e-007,4.98099211836234e-005,,
,19946923.991,,10.0024602127075,11000.1909765625,90.0001831054688,9.12873347829191e-010,7999.9970703125,4.52201769803651e-008,7999.9970703125,,,,,2.0559499593996e-009,1.77852600509326e-009,,,25,9.12873347829191e-007,4.52201769803651e-005,,
,19947091.723,,10.0005192947388,3000.2540234375,90.0001831054688,-3.62424317330579e-010,7999.9970703125,4.07572112453636e-008,7999.9970703125,,,,,2.20248830337932e-009,2.39750295044838e-009,,,25,-3.62424317330579e-007,4.07572112453636e-005,,
,19947258.27,,10.0004689788818,-5000.26916015625,90.0001831054688,-2.07349702918691e-010,7999.9970703125,4.30275162216276e-008,7999.9970703125,,,,,1.6467828379357e-009,1.73710810431142e-009,,,25,-2.07349702918691e-007,4.30275162216276e-005,,
,19947427.079,,10.0015100479126,-13000.2039453125,90.0001831054688,-1.21117606695975e-009,7999.9970703125,4.70071524614468e-008,7999.9970703125,,,,,1.97361214239767e-009,1.62297891479358e-009,,,25,-1.21117606695975e-006,4.70071524614468e-005,,
,19947595.809,,10.0015225982666,-21000.228359375,90.0001831054688,-4.45991890103414e-010,7999.9970703125,4.97607100987807e-008,7999.9970703125,,,,,2.17785852751488e-009,1.79154591171197e-009,,,25,-4.45991890103414e-007,4.97607100987807e-005,,
,19947765.928,,10.000594367981,-29000.195625,90.0001831054688,-1.00091129240809e-009,7999.9970703125,5.37150414311327e-008,7999.9970703125,,,,,1.80228190665933e-009,2.02914170280852e-009,,,25,-1.00091129240809e-006,5.37150414311327e-005,,
,19947936.703,,9.99910472869873,-37000.161875,90.0001831054688,-8.60682014263148e-010,7999.9970703125,5.6019554467639e-008,7999.9970703125,,,,,1.58386848888213e-009,1.88360081789372e-009,,,25,-8.60682014263148e-007,5.6019554467639e-005,,
,19948108.85,,9.99735088348389,-45000.09390625,90.0001831054688,-1.27085524610493e-009,7999.9970703125,5.80526603152975e-008,7999.9970703125,,,,,1.91460551889305e-009,1.695219808884e-009,,,25,-1.27085524610493e-006,5.80526603152975e-005,,
,19948279.53,,9.99567451477051,-53000.17515625,90.0001831054688,-1.42155256952492e-009,7999.9970703125,6.14460851647891e-008,7999.9970703125,,,,,1.40619048825898e-009,1.69955622977373e-009,,,25,-1.42155256952492e-006,6.14460851647891e-005,,
,19948449.213,,9.99410507202149,-61000.1259375,90.0001831054688,-1.80037748350514e-009,7999.9970703125,6.25141266209539e-008,7999.9970703125,,,,,1.94292886819518e-009,1.70772048022386e-009,,,25,-1.80037748350514e-006,6.25141266209539e-005,,
,19948619.441,,9.99276107788086,-69000.0103125,90.0001831054688,-1.83024502462104e-009,7999.9970703125,6.51662176824175e-008,7999.9970703125,,,,,1.93168046446798e-009,1.43164509366111e-009,,,25,-1.83024502462104e-006,6.51662176824175e-005,,
,19948791.822,,9.99143573760986,-77000.1603125,90.0001831054688,-1.98086782404516e-009,7999.9970703125,6.60089992743451e-008,7999.9970703125,,,,,1.9231415943255e-009,2.33274286038758e-009,,,25,-1.98086782404516e-006,6.60089992743451e-005,,
,19948962.971,,9.99041622161865,-85000.10625,90.0001831054688,-2.3269287797234e-009,7999.9970703125,6.69576632208191e-008,7999.9970703125,,,,,1.74713702305123e-009,1.79527505719694e-009,,,25,-2.3269287797234e-006,6.69576632208191e-005,,
,19949118.582,,9.99135040283203,-88000.30625,90.0001831054688,-1.93910732093627e-009,7999.9970703125,6.73484461731277e-008,7999.9970703125,,,,,1.92354286976101e-009,2.03436943041669e-009,,,25,-1.93910732093627e-006,6.73484461731277e-005,,
,19949289.372,,9.99739055633545,-80000.1015625,90.0001831054688,-2.37617714219596e-009,7999.9970703125,6.62894113338552e-008,7999.9970703125,,,,,1.84778099292818e-009,2.04224308716165e-009,,,25,-2.37617714219596e-006,6.62894113338552e-005,,
,19949458.742,,10.0018217468262,-72000.2125,90.0001831054688,-9.4121351722265e-010,7999.9970703125,6.57837683684192e-008,7999.9970703125,,,,,2.23141972013652e-009,1.77774239652201e-009,,,25,-9.4121351722265e-007,6.57837683684193e-005,,
,19949628.924,,10.0046254730225,-64000.11703125,90.0001831054688,-1.69451399870013e-009,7999.9970703125,6.36283430503681e-008,7999.9970703125,,,,,1.69422565482523e-009,2.09428052898174e-009,,,25,-1.69451399870013e-006,6.36283430503681e-005,,
,19949799.323,,10.0061954879761,-56000.1421875,90.0001831054688,-1.84810775294864e-009,7999.9970703125,6.2530527357012e-008,7999.9970703125,,,,,1.78707476037689e-009,1.91310961321525e-009,,,25,-1.84810775294864e-006,6.2530527357012e-005,,
,19949969.458,,10.0069595718384,-48000.114375,90.0001831054688,-8.15941267404696e-010,7999.9970703125,6.03765819687396e-008,7999.9970703125,,,,,2.33944565011968e-009,2.4884221685109e-009,,,25,-8.15941267404696e-007,6.03765819687396e-005,,
,19950140.513,,10.0071581268311,-40000.15375,90.0001831054688,-8.47233722822693e-010,7999.9970703125,5.7414257171331e-008,7999.9970703125,,,,,1.80968862802889e-009,1.75721765078986e-009,,,25,-8.47233722822693e-007,5.7414257171331e-005,,
,19950310.04,,10.0066129684448,-32000.235234375,90.0001831054688,-4.49000060029903e-010,7999.9970703125,5.45682079973631e-008,7999.9970703125,,,,,1.22269319102989e-009,1.4251511326289e-009,,,25,-4.49000060029903e-007,5.45682079973631e-005,,
,19950480.096,,10.0055812072754,-24000.216171875,90.0001831054688,-1.42299613273167e-009,7999.9970703125,5.14178682351485e-008,7999.9970703125,,,,,2.12484986977548e-009,1.79159954763935e-009,,,25,-1.42299613273167e-006,5.14178682351485e-005,,
,19950649.139,,10.0038759231567,-16000.259296875,90.0001831054688,-2.44621247418309e-010,7999.9970703125,4.83943666040432e-008,7999.9970703125,,,,,1.70390253376589e-009,1.94198166625162e-009,,,25,-2.44621247418308e-007,4.83943666040432e-005,,
,19950817.261,,10.0017115402222,-8000.2625,90.0001831054688,3.02828949401146e-010,7999.9970703125,4.42610817844979e-008,7999.9970703125,,,,,1.69068696235933e-009,1.89384175200674e-009,,,25,3.02828949401146e-007,4.42610817844979e-005,,
,19950942.109,,10.0004932403564,-2000.15365722656,90.0001831054688,2.3567125253976e-010,7999.9970703125,4.0883992187446e-008,7999.9970703125,,,,,1.97871917728077e-009,1.6787250463857e-009,,,25,2.3567125253976e-007,4.0883992187446e-005,,
,19950983.699,,10.0001288986206,-0.07239084020257,90.0001831054688,1.37258349184322e-010,7999.9970703125,4.00561858259607e-008,7999.9970703125,,,,,1.39249326822316e-009,2.12067665848668e-009,,,25,1.37258349184322e-007,4.00561858259607e-005,,
,19951196.032,,9.5648388671875,-0.0477874168008566,90.0001831054688,9.99309409621674e-011,7999.9970703125,3.88986540201586e-008,7999.9970703125,,,,,1.25188966368343e-009,1.7579106029849e-009,,,25,9.99309409621674e-008,3.88986540201586e-005,,
,19951315.684,,9.16130088806152,-0.24366851747036,90.0001831054688,-2.98330647439116e-010,7999.9970703125,3.7424929178087e-008,7999.9970703125,,,,,1.78880231973103e-009,1.63342807715142e-009,,,25,-2.98330647439116e-007,3.7424929178087e-005,,
,19951435.056,,8.76121952056885,-0.234205659031868,90.0001831054688,-2.74470147303418e-010,7999.9970703125,3.60094026837032e-008,7999.9970703125,,,,,2.41053042835389e-009,2.2816065561586e-009,,,25,-2.74470147303418e-007,3.60094026837032e-005,,
,19951553.695,,8.36040508270264,-0.269691368937492,90.0001831054688,1.56657806087424e-010,7999.9970703125,3.5336615255801e-008,7999.9970703125,,,,,1.96562338760878e-009,2.36640584743912e-009,,,25,1.56657806087424e-007,3.5336615255801e-005,,
,19951673.457,,7.9596905708313,-0.257389649674296,90.0001831054688,-1.1036174996093e-010,7999.9970703125,3.42656688007992e-008,7999.9970703125,,,,,1.94109788699133e-009,1.68970122836457e-009,,,25,-1.1036174996093e-007,3.42656688007992e-005,,
,19951792.345,,7.56033544540405,0.0392708485201001,90.0001831054688,-1.06353346936316e-009,7999.9970703125,3.25518021418247e-008,7999.9970703125,,,,,1.80815836843069e-009,1.98122253967109e-009,,,25,-1.06353346936316e-006,3.25518021418247e-005,,
,19951911.359,,7.16063245773315,-0.132006826102734,90.0001831054688,-5.7876126248857e-010,7999.9970703125,3.16075897717383e-008,7999.9970703125,,,,,1.3219107833098e-009,2.60762313584243e-009,,,25,-5.7876126248857e-007,3.16075897717383e-005,,
,19952031.292,,6.76238582611084,-0.150459390878677,90.0001831054688,-5.2654198128721e-010,7999.9970703125,3.08155274979072e-008,7999.9970703125,,,,,2.06662934378989e-009,1.82123943111568e-009,,,25,-5.2654198128721e-007,3.08155274979072e-005,,
,19952151.99,,6.35888156890869,-0.155190820097923,90.0001831054688,-5.29531557447172e-010,7999.9970703125,3.00801549019525e-008,7999.9970703125,,,,,1.71417972656847e-009,1.91379446280736e-009,,,25,-5.29531557447172e-007,3.00801549019525e-005,,
,19952271.768,,5.95617391586304,0.12632911413908,90.0001831054688,1.79093511576411e-011,7999.9970703125,2.85870296647772e-008,7999.9970703125,,,,,1.1486722627079e-009,2.15742185635807e-009,,,25,1.79093511576411e-008,2.85870296647772e-005,,
,19952391.608,,5.55856182098389,-0.0932091221213341,90.0001831054688,-1.28278549155425e-009,7999.9970703125,2.81484697916312e-008,7999.9970703125,,,,,1.33362038741935e-009,1.73319585124142e-009,,,25,-1.28278549155425e-006,2.81484697916312e-005,,
,19952511.775,,5.15811798095703,-0.0719176968932152,90.0001831054688,-2.72989371694621e-010,7999.9970703125,2.6676262205001e-008,7999.9970703125,,,,,1.74932935974097e-009,1.58750206315571e-009,,,25,-2.72989371694621e-007,2.6676262205001e-005,,
,19952761.439,,4.99670743942261,-0.146201107501984,90.0001831054688,-1.09783407921782e-009,7999.9970703125,2.63839200488292e-008,7999.9970703125,,,,,1.36051885295707e-009,1.51906921156411e-009,,,25,-1.09783407921782e-006,2.63839200488292e-005,,
,19952802.155,,4.99642761230469,2000.00934082031,90.0001831054688,-6.7126025470543e-010,7999.9970703125,2.68150107876863e-008,7999.9970703125,,,,,1.83688279923793e-009,1.75716216094273e-009,,,25,-6.7126025470543e-007,2.68150107876863e-005,,
,19952971.136,,4.99806789398193,10000.137109375,90.0001831054688,-7.10012625546597e-010,7999.9970703125,3.18194097781088e-008,7999.9970703125,,,,,1.50574835487275e-009,1.95331794000291e-009,,,25,-7.10012625546597e-007,3.18194097781088e-005,,
,19953139.523,,4.99860704421997,18000.12859375,90.0001831054688,-1.10528466393589e-009,7999.9970703125,3.56379633012693e-008,7999.9970703125,,,,,2.07576016358443e-009,1.53248001319377e-009,,,25,-1.10528466393589e-006,3.56379633012693e-005,,
,19953308.925,,4.99856517791748,26000.128203125,90.0001831054688,1.19302416123901e-011,7999.9970703125,3.70982584718149e-008,7999.9970703125,,,,,1.98379441723398e-009,1.68025198241972e-009,,,25,1.19302416123901e-008,3.70982584718149e-005,,
,19953479.059,,4.99837871551514,34000.10203125,90.0001831054688,3.23699863429283e-010,7999.9970703125,4.10197507881094e-008,7999.9970703125,,,,,2.16128231674423e-009,1.01998941767432e-009,,,25,3.23699863429283e-007,4.10197507881094e-005,,
,19953650.208,,4.99802057266235,42000.1753125,90.0001831054688,4.17614456864612e-010,7999.9970703125,4.36286297917832e-008,7999.9970703125,,,,,2.5136838337169e-009,1.9804795887636e-009,,,25,4.17614456864612e-007,4.36286297917832e-005,,
,19953822.028,,4.9972479057312,50000.13359375,90.0001831054688,8.71103522968042e-010,7999.9970703125,4.28753475716803e-008,7999.9970703125,,,,,1.90135811424035e-009,2.40789014444646e-009,,,25,8.71103522968042e-007,4.28753475716803e-005,,
,19953993.145,,4.99614912033081,58000.10171875,90.0001831054688,1.30816403896006e-009,7999.9970703125,4.3889651860809e-008,7999.9970703125,,,,,2.1823405950776e-009,2.3610351612501e-009,,,25,1.30816403896006e-006,4.3889651860809e-005,,
,19954165.277,,4.99528940200806,66000.110625,90.0001831054688,1.36335421785816e-009,7999.9970703125,4.58466407144442e-008,7999.9970703125,,,,,1.67315206354977e-009,1.80618132204195e-009,,,25,1.36335421785816e-006,4.58466407144442e-005,,
,19954337.751,,4.99456716537476,74000.151875,90.0001831054688,2.27920781469493e-009,7999.9970703125,4.59137889265548e-008,7999.9970703125,,,,,2.26990529000917e-009,2.03666312106042e-009,,,25,2.27920781469493e-006,4.59137889265548e-005,,
,19954510.928,,4.99392726898193,82000.1103125,90.0001831054688,1.32605473908143e-009,7999.9970703125,4.78797272080556e-008,7999.9970703125,,,,,1.60569289320255e-009,1.50197480729584e-009,,,25,1.32605473908143e-006,4.78797272080556e-005,,
,19954683.746,,4.99350723266602,90000.035625,90.0001831054688,2.5223482609249e-009,7999.9970703125,4.80035558575764e-008,7999.9970703125,,,,,2.14414008601117e-009,1.58974687213168e-009,,,25,2.5223482609249e-006,4.80035558575764e-005,,
,19954841.245,,4.99728155136108,83000.1121875,90.0001831054688,1.9913079783862e-009,7999.9970703125,4.73890319699421e-008,7999.9970703125,,,,,2.13693705786575e-009,1.55185154320268e-009,,,25,1.9913079783862e-006,4.73890319699422e-005,,
,19955010.396,,5.00014614105225,75000.2853125,90.0001831054688,1.49010728449639e-009,7999.9970703125,4.69728332245722e-008,7999.9970703125,,,,,2.00161816778804e-009,1.86007200717902e-009,,,25,1.49010728449639e-006,4.69728332245722e-005,,
,19955181.686,,5.00225276947022,67000.141875,90.0001831054688,2.72970731458599e-010,7999.9970703125,4.55737067386508e-008,7999.9970703125,,,,,1.500424381922e-009,2.41787146858497e-009,,,25,2.72970731458599e-007,4.55737067386508e-005,,
,19955354.223,,5.00346355438232,59000.1040625,90.0001831054688,1.09483522152232e-009,7999.9970703125,4.43818837811705e-008,7999.9970703125,,,,,1.74645821470701e-009,2.08674172853285e-009,,,25,1.09483522152232e-006,4.43818837811705e-005,,
,19955523.141,,5.00415275573731,51000.20171875,90.0001831054688,2.05831657922317e-010,7999.9970703125,4.26500973117072e-008,7999.9970703125,,,,,1.92438938509454e-009,1.48944250677e-009,,,25,2.05831657922317e-007,4.26500973117072e-005,,
,19955692.027,,5.00425687789917,43000.22078125,90.0001831054688,2.96821901173416e-010,7999.9970703125,4.29827379412018e-008,7999.9970703125,,,,,1.77957189634233e-009,2.54443476323982e-009,,,25,2.96821901173416e-007,4.29827379412018e-005,,
,19955863.332,,5.00396108627319,35000.009375,90.0001831054688,4.81801271234872e-010,7999.9970703125,4.1274803224951e-008,7999.9970703125,,,,,2.2981475094949e-009,1.66355687908016e-009,,,25,4.81801271234872e-007,4.1274803224951e-005,,
,19956033.482,,5.00326454162598,27000.124453125,90.0001831054688,-1.81961864598179e-010,7999.9970703125,3.82766329857986e-008,7999.9970703125,,,,,1.93388214802495e-009,1.58241210453398e-009,,,25,-1.81961864598179e-007,3.82766329857986e-005,,
,19956201.573,,5.00257848739624,19000.236640625,90.0001831054688,-5.23561761269775e-010,7999.9970703125,3.52993716660421e-008,7999.9970703125,,,,,2.27980733123361e-009,1.74689318926596e-009,,,25,-5.23561761269775e-007,3.52993716660421e-005,,
,19956370.959,,5.0017360496521,11000.1537890625,90.0001831054688,-6.23502031658063e-010,7999.9970703125,3.20774235296994e-008,7999.9970703125,,,,,1.85519221224496e-009,2.00282120509954e-009,,,25,-6.23502031658063e-007,3.20774235296994e-005,,
,19956540.189,,5.00038930892944,3000.09635742187,90.0001831054688,-7.29402747197128e-010,7999.9970703125,2.82976678136038e-008,7999.9970703125,,,,,1.65520879733906e-009,1.87276145418622e-009,,,25,-7.29402747197128e-007,2.82976678136038e-005,,
,19956705.69,,5.00021554946899,-5000.0873046875,90.0001831054688,-6.59302077679058e-010,7999.9970703125,3.01413335546385e-008,7999.9970703125,,,,,2.1939251849556e-009,1.80297390470597e-009,,,25,-6.59302077679058e-007,3.01413335546385e-005,,
,19956874.733,,5.00060115814209,-13000.2225,90.0001831054688,-1.70791575257567e-009,7999.9970703125,3.34109752293443e-008,7999.9970703125,,,,,1.68305834708579e-009,1.94975267274837e-009,,,25,-1.70791575257567e-006,3.34109752293443e-005,,
,19957043.604,,5.00010223388672,-21000.163359375,90.0001831054688,-9.24822211914034e-010,7999.9970703125,3.66731749090832e-008,7999.9970703125,,,,,1.79584417098235e-009,2.19279426470102e-009,,,25,-9.24822211914034e-007,3.66731749090832e-005,,
,19957214.113,,4.99971429824829,-29000.25765625,90.0001831054688,-1.27382616710747e-009,7999.9970703125,3.91984840098303e-008,7999.9970703125,,,,,1.88666581478179e-009,1.87069442812094e-009,,,25,-1.27382616710747e-006,3.91984840098303e-005,,
,19957384.435,,4.99890153884888,-37000.28125,90.0001831054688,-2.12256863079574e-009,7999.9970703125,4.17894430574961e-008,7999.9970703125,,,,,2.10746596457737e-009,2.09825225049432e-009,,,25,-2.12256863079574e-006,4.17894430574961e-005,,
,19957555.194,,4.99813873291016,-45000.03671875,90.0001831054688,-1.60053421979001e-009,7999.9970703125,4.50441756402142e-008,7999.9970703125,,,,,2.30317667715317e-009,1.76165551202237e-009,,,25,-1.60053421979001e-006,4.50441756402142e-005,,
,19957724.892,,4.99715093612671,-53000.1734375,90.0001831054688,-1.46925493197614e-009,7999.9970703125,4.42715035751462e-008,7999.9970703125,,,,,1.70439699993708e-009,1.82263905206486e-009,,,25,-1.46925493197614e-006,4.42715035751462e-005,,
,19957895.385,,4.99613668441772,-61000.136875,90.0001831054688,-2.58202743680158e-009,7999.9970703125,4.54528494447004e-008,7999.9970703125,,,,,2.0890435760061e-009,1.68285263821922e-009,,,25,-2.58202743680158e-006,4.54528494447004e-005,,
,19958065.224,,4.99509447097778,-69000.24,90.0001831054688,-3.11302115278522e-009,7999.9970703125,4.71980549627915e-008,7999.9970703125,,,,,2.21633274025688e-009,2.2741747958599e-009,,,25,-3.11302115278522e-006,4.71980549627915e-005,,
,19958237.152,,4.99442586898804,-77000.265625,90.0001831054688,-2.06594418571626e-009,7999.9970703125,4.80109971249476e-008,7999.9970703125,,,,,1.95220041582041e-009,1.89595680262756e-009,,,25,-2.06594418571626e-006,4.80109971249476e-005,,
,19958409.112,,4.9938402557373,-85000.1815625,90.0001831054688,-3.30395166571407e-009,7999.9970703125,4.94847499066964e-008,7999.9970703125,,,,,1.75004740116343e-009,1.99912171076574e-009,,,25,-3.30395166571407e-006,4.94847499066964e-005,,
,19958565.144,,4.99480344772339,-88000.08625,90.0001831054688,-3.95881128270048e-009,7999.9970703125,4.99680411303416e-008,7999.9970703125,,,,,1.81709277892737e-009,1.62200594977894e-009,,,25,-3.95881128270048e-006,4.99680411303416e-005,,
,19958735.404,,4.99849466323853,-80000.170625,90.0001831054688,-2.52536577818319e-009,7999.9970703125,4.93400503182784e-008,7999.9970703125,,,,,2.24216733116766e-009,1.70403035888657e-009,,,25,-2.52536577818319e-006,4.93400503182784e-005,,
,19958906.225,,5.0010062789917,-72000.2678125,90.0001831054688,-2.45670860550717e-009,7999.9970703125,4.73814975703135e-008,7999.9970703125,,,,,1.92534627999802e-009,1.85849582657441e-009,,,25,-2.45670860550717e-006,4.73814975703135e-005,,
,19959076.406,,5.00266292572022,-64000.14515625,90.0001831054688,-2.68492929365038e-009,7999.9970703125,4.64836187893525e-008,7999.9970703125,,,,,1.79519949333547e-009,1.77014336580999e-009,,,25,-2.68492929365038e-006,4.64836187893525e-005,,
,19959246.276,,5.00383192062378,-56000.20484375,90.0001831054688,-2.61779957043018e-009,7999.9970703125,4.49576463142876e-008,7999.9970703125,,,,,1.94834487704075e-009,1.82689615890339e-009,,,25,-2.61779957043018e-006,4.49576463142876e-005,,
,19959416.988,,5.0042693901062,-48000.1675,90.0001831054688,-2.42986789061206e-009,7999.9970703125,4.34854108607396e-008,7999.9970703125,,,,,2.15430432991379e-009,1.69855835105527e-009,,,25,-2.42986789061206e-006,4.34854108607397e-005,,
,19959585.937,,5.00418312072754,-40000.1590625,90.0001831054688,-1.83765832545646e-009,7999.9970703125,4.31930497870781e-008,7999.9970703125,,,,,1.37930969030163e-009,1.73938595578287e-009,,,25,-1.83765832545646e-006,4.31930497870781e-005,,
,19959755.588,,5.00367362976074,-32000.031953125,90.0001831054688,-7.14482962536067e-010,7999.9970703125,4.03261483006645e-008,7999.9970703125,,,,,1.44569716859925e-009,2.17079339176276e-009,,,25,-7.14482962536067e-007,4.03261483006645e-005,,
,19959923.367,,5.00306522369385,-24000.234453125,90.0001831054688,-1.99875855287246e-009,7999.9970703125,3.73846494767349e-008,7999.9970703125,,,,,1.77087766331738e-009,1.61032871618068e-009,,,25,-1.99875855287246e-006,3.73846494767349e-005,,
,19960092.238,,5.00226776123047,-16000.159765625,90.0001831054688,-1.00834326289601e-009,7999.9970703125,3.35705296311062e-008,7999.9970703125,,,,,1.547604869085e-009,1.97969482743892e-009,,,25,-1.00834326289601e-006,3.35705296311062e-005,,
,19960261.733,,5.00126596450806,-8000.03615234375,90.0001831054688,-7.74180748095432e-010,7999.9970703125,3.13375898986124e-008,7999.9970703125,,,,,1.92686936664958e-009,1.63833107640905e-009,,,25,-7.74180748095432e-007,3.13375898986123e-005,,
,19960429.622,,4.99953479766846,-0.151878819465637,90.0001831054688,-6.92121881229468e-010,7999.9970703125,2.6991011982318e-008,7999.9970703125,,,,,1.95595253960277e-009,1.35054644763722e-009,,,25,-6.92121881229468e-007,2.6991011982318e-005,,
,19960761.685,,4.16123626708984,-0.190676525235176,90.0001831054688,-4.87752388380614e-010,7999.9970703125,2.60677172627766e-008,7999.9970703125,,,,,2.55709316052678e-009,1.87797304961449e-009,,,25,-4.87752388380613e-007,2.60677172627766e-005,,
,19961000.351,,3.35998368263245,-0.211967946887016,90.0001831054688,-6.39856069142297e-010,7999.9970703125,2.47117670369335e-008,7999.9970703125,,,,,1.48555656312366e-009,1.80424672742958e-009,,,25,-6.39856069142297e-007,2.47117670369335e-005,,
,19961239.298,,2.5607056427002,-0.149513104557991,90.0001831054688,-1.54982367959633e-009,7999.9970703125,2.42314745992189e-008,7999.9970703125,,,,,1.93445374295652e-009,1.63639285307112e-009,,,25,-1.54982367959633e-006,2.42314745992189e-005,,
,19961561.3,,1.99906062602997,2000.26205078125,90.0001831054688,-8.08434805747993e-010,7999.9970703125,2.45879758585943e-008,7999.9970703125,,,,,1.6449651825169e-009,1.79218336157721e-009,,,25,-8.08434805747993e-007,2.45879758585943e-005,,
,19961731.076,,1.99998147964478,10000.1764453125,90.0001831054688,-2.02879360244879e-010,7999.9970703125,2.88331599585945e-008,7999.9970703125,,,,,1.76694502981542e-009,1.82183780729638e-009,,,25,-2.02879360244879e-007,2.88331599585945e-005,,
,19961900.586,,2.00349403381348,18000.20875,90.0001831054688,-6.29490440502423e-010,7999.9970703125,3.20058700890513e-008,7999.9970703125,,,,,1.99893767484604e-009,1.9698420857e-009,,,25,-6.29490440502423e-007,3.20058700890513e-005,,
,19962070.846,,2.00617889404297,26000.21296875,90.0001831054688,2.96849845540237e-010,7999.9970703125,3.52799815300386e-008,7999.9970703125,,,,,2.06595770399102e-009,1.40002611960255e-009,,,25,2.96849845540237e-007,3.52799815300386e-005,,
,19962243.367,,2.00801382064819,34000.265625,90.0001831054688,6.53350944048725e-010,7999.9970703125,3.77456301066559e-008,7999.9970703125,,,,,1.73225005864012e-009,1.64096162388248e-009,,,25,6.53350944048725e-007,3.77456301066559e-005,,
,19962414.999,,2.00868032455444,41999.89921875,90.0001831054688,7.38334128982387e-010,7999.9970703125,4.07333880139049e-008,7999.9970703125,,,,,2.73799268481492e-009,2.38815981549556e-009,,,25,7.38334128982387e-007,4.07333880139049e-005,,
,19962586.476,,2.00878471374512,50000.14890625,90.0001831054688,1.36035535291512e-009,7999.9970703125,4.32721196557395e-008,7999.9970703125,,,,,2.10090156373984e-009,1.74184608313897e-009,,,25,1.36035535291512e-006,4.32721196557395e-005,,
,19962756.813,,2.00861142158508,58000.0909375,90.0001831054688,2.84910296386442e-010,7999.9970703125,4.12345796939917e-008,7999.9970703125,,,,,2.21609142327546e-009,1.89753575744438e-009,,,25,2.84910296386443e-007,4.12345796939917e-005,,
,19962928.68,,2.00820675849915,66000.22125,90.0001831054688,8.03964447015915e-010,7999.9970703125,4.23532664717641e-008,7999.9970703125,,,,,2.10540087561459e-009,1.53148191227787e-009,,,25,8.03964447015915e-007,4.23532664717641e-005,,
,19963102.075,,2.00792345046997,74000.13625,90.0001831054688,2.37170678431653e-009,7999.9970703125,4.26441369927488e-008,7999.9970703125,,,,,1.75464207127983e-009,2.0894749057554e-009,,,25,2.37170678431653e-006,4.26441369927488e-005,,
,19963275.439,,2.00765563011169,82000.2409375,90.0001831054688,1.67209705310256e-009,7999.9970703125,4.34122925798874e-008,7999.9970703125,,,,,2.02408417302182e-009,2.16676368347754e-009,,,25,1.67209705310256e-006,4.34122925798874e-005,,
,19963449.224,,2.00747177124023,90000.2615625,90.0001831054688,2.65061003304368e-009,7999.9970703125,4.52470456366427e-008,7999.9970703125,,,,,2.09201480065296e-009,1.7877989419759e-009,,,25,2.65061003304368e-006,4.52470456366427e-005,,
,19963605.334,,2.00370903015137,83000.094375,90.0001831054688,2.10472448372911e-009,7999.9970703125,4.31542973092291e-008,7999.9970703125,,,,,1.56766153179983e-009,1.88963754598511e-009,,,25,2.10472448372911e-006,4.31542973092292e-005,,
,19963776.061,,2.00061444759369,75000.24125,90.0001831054688,1.60798476485979e-009,7999.9970703125,4.28992079105228e-008,7999.9970703125,,,,,2.20277051819932e-009,2.1149924800923e-009,,,25,1.60798476485979e-006,4.28992079105228e-005,,
,19963947.772,,1.99840447425842,67000.160625,90.0001831054688,2.16135819130159e-009,7999.9970703125,4.25442155392375e-008,7999.9970703125,,,,,1.52764921959016e-009,1.85656302795442e-009,,,25,2.16135819130159e-006,4.25442155392375e-005,,
,19964118.468,,1.99674754142761,59000.10890625,90.0001831054688,1.0486136380905e-009,7999.9970703125,4.13657935860101e-008,7999.9970703125,,,,,1.76096300718556e-009,2.37054636488057e-009,,,25,1.0486136380905e-006,4.13657935860101e-005,,
,19964287.713,,1.99528621196747,51000.1734375,90.0001831054688,1.04115376046821e-009,7999.9970703125,3.89866826299112e-008,7999.9970703125,,,,,1.18803779566612e-009,2.43049613524298e-009,,,25,1.04115376046821e-006,3.89866826299112e-005,,
,19964457.131,,1.99406910896301,43000.1128125,90.0001831054688,2.0898888095644e-011,7999.9970703125,3.87614515784662e-008,7999.9970703125,,,,,1.9511892680801e-009,1.74774930991311e-009,,,25,2.0898888095644e-008,3.87614515784662e-005,,
,19964627.016,,1.9927584695816,35000.28609375,90.0001831054688,8.9518759693874e-011,7999.9970703125,3.86957841692492e-008,7999.9970703125,,,,,1.89018722331634e-009,2.03997328945644e-009,,,25,8.9518759693874e-008,3.86957841692492e-005,,
,19964795.762,,1.99123909473419,27000.2009375,90.0001831054688,-1.14841422202971e-010,7999.9970703125,3.60541247937363e-008,7999.9970703125,,,,,2.24692703767306e-009,1.46659158944217e-009,,,25,-1.14841422202971e-007,3.60541247937363e-005,,
,19964965.694,,1.98971910953522,19000.165390625,90.0001831054688,5.07105403357855e-011,7999.9970703125,3.26517425855855e-008,7999.9970703125,,,,,1.52404253985474e-009,2.0160962952696e-009,,,25,5.07105403357855e-008,3.26517425855855e-005,,
,19965134.893,,1.98901754379272,11000.0932421875,90.0001831054688,-7.65193498892813e-010,7999.9970703125,2.92925722897053e-008,7999.9970703125,,,,,1.49154175891834e-009,1.74683242808866e-009,,,25,-7.65193498892813e-007,2.92925722897053e-005,,
,19965302.765,,1.99131570339203,3000.20244140625,90.0001831054688,-6.100630226058e-010,7999.9970703125,2.484304648533e-008,7999.9970703125,,,,,2.2546668360308e-009,2.26177109911231e-009,,,25,-6.100630226058e-007,2.484304648533e-005,,
,19965471.605,,1.99340319633484,-5000.20994140625,90.0001831054688,-2.92342242858012e-010,7999.9970703125,2.71729832456913e-008,7999.9970703125,,,,,2.00344336305251e-009,1.6512454151177e-009,,,25,-2.92342242858012e-007,2.71729832456913e-005,,
,19965640.133,,1.99708683013916,-13000.293984375,90.0001831054688,-1.07400151648562e-009,7999.9970703125,3.06842482677894e-008,7999.9970703125,,,,,1.78075088218185e-009,1.41509485638939e-009,,,25,-1.07400151648562e-006,3.06842482677894e-005,,
,19965808.692,,2.0018185710907,-21000.0959375,90.0001831054688,-1.30220356027166e-009,7999.9970703125,3.32051529403543e-008,7999.9970703125,,,,,1.83764980436543e-009,2.11583961384308e-009,,,25,-1.30220356027166e-006,3.32051529403543e-005,,
,19965979.045,,2.00521777153015,-29000.187109375,90.0001831054688,-1.84068511273949e-009,7999.9970703125,3.67178877058905e-008,7999.9970703125,,,,,2.06708471599743e-009,1.8955575785919e-009,,,25,-1.84068511273949e-006,3.67178877058905e-005,,
,19966149.024,,2.00695063591003,-37000.23890625,90.0001831054688,-2.16137683850093e-009,7999.9970703125,3.94281854096334e-008,7999.9970703125,,,,,1.82526493423269e-009,2.02679915363669e-009,,,25,-2.16137683850093e-006,3.94281854096334e-005,,
,19966319.205,,2.00785605430603,-45000.02015625,90.0001831054688,-2.30304967772099e-009,7999.9970703125,4.2612854304025e-008,7999.9970703125,,,,,2.05261401459046e-009,1.94983277292444e-009,,,25,-2.30304967772099e-006,4.26128543040249e-005,,
,19966488.825,,2.00802003860474,-53000.23359375,90.0001831054688,-2.33438867439872e-009,7999.9970703125,4.12047398276627e-008,7999.9970703125,,,,,1.49840382568839e-009,1.93008815130925e-009,,,25,-2.33438867439872e-006,4.12047398276627e-005,,
,19966660.301,,2.00792375564575,-61000.2278125,90.0001831054688,-2.11218436334093e-009,7999.9970703125,4.22369163425174e-008,7999.9970703125,,,,,1.39463261413872e-009,2.22228219048496e-009,,,25,-2.11218436334093e-006,4.22369163425174e-005,,
,19966830.639,,2.00774839401245,-69000.1690625,90.0001831054688,-2.91314064213566e-009,7999.9970703125,4.38315277278889e-008,7999.9970703125,,,,,2.19072928312767e-009,1.60065073048641e-009,,,25,-2.91314064213566e-006,4.38315277278889e-005,,
,19967002.505,,2.00763394355774,-77000.090625,90.0001831054688,-3.43973854796786e-009,7999.9970703125,4.44803247228265e-008,7999.9970703125,,,,,1.78461265289705e-009,1.42922727868548e-009,,,25,-3.43973854796786e-006,4.44803247228265e-005,,
,19967173.779,,2.00744661331177,-85000.1496875,90.0001831054688,-3.63508348868891e-009,7999.9970703125,4.56020378624089e-008,7999.9970703125,,,,,1.95352408008796e-009,2.19809294489036e-009,,,25,-3.63508348868891e-006,4.56020378624089e-005,,
,19967329.795,,2.0061522102356,-88000.1703125,90.0001831054688,-3.10853217115437e-009,7999.9970703125,4.67103024129756e-008,7999.9970703125,,,,,2.45633279121583e-009,2.31156697060604e-009,,,25,-3.10853217115437e-006,4.67103024129756e-005,,
,19967502.988,,2.00242872238159,-80000.173125,90.0001831054688,-3.45162218849282e-009,7999.9970703125,4.50307273422368e-008,7999.9970703125,,,,,2.22943934889091e-009,1.90509165155073e-009,,,25,-3.45162218849282e-006,4.50307273422368e-005,,
,19967672.998,,1.99965847969055,-72000.2609375,90.0001831054688,-3.21446087355071e-009,7999.9970703125,4.46667945652735e-008,7999.9970703125,,,,,1.64841748639156e-009,1.39522091473296e-009,,,25,-3.21446087355071e-006,4.46667945652734e-005,,
,19967842.056,,1.99760068893433,-64000.15125,90.0001831054688,-2.83858824971617e-009,7999.9970703125,4.24904876854271e-008,7999.9970703125,,,,,1.90864632152979e-009,1.69356656305387e-009,,,25,-2.83858824971617e-006,4.24904876854271e-005,,
,19968012.627,,1.99611957073212,-56000.1959375,90.0001831054688,-2.42241731257309e-009,7999.9970703125,4.21459160861559e-008,7999.9970703125,,,,,1.72508079781684e-009,1.52309377803611e-009,,,25,-2.42241731257309e-006,4.21459160861559e-005,,
,19968183.433,,1.99485641956329,-48000.1265625,90.0001831054688,-2.5283180454494e-009,7999.9970703125,3.94908542511985e-008,7999.9970703125,,,,,1.73049044630349e-009,1.34054328604304e-009,,,25,-2.5283180454494e-006,3.94908542511985e-005,,
,19968352.6,,1.99359111309052,-39999.980625,90.0001831054688,-2.03008827014628e-009,7999.9970703125,3.97816971235443e-008,7999.9970703125,,,,,2.1030390859283e-009,1.75654557827742e-009,,,25,-2.03008827014628e-006,3.97816971235443e-005,,
,19968522.517,,1.99220539569855,-32000.1475,90.0001831054688,-1.47073573998568e-009,7999.9970703125,3.74577582988423e-008,7999.9970703125,,,,,1.62470455004559e-009,1.34360095631433e-009,,,25,-1.47073573998568e-006,3.74577582988422e-005,,
,19968691.341,,1.99065067768097,-24000.266484375,90.0001831054688,-1.60052489945883e-009,7999.9970703125,3.444167014095e-008,7999.9970703125,,,,,1.6387614258284e-009,1.61713684078431e-009,,,25,-1.60052489945883e-006,3.444167014095e-005,,
,19968860.883,,1.98940476417542,-16000.1578125,90.0001831054688,-7.77142358003857e-010,7999.9970703125,3.22460116149159e-008,7999.9970703125,,,,,2.25958806772771e-009,1.894348886279e-009,,,25,-7.77142358003857e-007,3.22460116149159e-005,,
,19969028.958,,1.98949423789978,-8000.21068359375,90.0001831054688,-1.48712702980447e-009,7999.9970703125,2.86974568007281e-008,7999.9970703125,,,,,2.26864818966823e-009,1.69406576339669e-009,,,25,-1.48712702980447e-006,2.86974568007281e-005,,
,19969197.252,,1.99215722560883,0.277734789252281,90.0001831054688,-1.13066321119959e-009,7999.9970703125,2.31650074420031e-008,7999.9970703125,,,,,1.79699273924301e-009,1.96850251670753e-009,,,25,-1.13066321119959e-006,2.31650074420031e-005,,
,19970557.877,,24.892907409668,40000.08421875,90.0001831054688,2.74904155048716e-009,7999.9970703125,1.0857857123483e-007,7999.9970703125,,,,,2.32475031539706e-009,1.60448413704528e-009,,,25,2.74904155048716e-006,0.00010857857123483,,
,19970606.768,,24.7600852203369,40000.1053125,90.0001831054688,2.80574048474591e-009,7999.9970703125,1.09607776976191e-007,7999.9970703125,,,,,1.91285537446563e-009,1.53889521673738e-009,,,25,2.80574048474591e-006,0.000109607776976191,,
,19970664.41,,24.5670122528076,40000.09390625,90.0001831054688,2.76698816378484e-009,7999.9970703125,1.0885748459259e-007,7999.9970703125,,,,,1.6225693428356e-009,1.75803043744638e-009,,,25,2.76698816378484e-006,0.00010885748459259,,
,19970724.065,,24.3618386077881,40000.09328125,90.0001831054688,3.10704204508738e-009,7999.9970703125,1.07896879198961e-007,7999.9970703125,,,,,1.76790754085941e-009,1.55262909104934e-009,,,25,3.10704204508738e-006,0.000107896879198961,,
,19970783.252,,24.1651610565186,39999.938125,90.0001831054688,3.79918262296996e-009,7999.9970703125,1.07783519197255e-007,7999.9970703125,,,,,2.67358504335559e-009,2.52214078047595e-009,,,25,3.79918262296997e-006,0.000107783519197255,,
,19970843.843,,23.9628136444092,39999.934375,90.0001831054688,3.29644520391526e-009,7999.9970703125,1.07364348950796e-007,7999.9970703125,,,,,1.96816468536189e-009,1.91463816826787e-009,,,25,3.29644520391525e-006,0.000107364348950796,,
,19970903.232,,23.7642040252686,39999.93234375,90.0001831054688,3.07573101167691e-009,7999.9970703125,1.07771598850377e-007,7999.9970703125,,,,,1.72464381519866e-009,1.99392007655373e-009,,,25,3.07573101167691e-006,0.000107771598850377,,
,19970964.447,,23.5614115142822,39999.9534375,90.0001831054688,2.64616761938896e-009,7999.9970703125,1.07283780525904e-007,7999.9970703125,,,,,2.14882905805034e-009,2.30069240432624e-009,,,25,2.64616761938896e-006,0.000107283780525904,,
,19971023.181,,23.362328338623,39999.95859375,90.0001831054688,3.30989351596145e-009,7999.9970703125,1.06645368214231e-007,7999.9970703125,,,,,1.73592644086946e-009,2.13499481823406e-009,,,25,3.30989351596145e-006,0.000106645368214231,,
,19971083.32,,23.1624530792236,39999.94828125,90.0001831054688,2.5745675111466e-009,7999.9970703125,1.0674680757802e-007,7999.9970703125,,,,,2.05695086955363e-009,2.28354315230647e-009,,,25,2.5745675111466e-006,0.00010674680757802,,
,19971142.351,,22.9642016601562,39999.940625,90.0001831054688,2.9220813576103e-009,7999.9970703125,1.06127822655253e-007,7999.9970703125,,,,,1.75532982749816e-009,2.85824263625175e-009,,,25,2.9220813576103e-006,0.000106127822655253,,
,19971203.191,,22.7621694946289,39999.936875,90.0001831054688,1.84365602763137e-009,7999.9970703125,1.06269513780717e-007,7999.9970703125,,,,,1.92834196481828e-009,1.76397680299684e-009,,,25,1.84365602763137e-006,0.000106269513780717,,
,19971262.69,,22.5627277374268,39999.94640625,90.0001831054688,2.7639893036735e-009,7999.9970703125,1.0453770053573e-007,7999.9970703125,,,,,2.07492439920205e-009,2.07335498125458e-009,,,25,2.7639893036735e-006,0.00010453770053573,,
,19971322.267,,22.3642268371582,39999.935625,90.0001831054688,2.86692842081493e-009,7999.9970703125,1.05523682723287e-007,7999.9970703125,,,,,2.63068216213789e-009,2.06167947960379e-009,,,25,2.86692842081493e-006,0.000105523682723287,,
,19971382.155,,22.16205078125,39999.93609375,90.0001831054688,2.68644735683665e-009,7999.9970703125,1.04073836992029e-007,7999.9970703125,,,,,1.83316439795374e-009,2.31543835676041e-009,,,25,2.68644735683665e-006,0.000104073836992029,,
,19971442.044,,21.9651292419434,39999.94578125,90.0001831054688,2.37769519117137e-009,7999.9970703125,1.04841982247308e-007,7999.9970703125,,,,,2.39111323691382e-009,1.36217557588044e-009,,,25,2.37769519117137e-006,0.000104841982247308,,
,19971501.964,,21.7656391143799,39999.96046875,90.0001831054688,3.52471243843411e-009,7999.9970703125,1.05128419818357e-007,7999.9970703125,,,,,2.14780691018017e-009,1.58162067985292e-009,,,25,3.52471243843411e-006,0.000105128419818357,,
,19971561.728,,21.5617624664307,39999.9703125,90.0001831054688,3.10856011793703e-009,7999.9970703125,1.03681545006111e-007,7999.9970703125,,,,,1.69693010569575e-009,1.67558798779266e-009,,,25,3.10856011793703e-006,0.000103681545006111,,
,19971622.709,,21.3612045288086,39999.9609375,90.0001831054688,3.84393264994287e-009,7999.9970703125,1.02774660335854e-007,7999.9970703125,,,,,2.54607509097875e-009,1.77537096438075e-009,,,25,3.84393264994287e-006,0.000102774660335854,,
,19971682.395,,21.1625044250488,39999.95671875,90.0001831054688,2.96684072580433e-009,7999.9970703125,1.03508523898199e-007,7999.9970703125,,,,,1.90910824171549e-009,2.1082300553835e-009,,,25,2.96684072580433e-006,0.000103508523898199,,
,19971741.8,,20.9656785583496,40000.145625,90.0001831054688,2.55961047059827e-009,7999.9970703125,1.02468841942027e-007,7999.9970703125,,,,,2.34093044162814e-009,1.88164689205249e-009,,,25,2.55961047059827e-006,0.000102468841942027,,
,19971801.845,,20.7622563934326,39999.98484375,90.0001831054688,3.21296140327831e-009,7999.9970703125,1.02410680847242e-007,7999.9970703125,,,,,2.37765145904456e-009,1.61556070805832e-009,,,25,3.21296140327831e-006,0.000102410680847242,,
,19971861.765,,20.5638320159912,39999.99421875,90.0001831054688,2.94895003662532e-009,7999.9970703125,1.01605179952458e-007,7999.9970703125,,,,,1.85708760767781e-009,1.54427768948183e-009,,,25,2.94895003662532e-006,0.000101605179952458,,
,19971921.591,,20.3625848388672,39999.9815625,90.0001831054688,3.04739083276218e-009,7999.9970703125,1.01860315771773e-007,7999.9970703125,,,,,2.08525122340565e-009,1.75044297549522e-009,,,25,3.04739083276218e-006,0.000101860315771773,,
,19971980.794,,20.165445098877,39999.97359375,90.0001831054688,2.40900628114105e-009,7999.9970703125,1.01338234962896e-007,7999.9970703125,,,,,2.19194628337637e-009,1.39123111426027e-009,,,25,2.40900628114105e-006,0.000101338234962896,,
,19972041.369,,19.9625463867187,39999.97828125,90.0001831054688,2.42392607333386e-009,7999.9970703125,1.01245698751882e-007,7999.9970703125,,,,,2.31705869556555e-009,1.28542539480525e-009,,,25,2.42392607333386e-006,0.000101245698751882,,
,19972101.336,,19.7627196502686,39999.984375,90.0001831054688,2.85049054269848e-009,7999.9970703125,1.00335815222934e-007,7999.9970703125,,,,,1.79434809533999e-009,1.41049091857195e-009,,,25,2.85049054269848e-006,0.000100335815222934,,
,19972160.881,,19.5639733123779,39999.975,90.0001831054688,2.95193958038453e-009,7999.9970703125,9.99032065737993e-008,7999.9970703125,,,,,2.11146647091442e-009,2.00521621124994e-009,,,25,2.95193958038453e-006,9.99032065737993e-005,,
,19972220.973,,19.364948348999,39999.96890625,90.0001831054688,2.62076116854359e-009,7999.9970703125,1.00034513743594e-007,7999.9970703125,,,,,2.08105944702444e-009,1.56737715068762e-009,,,25,2.6207611685436e-006,0.000100034513743594,,
,19972281.595,,19.1600756072998,39999.9834375,90.0001831054688,2.25234845487421e-009,7999.9970703125,9.89560608286411e-008,7999.9970703125,,,,,2.10526285329836e-009,2.24893033160328e-009,,,25,2.25234845487421e-006,9.89560608286411e-005,,
,19972341.156,,18.9616223907471,39999.999375,90.0001831054688,2.54321921730139e-009,7999.9970703125,9.8260958911851e-008,7999.9970703125,,,,,2.40894948686986e-009,2.10605517274918e-009,,,25,2.54321921730138e-006,9.8260958911851e-005,,
,19972400.623,,18.7628965759277,40000.15453125,90.0001831054688,2.5670983194459e-009,7999.9970703125,9.77985851932317e-008,7999.9970703125,,,,,2.11465806891514e-009,2.23819044881522e-009,,,25,2.5670983194459e-006,9.77985851932317e-005,,
,19972460.653,,18.5639221954346,40000.005,90.0001831054688,2.40449869124859e-009,7999.9970703125,9.71646059770137e-008,7999.9970703125,,,,,1.70451551108175e-009,2.17595429848652e-009,,,25,2.40449869124859e-006,9.71646059770137e-005,,
,19972520.385,,18.3637393951416,40000.0753125,90.0001831054688,1.99727774088387e-009,7999.9970703125,9.67961933929473e-008,7999.9970703125,,,,,1.95652212204811e-009,2.91315449087557e-009,,,25,1.99727774088387e-006,9.67961933929473e-005,,
,19972580.867,,18.1612471008301,39999.850625,90.0001831054688,2.46265977978055e-009,7999.9970703125,9.63576522190124e-008,7999.9970703125,,,,,3.02477763566125e-009,2.16945774529663e-009,,,25,2.46265977978055e-006,9.63576522190124e-005,,
,19972640.881,,17.9625914764404,39999.82171875,90.0001831054688,2.77442010059303e-009,7999.9970703125,9.47958987671882e-008,7999.9970703125,,,,,1.55518786003498e-009,2.49395231283291e-009,,,25,2.77442010059303e-006,9.47958987671882e-005,,
,19972700.676,,17.7622970581055,39999.80453125,90.0001831054688,2.59094949484506e-009,7999.9970703125,9.42738738376647e-008,7999.9970703125,,,,,2.42947401211172e-009,2.00938108609325e-009,,,25,2.59094949484506e-006,9.42738738376647e-005,,
,19972760.487,,17.5635796356201,39999.81234375,90.0001831054688,2.06439820658488e-009,7999.9970703125,9.34131827671081e-008,7999.9970703125,,,,,2.70038907870186e-009,1.9331453035602e-009,,,25,2.06439820658488e-006,9.34131827671081e-005,,
,19972820.095,,17.364369430542,39999.8046875,90.0001831054688,1.9152375153908e-009,7999.9970703125,9.27359249908477e-008,7999.9970703125,,,,,1.76288905258104e-009,2.08490226487307e-009,,,25,1.9152375153908e-006,9.27359249908477e-005,,
,19972880.233,,17.1620645141602,39999.69890625,90.0001831054688,1.57959806614372e-009,7999.9970703125,9.15247679222375e-008,7999.9970703125,,,,,2.136709407172e-009,2.02871278663516e-009,,,25,1.57959806614372e-006,9.15247679222375e-005,,
,19972940.044,,16.9632218170166,39999.865,90.0001831054688,2.87732198444246e-009,7999.9970703125,8.97079808055423e-008,7999.9970703125,,,,,2.05346792921086e-009,2.28772234094973e-009,,,25,2.87732198444246e-006,8.97079808055423e-005,,
,19972999.855,,16.7637762451172,39999.845,90.0001831054688,1.60195913736061e-009,7999.9970703125,8.83461447665468e-008,7999.9970703125,,,,,1.78126868843221e-009,1.69814382003474e-009,,,25,1.60195913736061e-006,8.83461447665468e-005,,
,19973059.743,,16.5640126037598,39999.94578125,90.0001831054688,2.10470585159328e-009,7999.9970703125,8.83103263913654e-008,7999.9970703125,,,,,1.44893399236465e-009,2.00250008238279e-009,,,25,2.10470585159328e-006,8.83103263913654e-005,,
,19973120.256,,16.3610701751709,40000.169375,90.0001831054688,2.455181274712e-009,7999.9970703125,8.6535289301537e-008,7999.9970703125,,,,,2.39072641620325e-009,1.76281172108004e-009,,,25,2.455181274712e-006,8.6535289301537e-005,,
,19973180.301,,16.1617675018311,39999.84484375,90.0001831054688,7.51773150966528e-010,7999.9970703125,8.570741629228e-008,7999.9970703125,,,,,2.51490870890477e-009,2.16534124169091e-009,,,25,7.51773150966528e-007,8.570741629228e-005,,
,19973239.456,,15.9641324234009,39999.855,90.0001831054688,2.13152793278937e-009,7999.9970703125,8.37578673963435e-008,7999.9970703125,,,,,2.65093339358778e-009,1.62925075081716e-009,,,25,2.13152793278937e-006,8.37578673963435e-005,,
,19973300.125,,15.762527961731,39999.85078125,90.0001831054688,1.35437626013868e-009,7999.9970703125,8.31239149556495e-008,7999.9970703125,,,,,2.36398363709227e-009,1.61311175568103e-009,,,25,1.35437626013868e-006,8.31239149556495e-005,,
,19973359.484,,15.5637203979492,39999.87359375,90.0001831054688,1.33202451763736e-009,7999.9970703125,8.10072975582443e-008,7999.9970703125,,,,,1.47265060998256e-009,1.88755707058622e-009,,,25,1.33202451763736e-006,8.10072975582443e-005,,
,19973419.497,,15.3619869232178,40000.163125,90.0001831054688,1.05311195000013e-009,7999.9970703125,8.05955971009098e-008,7999.9970703125,,,,,2.00387345853956e-009,1.85081259454705e-009,,,25,1.05311195000013e-006,8.05955971009098e-005,,
,19973479.23,,15.1613707733154,40000.1634375,90.0001831054688,1.20673364989443e-009,7999.9970703125,8.00019441521727e-008,7999.9970703125,,,,,1.55735092301834e-009,2.13699957945447e-009,,,25,1.20673364989443e-006,8.00019441521727e-005,,
,19973539.306,,14.9601137542725,39999.88640625,90.0001831054688,9.87500232270122e-010,7999.9970703125,7.79300866997801e-008,7999.9970703125,,,,,1.61215235961994e-009,1.5455039097485e-009,,,25,9.87500232270122e-007,7.79300866997801e-005,,
,19973598.898,,14.7623661422729,39999.874375,90.0001831054688,1.23954418427274e-009,7999.9970703125,7.76481287903152e-008,7999.9970703125,,,,,2.46781346549905e-009,1.88195568368008e-009,,,25,1.23954418427275e-006,7.76481287903152e-005,,
,19973658.865,,14.5602531051636,39999.885,90.0001831054688,1.64977325027849e-009,7999.9970703125,7.60580817586743e-008,7999.9970703125,,,,,2.1210918424026e-009,1.86270659841653e-009,,,25,1.64977325027849e-006,7.60580817586742e-005,,
,19973718.473,,14.360525894165,39999.885625,90.0001831054688,1.07846255531285e-009,7999.9970703125,7.57060511386953e-008,7999.9970703125,,,,,2.12789389690094e-009,1.57026803827397e-009,,,25,1.07846255531285e-006,7.57060511386953e-005,,
,19973778.081,,14.1617961883545,39999.875,90.0001831054688,9.44184426145966e-010,7999.9970703125,7.30718518025242e-008,7999.9970703125,,,,,2.08741763739712e-009,2.01753349163067e-009,,,25,9.44184426145966e-007,7.30718518025242e-005,,
,19973837.471,,13.961649055481,39999.89359375,90.0001831054688,6.66752670497317e-010,7999.9970703125,7.27034485316836e-008,7999.9970703125,,,,,2.10763996445344e-009,2.04176312443724e-009,,,25,6.66752670497317e-007,7.27034485316835e-005,,
,19973897.859,,13.7619297027588,39999.8771875,90.0001831054688,9.79975165762425e-010,7999.9970703125,7.27869509137236e-008,7999.9970703125,,,,,2.23810513892173e-009,2.63644753638206e-009,,,25,9.79975165762426e-007,7.27869509137236e-005,,
,19973957.794,,13.5599905014038,39999.8803125,90.0001831054688,8.09971492685691e-010,7999.9970703125,7.12162940180861e-008,7999.9970703125,,,,,1.52236801611254e-009,1.68122536520778e-009,,,25,8.0997149268569e-007,7.1216294018086e-005,,
,19974017.995,,13.3606198883057,39999.87078125,90.0001831054688,1.14408355045725e-009,7999.9970703125,6.99856909341179e-008,7999.9970703125,,,,,2.13464704105839e-009,1.7694563506161e-009,,,25,1.14408355045725e-006,6.99856909341179e-005,,
,19974077.837,,13.1597031402588,39999.86671875,90.0001831054688,9.03876774032142e-010,7999.9970703125,6.8777420965489e-008,7999.9970703125,,,,,2.34967955584355e-009,1.66504356169463e-009,,,25,9.03876774032142e-007,6.8777420965489e-005,,
,19974137.211,,12.9624695587158,39999.86421875,90.0001831054688,1.26192383135049e-009,7999.9970703125,6.82896593934856e-008,7999.9970703125,,,,,1.62090030964057e-009,1.5602803891787e-009,,,25,1.26192383135049e-006,6.82896593934856e-005,,
,19974196.866,,12.763186378479,39999.89671875,90.0001831054688,1.87199620526712e-009,7999.9970703125,6.7467785847839e-008,7999.9970703125,,,,,2.39408842804515e-009,2.30080650483151e-009,,,25,1.87199620526712e-006,6.7467785847839e-005,,
,19974256.708,,12.561562461853,39999.8715625,90.0001831054688,-3.32621962400026e-010,7999.9970703125,6.66160727269016e-008,7999.9970703125,,,,,1.76364609912434e-009,1.73134685205371e-009,,,25,-3.32621962400026e-007,6.66160727269016e-005,,
,19974316.269,,12.361667137146,39999.8628125,90.0001831054688,1.03966365145425e-009,7999.9970703125,6.6328200919088e-008,7999.9970703125,,,,,1.98758188282773e-009,1.62193030600803e-009,,,25,1.03966365145425e-006,6.6328200919088e-005,,
,19974376.735,,12.1576689910889,39999.86734375,90.0001831054688,1.36781524957996e-009,7999.9970703125,6.45427065319382e-008,7999.9970703125,,,,,2.12578169862068e-009,1.59215990071719e-009,,,25,1.36781524957996e-006,6.45427065319382e-005,,
,19974435.891,,11.9631363296509,39999.8628125,90.0001831054688,1.86275883606602e-014,7999.9970703125,6.4013212104328e-008,7999.9970703125,,,,,2.11869261637553e-009,1.87552555648292e-009,,,25,1.86275883606868e-011,6.4013212104328e-005,,
,19974496.076,,11.7622423171997,39999.81625,90.0001831054688,5.84684484010723e-010,7999.9970703125,6.34926215570886e-008,7999.9970703125,,,,,1.8863690315508e-009,1.41607082376361e-009,,,25,5.84684484010722e-007,6.34926215570886e-005,,
,19974556.198,,11.5593830871582,39999.825,90.0001831054688,6.96592247209082e-010,7999.9970703125,6.19845947949216e-008,7999.9970703125,,,,,1.68485500602764e-009,2.135143466314e-009,,,25,6.96592247209082e-007,6.19845947949216e-005,,
,19974616.165,,11.3599380493164,39999.8265625,90.0001831054688,1.34544488616939e-009,7999.9970703125,6.19070159154944e-008,7999.9970703125,,,,,2.1826875714453e-009,1.83511157714889e-009,,,25,1.34544488616939e-006,6.19070159154944e-005,,
,19974675.789,,11.1617377090454,39999.8315625,90.0001831054688,6.62282303949269e-010,7999.9970703125,6.08255631232168e-008,7999.9970703125,,,,,1.69004679300823e-009,1.91151701678171e-009,,,25,6.62282303949269e-007,6.08255631232169e-005,,
,19974736.161,,10.9592726898193,39999.83390625,90.0001831054688,5.38472240236843e-010,7999.9970703125,5.99798660550732e-008,7999.9970703125,,,,,1.87617479749e-009,1.86198409077235e-009,,,25,5.38472240236842e-007,5.99798660550732e-005,,
,19974795.598,,10.7619190597534,39999.8378125,90.0001831054688,7.30902177110693e-010,7999.9970703125,5.85806924209464e-008,7999.9970703125,,,,,2.40156865749033e-009,1.77914902971648e-009,,,25,7.30902177110693e-007,5.85806924209464e-005,,
,19974854.769,,10.564482460022,40000.00453125,90.0001831054688,5.5787171220345e-010,7999.9970703125,5.85180330381263e-008,7999.9970703125,,,,,2.19442724760406e-009,2.28778795849099e-009,,,25,5.5787171220345e-007,5.85180330381263e-005,,
,19974914.985,,10.3596870040894,39999.815625,90.0001831054688,1.46775549296763e-009,7999.9970703125,5.71397869498469e-008,7999.9970703125,,,,,1.87307908645256e-009,2.26477888603944e-009,,,25,1.46775549296763e-006,5.71397869498469e-005,,
,19974974.624,,10.1611922836304,39999.79203125,90.0001831054688,7.06995126336096e-010,7999.9970703125,5.77781809261069e-008,7999.9970703125,,,,,1.62367833062697e-009,1.83678763262179e-009,,,25,7.06995126336096e-007,5.77781809261069e-005,,
,19975034.576,,9.95939361572266,39999.8178125,90.0001831054688,-3.11751007302519e-010,7999.9970703125,5.58868037478533e-008,7999.9970703125,,,,,2.23597108530083e-009,1.70422620462339e-009,,,25,-3.11751007302519e-007,5.58868037478533e-005,,
,19975091.828,,9.7650622177124,39999.823125,90.0001831054688,4.45991881861119e-010,7999.9970703125,5.56153224897571e-008,7999.9970703125,,,,,2.21209394939668e-009,1.97658068258475e-009,,,25,4.45991881861119e-007,5.56153224897571e-005,,
,19975153.667,,9.55795993804932,40000.119375,90.0001831054688,5.23561762122427e-010,7999.9970703125,5.47382490185555e-008,7999.9970703125,,,,,2.00581940787891e-009,1.78836770380034e-009,,,25,5.23561762122426e-007,5.47382490185555e-005,,
,19975214.648,,9.36219882965088,39999.7953125,90.0001831054688,6.30933990777294e-010,7999.9970703125,5.44413992611226e-008,7999.9970703125,,,,,1.49001524760223e-009,2.13514578299915e-009,,,25,6.30933990777294e-007,5.44413992611226e-005,,
,19975244.335,,9.22685432434082,39999.7975,90.0001831054688,4.86252980209656e-010,7999.9970703125,5.4017758811824e-008,7999.9970703125,,,,,2.62690658266327e-009,2.17349339096782e-009,,,25,4.86252980209656e-007,5.4017758811824e-005,,
,19975338.122,,8.96268062591553,39999.7990625,90.0001831054688,8.74083736164266e-010,7999.9970703125,5.31481915095355e-008,7999.9970703125,,,,,1.55706530028057e-009,1.52406258951579e-009,,,25,8.74083736164266e-007,5.31481915095355e-005,,
,19975397.949,,8.76145488739014,39999.8059375,90.0001831054688,9.3975136167046e-010,7999.9970703125,5.23665788932703e-008,7999.9970703125,,,,,1.66136894817402e-009,1.82789898331598e-009,,,25,9.3975136167046e-007,5.23665788932703e-005,,
,19975458.087,,8.56108329772949,39999.83234375,90.0001831054688,1.03075090848392e-009,7999.9970703125,5.21458275034092e-008,7999.9970703125,,,,,2.20216528350138e-009,2.03270022037127e-009,,,25,1.03075090848392e-006,5.21458275034092e-005,,
,19975518.506,,8.36099689483643,39999.83203125,90.0001831054688,6.11693010910131e-011,7999.9970703125,5.17997572023887e-008,7999.9970703125,,,,,2.16997467149524e-009,1.68237351496687e-009,,,25,6.1169301091013e-008,5.17997572023887e-005,,
,19975577.537,,8.16130420684815,39999.83984375,90.0001831054688,1.04713285665525e-009,7999.9970703125,5.15506563533563e-008,7999.9970703125,,,,,1.81445688142212e-009,1.87357204542745e-009,,,25,1.04713285665525e-006,5.15506563533563e-005,,
,19975637.894,,7.96189800262451,39999.84109375,90.0001831054688,1.02925145938571e-009,7999.9970703125,5.03737438702956e-008,7999.9970703125,,,,,1.62081984080158e-009,1.69876151046773e-009,,,25,1.02925145938571e-006,5.03737438702956e-005,,
,19975697.736,,7.76032203674316,39999.8634375,90.0001831054688,3.75863274371113e-010,7999.9970703125,4.99620247865096e-008,7999.9970703125,,,,,1.71737442688288e-009,1.75519368472342e-009,,,25,3.75863274371113e-007,4.99620247865096e-005,,
,19975758.077,,7.56039133071899,39999.79234375,90.0001831054688,1.19927376658779e-009,7999.9970703125,4.97845705831423e-008,7999.9970703125,,,,,2.11424996549226e-009,1.69689438050735e-009,,,25,1.19927376658779e-006,4.97845705831423e-005,,
,19975817.888,,7.35835807800293,39999.7653125,90.0001831054688,4.83263432329295e-010,7999.9970703125,4.90655616158619e-008,7999.9970703125,,,,,1.49217247444217e-009,1.69569630721644e-009,,,25,4.83263432329295e-007,4.9065561615862e-005,,
,19975877.277,,7.15955129623413,39999.91546875,90.0001831054688,6.50342761900902e-010,7999.9970703125,4.85450174892321e-008,7999.9970703125,,,,,1.70577172293913e-009,1.916340601147e-009,,,25,6.50342761900902e-007,4.85450174892321e-005,,
,19975937.26,,6.95860939025879,39999.89,90.0001831054688,5.95161870364791e-010,7999.9970703125,4.8037875094451e-008,7999.9970703125,,,,,1.79394950730224e-009,1.53114214060307e-009,,,25,5.95161870364791e-007,4.8037875094451e-005,,
,19975996.883,,6.75858863830566,39999.88359375,90.0001831054688,4.43002346912636e-010,7999.9970703125,4.8054238432087e-008,7999.9970703125,,,,,1.59967579791986e-009,1.38646973975515e-009,,,25,4.43002346912635e-007,4.8054238432087e-005,,
,19976056.897,,6.55833488464355,39999.885625,90.0001831054688,1.81989799443727e-010,7999.9970703125,4.64552413905039e-008,7999.9970703125,,,,,1.72973512762449e-009,1.78224776145022e-009,,,25,1.81989799443727e-007,4.64552413905039e-005,,
,19976117.191,,6.35661996841431,39999.898125,90.0001831054688,4.99729228380375e-010,7999.9970703125,4.61688592622522e-008,7999.9970703125,,,,,1.46558995462185e-009,2.2372040167604e-009,,,25,4.99729228380374e-007,4.61688592622522e-005,,
,19976176.409,,6.15853687286377,39999.91109375,90.0001831054688,-2.92379489934547e-010,7999.9970703125,4.58586079184897e-008,7999.9970703125,,,,,1.64152320499401e-009,2.04976952987454e-009,,,25,-2.92379489934547e-007,4.58586079184897e-005,,
,19976236.688,,5.95853336334229,39999.89734375,90.0001831054688,4.95221617740072e-010,7999.9970703125,4.50859266857151e-008,7999.9970703125,,,,,1.85633186128244e-009,2.15339563435808e-009,,,25,4.95221617740071e-007,4.50859266857151e-005,,
,19976297.06,,5.75888889312744,39999.90015625,90.0001831054688,-5.44442036414239e-010,7999.9970703125,4.45504163508303e-008,7999.9970703125,,,,,2.01323631203959e-009,2.24613229847963e-009,,,25,-5.44442036414239e-007,4.45504163508303e-005,,
,19976356.887,,5.55927043914795,39999.87796875,90.0001831054688,3.96762166019471e-010,7999.9970703125,4.34406516433228e-008,7999.9970703125,,,,,2.00493424038077e-009,1.9277747101487e-009,,,25,3.96762166019471e-007,4.34406516433228e-005,,
,19976416.292,,5.36280117034912,39999.92015625,90.0001831054688,1.38739158046519e-010,7999.9970703125,4.3713668565033e-008,7999.9970703125,,,,,1.64419528110623e-009,2.00072124608454e-009,,,25,1.38739158046519e-007,4.3713668565033e-005,,
,19976476.54,,5.15994709014893,39999.90890625,90.0001831054688,2.89352705067358e-010,7999.9970703125,4.25218265445437e-008,7999.9970703125,,,,,1.5528423209144e-009,2.21676159948975e-009,,,25,2.89352705067358e-007,4.25218265445437e-005,,
,19976536.46,,4.96007154464722,39999.97734375,90.0001831054688,6.48852644076214e-010,7999.9970703125,4.2339836654719e-008,7999.9970703125,,,,,2.07020591938389e-009,1.93590657444398e-009,,,25,6.48852644076214e-007,4.2339836654719e-005,,
,19976596.816,,4.76025579452515,39999.91578125,90.0001831054688,7.21924222659709e-010,7999.9970703125,4.29498909215908e-008,7999.9970703125,,,,,1.65314827325165e-009,1.3099816155082e-009,,,25,7.21924222659709e-007,4.29498909215908e-005,,
,19976656.518,,4.56048133850098,39999.9459375,90.0001831054688,-1.26818235628434e-010,7999.9970703125,4.29618488124106e-008,7999.9970703125,,,,,1.98056322291276e-009,2.15543285787616e-009,,,25,-1.26818235628434e-007,4.29618488124106e-005,,
,19976716.344,,4.36178695678711,39999.9515625,90.0001831054688,2.29682851227153e-010,7999.9970703125,4.14955921587534e-008,7999.9970703125,,,,,1.60701644988759e-009,1.77616028494066e-009,,,25,2.29682851227153e-007,4.14955921587534e-005,,
,19976777.497,,4.15714542388916,39999.9403125,90.0001831054688,6.02621770013911e-010,7999.9970703125,4.13777424546424e-008,7999.9970703125,,,,,1.79348991798936e-009,1.7284522301265e-009,,,25,6.02621770013911e-007,4.13777424546424e-005,,
,19976836.59,,3.96027060508728,39999.95109375,90.0001831054688,2.28211359853958e-010,7999.9970703125,4.11271516350098e-008,7999.9970703125,,,,,1.44100259146743e-009,1.80576452276047e-009,,,25,2.28211359853958e-007,4.11271516350098e-005,,
,19976896.635,,3.75739170074463,39999.93328125,90.0001831054688,5.72763556050404e-010,7999.9970703125,4.14001687022392e-008,7999.9970703125,,,,,1.48608912733656e-009,1.93779095937208e-009,,,25,5.72763556050404e-007,4.14001687022392e-005,,
,19976956.726,,3.55914842605591,40000.22921875,90.0001831054688,2.95359736810497e-010,7999.9970703125,4.1409090772504e-008,7999.9970703125,,,,,1.60251473293543e-009,1.66562354819025e-009,,,25,2.95359736810497e-007,4.1409090772504e-005,,
,19977017.863,,3.35734812736511,39999.9346875,90.0001831054688,-2.2379678910056e-011,7999.9970703125,4.04767898726277e-008,7999.9970703125,,,,,2.14537199756799e-009,1.79029423531966e-009,,,25,-2.23796789100561e-008,4.04767898726277e-005,,
,19977076.441,,3.16108514785767,39999.9428125,90.0001831054688,3.52030720875973e-010,7999.9970703125,4.12941841932479e-008,7999.9970703125,,,,,1.74915370103451e-009,1.93095475493647e-009,,,25,3.52030720875973e-007,4.12941841932479e-005,,
,19977137.469,,2.95579062461853,39999.97125,90.0001831054688,2.13300876623634e-010,7999.9970703125,4.00322508357931e-008,7999.9970703125,,,,,1.75070352490709e-009,2.1601027490366e-009,,,25,2.13300876623634e-007,4.00322508357931e-005,,
,19977197.529,,2.75885087013245,40000.0171875,90.0001831054688,2.38660788909328e-010,7999.9970703125,4.06722002662718e-008,7999.9970703125,,,,,2.15548232008658e-009,1.98813607867351e-009,,,25,2.38660788909328e-007,4.06722002662718e-005,,
,19977257.839,,2.55936156272888,39999.9375,90.0001831054688,6.47362498114035e-010,7999.9970703125,4.07751672901213e-008,7999.9970703125,,,,,2.13383304911651e-009,1.92751507826736e-009,,,25,6.47362498114035e-007,4.07751672901213e-005,,
,19977318.773,,2.35695168495178,39999.94921875,90.0001831054688,2.20770087082656e-010,7999.9970703125,4.02590281737503e-008,7999.9970703125,,,,,1.91908305193447e-009,2.06157071232914e-009,,,25,2.20770087082656e-007,4.02590281737503e-005,,
,19977378.366,,2.15774851799011,39999.9546875,90.0001831054688,9.5312512428336e-010,7999.9970703125,4.02187761210371e-008,7999.9970703125,,,,,1.3648584900239e-009,1.99832522091132e-009,,,25,9.5312512428336e-007,4.02187761210371e-005,,
,19977500.686,,2.00668190002441,39999.9534375,90.0001831054688,-1.50660106612577e-010,7999.9970703125,4.04603706556372e-008,7999.9970703125,,,,,1.68557447861688e-009,1.99668095268763e-009,,,25,-1.50660106612577e-007,4.04603706556372e-005,,
,19977582.431,,2.03992833137512,47070.47453125,90.0001831054688,1.21122262726203e-009,7999.9970703125,4.21399559127167e-008,7999.9970703125,,,,,1.3801228448894e-009,2.54262997505777e-009,,,25,1.21122262726203e-006,4.21399559127167e-005,,
,19984417.24,,25.0719979858398,89999.79375,90.0001831054688,3.67983354976786e-009,7999.9970703125,1.11795988050289e-007,7999.9970703125,,,,,1.82517891739953e-009,1.92108194227021e-009,,,25,3.67983354976786e-006,0.000111795988050289,,
,19985769.192,,24.9149981689453,-40000.1034375,90.0001831054688,2.09274763960821e-009,7999.9970703125,1.08469680999406e-007,7999.9970703125,,,,,2.69432532306804e-009,2.07800638535609e-009,,,25,2.09274763960821e-006,0.000108469680999406,,
,19985826.085,,24.7550259399414,-40000.085625,90.0001831054688,2.03906617144867e-009,7999.9970703125,1.08554664766416e-007,7999.9970703125,,,,,2.29487074499419e-009,2.2191061624538e-009,,,25,2.03906617144867e-006,0.000108554664766416,,
,19985892.635,,24.5663073730469,-40000.1184375,90.0001831054688,1.39019496188553e-009,7999.9970703125,1.09563018777408e-007,7999.9970703125,,,,,1.88623546362198e-009,2.15433666420118e-009,,,25,1.39019496188553e-006,0.000109563018777408,,
,19985951.728,,24.3695481109619,-39999.98671875,90.0001831054688,2.08082670326348e-009,7999.9970703125,1.0831750347279e-007,7999.9970703125,,,,,2.13681009444313e-009,2.38978498472163e-009,,,25,2.08082670326348e-006,0.00010831750347279,,
,19986011.773,,24.1692109680176,-40000.00265625,90.0001831054688,1.07398289330263e-009,7999.9970703125,1.08587493887171e-007,7999.9970703125,,,,,2.47451980006306e-009,2.02519960498073e-009,,,25,1.07398289330263e-006,0.000108587493887171,,
,19986071.194,,23.9695818328857,-40000.06875,90.0001831054688,1.28873662077922e-009,7999.9970703125,1.08144481200725e-007,7999.9970703125,,,,,2.15386186303414e-009,1.51321494944266e-009,,,25,1.28873662077922e-006,0.000108144481200725,,
,19986131.285,,23.7641437530518,-40000.111875,90.0001831054688,1.43047465684276e-009,7999.9970703125,1.0825338162249e-007,7999.9970703125,,,,,1.38071043562484e-009,1.81673454444054e-009,,,25,1.43047465684276e-006,0.00010825338162249,,
,19986192.017,,23.5617512512207,-39999.83328125,90.0001831054688,2.49845054156594e-009,7999.9970703125,1.07698489155155e-007,7999.9970703125,,,,,1.7746294569595e-009,1.92079125085724e-009,,,25,2.49845054156594e-006,0.000107698489155155,,
,19986251.656,,23.3632077789307,-39999.81046875,90.0001831054688,1.16199290346231e-009,7999.9970703125,1.06718476163223e-007,7999.9970703125,,,,,1.68101989564682e-009,1.65602985958815e-009,,,25,1.16199290346231e-006,0.000106718476163223,,
,19986311.513,,23.1620379638672,-39999.7740625,90.0001831054688,1.93907937926952e-009,7999.9970703125,1.06849765288644e-007,7999.9970703125,,,,,2.07303737622391e-009,1.85831683944705e-009,,,25,1.93907937926951e-006,0.000106849765288644,,
,19986371.855,,22.9608620452881,-40000.1184375,90.0001831054688,1.33950304871178e-009,7999.9970703125,1.06217322463635e-007,7999.9970703125,,,,,1.94889480294524e-009,2.1479930188529e-009,,,25,1.33950304871178e-006,0.000106217322463635,,
,19986430.651,,22.7632542419434,-40000.0565625,90.0001831054688,1.90030840229838e-009,7999.9970703125,1.0659617575584e-007,7999.9970703125,,,,,2.01472815886384e-009,1.92035003912134e-009,,,25,1.90030840229838e-006,0.00010659617575584,,
,19986490.868,,22.5590660858154,-39999.85421875,90.0001831054688,1.8153159012968e-009,7999.9970703125,1.06600664439611e-007,7999.9970703125,,,,,1.59705038945909e-009,2.03303869195569e-009,,,25,1.8153159012968e-006,0.000106600664439611,,
,19986550.975,,22.361378326416,-39999.91578125,90.0001831054688,1.45878687106915e-009,7999.9970703125,1.05189579771832e-007,7999.9970703125,,,,,2.58722609407877e-009,1.97628178398754e-009,,,25,1.45878687106915e-006,0.000105189579771832,,
,19986610.801,,22.1626008605957,-39999.999375,90.0001831054688,1.47969509370682e-009,7999.9970703125,1.05091120349243e-007,7999.9970703125,,,,,1.76616511670051e-009,2.18120710028778e-009,,,25,1.47969509370682e-006,0.000105091120349243,,
,19986670.004,,21.9681369018555,-40000.02421875,90.0001831054688,1.07995266148464e-009,7999.9970703125,1.05040409835055e-007,7999.9970703125,,,,,1.89406339499598e-009,2.35534349944284e-009,,,25,1.07995266148464e-006,0.000105040409835055,,
,19986730.673,,21.7619101715088,-40000.01671875,90.0001831054688,1.78251469833413e-009,7999.9970703125,1.05389460222796e-007,7999.9970703125,,,,,1.86659893589857e-009,2.16359943963972e-009,,,25,1.78251469833413e-006,0.000105389460222796,,
,19986790.125,,21.5624736022949,-40000.0125,90.0001831054688,1.86451764875528e-009,7999.9970703125,1.04000737192109e-007,7999.9970703125,,,,,3.05614205417474e-009,1.80458269294567e-009,,,25,1.86451764875528e-006,0.000104000737192109,,
,19986849.935,,21.3608805847168,-40000.01625,90.0001831054688,1.44092409016139e-009,7999.9970703125,1.03650187375024e-007,7999.9970703125,,,,,1.3793692383031e-009,1.98225409307257e-009,,,25,1.44092409016139e-006,0.000103650187375024,,
,19986910.152,,21.1632108306885,-40000.02984375,90.0001831054688,1.95107483648371e-009,7999.9970703125,1.03903786512092e-007,7999.9970703125,,,,,2.62636835878465e-009,1.7922447694739e-009,,,25,1.95107483648371e-006,0.000103903786512092,,
,19986970.056,,20.961241607666,-40000.02421875,90.0001831054688,1.7198366890625e-009,7999.9970703125,1.02773142571095e-007,7999.9970703125,,,,,2.16084117441876e-009,2.93257324098912e-009,,,25,1.7198366890625e-006,0.000102773142571095,,
,19987030.007,,20.7630826568604,-39999.9984375,90.0001831054688,1.67957559085608e-009,7999.9970703125,1.02902903454378e-007,7999.9970703125,,,,,2.55795650154226e-009,1.34165247902514e-009,,,25,1.67957559085608e-006,0.000102902903454378,,
,19987089.085,,20.5654432678223,-39999.99046875,90.0001831054688,1.26637553776732e-009,7999.9970703125,1.01709609152749e-007,7999.9970703125,,,,,2.20198115983402e-009,1.76965905892073e-009,,,25,1.26637553776732e-006,0.000101709609152749,,
,19987150.05,,20.3615030670166,-39999.9853125,90.0001831054688,1.46925494675543e-009,7999.9970703125,1.0280744289048e-007,7999.9970703125,,,,,2.18667610431548e-009,2.12388036581042e-009,,,25,1.46925494675543e-006,0.00010280744289048,,
,19987209.908,,20.1620918273926,-39999.898125,90.0001831054688,1.18729695941511e-009,7999.9970703125,1.0189009946771e-007,7999.9970703125,,,,,1.99319414834177e-009,1.35246028435963e-009,,,25,1.18729695941511e-006,0.00010189009946771,,
,19987269.094,,19.9653479766846,-40000.0978125,90.0001831054688,1.6691540724878e-009,7999.9970703125,1.00922017591074e-007,7999.9970703125,,,,,1.67998051433517e-009,1.99450359277416e-009,,,25,1.6691540724878e-006,0.000100922017591074,,
,19987328.858,,19.7647308349609,-40000.11984375,90.0001831054688,8.15913327585349e-010,7999.9970703125,1.01086116628721e-007,7999.9970703125,,,,,2.39423199918277e-009,2.06795495870793e-009,,,25,8.15913327585349e-007,0.000101086116628721,,
,19987389.012,,19.5652084350586,-40000.14046875,90.0001831054688,8.51750620114444e-010,7999.9970703125,1.00265705259517e-007,7999.9970703125,,,,,2.06274238552265e-009,1.83931136127209e-009,,,25,8.51750620114444e-007,0.000100265705259517,,
,19987448.745,,19.3662403106689,-40000.13203125,90.0001831054688,1.07994335309058e-009,7999.9970703125,9.98689525295049e-008,7999.9970703125,,,,,2.33834402045311e-009,3.02727196549049e-009,,,25,1.07994335309058e-006,9.98689525295049e-005,,
,19987508.868,,19.1627256011963,-39999.96515625,90.0001831054688,1.41557349991217e-009,7999.9970703125,9.89948224741965e-008,7999.9970703125,,,,,2.11728530943297e-009,1.54199447112873e-009,,,25,1.41557349991217e-006,9.89948224741966e-005,,
,19987568.944,,18.9639711761475,-40000.100625,90.0001831054688,2.17779605804935e-009,7999.9970703125,9.92424611467868e-008,7999.9970703125,,,,,2.23341394160122e-009,2.30138075646877e-009,,,25,2.17779605804935e-006,9.92424611467868e-005,,
,19987628.755,,18.7633680725098,-40000.10015625,90.0001831054688,1.7033988150672e-009,7999.9970703125,9.87069320399314e-008,7999.9970703125,,,,,1.71312996679863e-009,2.18068134763398e-009,,,25,1.7033988150672e-006,9.87069320399314e-005,,
,19987688.612,,18.5647053527832,-40000.1015625,90.0001831054688,7.383527690763e-010,7999.9970703125,9.78701666463167e-008,7999.9970703125,,,,,1.68551556278024e-009,1.92112875923967e-009,,,25,7.383527690763e-007,9.78701666463166e-005,,
,19987748.423,,18.3637799835205,-40000.07109375,90.0001831054688,1.1784028117745e-009,7999.9970703125,9.67544142622501e-008,7999.9970703125,,,,,1.84432967905657e-009,1.80191989075686e-009,,,25,1.1784028117745e-006,9.67544142622501e-005,,
,19987808.468,,18.1624295043945,-40000.074375,90.0001831054688,1.13214400812467e-009,7999.9970703125,9.59623616654426e-008,7999.9970703125,,,,,1.95418299311777e-009,2.26052764314143e-009,,,25,1.13214400812467e-006,9.59623616654426e-005,,
,19987868.232,,17.963656463623,-40000.08703125,90.0001831054688,1.15897542798393e-009,7999.9970703125,9.57773730624467e-008,7999.9970703125,,,,,1.42181306409316e-009,1.68474964110946e-009,,,25,1.15897542798393e-006,9.57773730624467e-005,,
,19987928.885,,17.7602885437012,-40000.08796875,90.0001831054688,1.17841213238989e-009,7999.9970703125,9.41783853340894e-008,7999.9970703125,,,,,2.12890451283925e-009,1.9932871167342e-009,,,25,1.17841213238989e-006,9.41783853340894e-005,,
,19987988.696,,17.5601919555664,-39999.76828125,90.0001831054688,1.25893430691804e-009,7999.9970703125,9.37830761540681e-008,7999.9970703125,,,,,1.9285212170077e-009,2.25116157063652e-009,,,25,1.25893430691804e-006,9.37830761540681e-005,,
,19988047.649,,17.3636919403076,-39999.91234375,90.0001831054688,6.17560209406065e-010,7999.9970703125,9.2912019463256e-008,7999.9970703125,,,,,2.00189440539634e-009,1.87789316079824e-009,,,25,6.17560209406065e-007,9.2912019463256e-005,,
,19988107.615,,17.164239654541,-39999.761875,90.0001831054688,8.65133741569934e-010,7999.9970703125,9.13651857990772e-008,7999.9970703125,,,,,1.91280235109682e-009,1.97822963568068e-009,,,25,8.65133741569934e-007,9.13651857990772e-005,,
,19988168.003,,16.9617733001709,-40000.0546875,90.0001831054688,1.41700790123878e-010,7999.9970703125,9.05880343634636e-008,7999.9970703125,,,,,2.02240442069155e-009,1.58429698384991e-009,,,25,1.41700790123878e-007,9.05880343634635e-005,,
,19988228.407,,16.7628845214844,-40000.020625,90.0001831054688,2.04322908103904e-010,7999.9970703125,8.91038691042922e-008,7999.9970703125,,,,,1.70150466684055e-009,2.154953856886e-009,,,25,2.04322908103904e-007,8.91038691042922e-005,,
,19988288.218,,16.5633670043945,-39999.763125,90.0001831054688,3.01282938437453e-010,7999.9970703125,8.8398355001118e-008,7999.9970703125,,,,,2.08718579972875e-009,1.69967960381791e-009,,,25,3.01282938437453e-007,8.8398355001118e-005,,
,19988348.138,,16.3613465118408,-40000.0509375,90.0001831054688,4.57912812379391e-010,7999.9970703125,8.65188884199597e-008,7999.9970703125,,,,,2.70180567284353e-009,1.86415018837904e-009,,,25,4.57912812379391e-007,8.65188884199597e-005,,
,19988407.356,,16.1647592926025,-40000.044375,90.0001831054688,6.02640411955235e-010,7999.9970703125,8.58118271571584e-008,7999.9970703125,,,,,2.5689117630088e-009,2.18744493585176e-009,,,25,6.02640411955235e-007,8.58118271571584e-005,,
,19988468.134,,15.9619250106812,-40000.0453125,90.0001831054688,5.10160042779262e-010,7999.9970703125,8.44529786263592e-008,7999.9970703125,,,,,1.94971059020334e-009,2.0266704340686e-009,,,25,5.10160042779262e-007,8.44529786263593e-005,,
,19988527.492,,15.7632934951782,-40000.0565625,90.0001831054688,-4.13181384004702e-010,7999.9970703125,8.35400589858182e-008,7999.9970703125,,,,,1.90134126007429e-009,2.1170890211401e-009,,,25,-4.13181384004702e-007,8.35400589858182e-005,,
,19988587.755,,15.5618343734741,-40000.06265625,90.0001831054688,1.87959579562857e-010,7999.9970703125,8.19455212331377e-008,7999.9970703125,,,,,1.57964077527782e-009,1.92159005632659e-009,,,25,1.87959579562857e-007,8.19455212331377e-005,,
,19988646.973,,15.3631412506104,-40000.074375,90.0001831054688,-3.7139292885513e-010,7999.9970703125,8.07895450270735e-008,7999.9970703125,,,,,1.98915648748589e-009,1.49945615784246e-009,,,25,-3.7139292885513e-007,8.07895450270735e-005,,
,19988707.704,,15.1590183258057,-40000.10578125,90.0001831054688,-4.38531989459534e-010,7999.9970703125,7.97260118997656e-008,7999.9970703125,,,,,2.2224018865297e-009,1.81086481765475e-009,,,25,-4.38531989459534e-007,7.97260118997656e-005,,
,19988766.345,,14.963165435791,-40000.10671875,90.0001831054688,-3.05790530319428e-010,7999.9970703125,7.8913088364061e-008,7999.9970703125,,,,,2.0176931351846e-009,2.00539214885112e-009,,,25,-3.05790530319428e-007,7.8913088364061e-005,,
,19988826.655,,14.762289390564,-40000.07234375,90.0001831054688,-6.6970495694818e-010,7999.9970703125,7.70873329020105e-008,7999.9970703125,,,,,2.7079702568722e-009,2.02773811794293e-009,,,25,-6.69704956948181e-007,7.70873329020105e-005,,
,19988886.279,,14.5614231872559,-40000.096875,90.0001831054688,-2.86381763885402e-010,7999.9970703125,7.68024133867584e-008,7999.9970703125,,,,,2.46708811578803e-009,1.7187172552241e-009,,,25,-2.86381763885402e-007,7.68024133867584e-005,,
,19988946.386,,14.3608364868164,-40000.08703125,90.0001831054688,-3.26680123237111e-010,7999.9970703125,7.53928101039492e-008,7999.9970703125,,,,,2.16146413775666e-009,1.65676134558226e-009,,,25,-3.26680123237111e-007,7.53928101039492e-005,,
,19989005.9,,14.1613407516479,-40000.08375,90.0001831054688,-6.42920108049339e-010,7999.9970703125,7.38847753382288e-008,7999.9970703125,,,,,2.25515787201177e-009,2.06422638831004e-009,,,25,-6.42920108049339e-007,7.38847753382288e-005,,
,19989066.382,,13.9612167358398,-40000.08703125,90.0001831054688,-1.87950272163562e-010,7999.9970703125,7.37997735268436e-008,7999.9970703125,,,,,1.54775779722253e-009,1.8656002910097e-009,,,25,-1.87950272163562e-007,7.37997735268436e-005,,
,19989125.459,,13.7627297210693,-39999.9403125,90.0001831054688,-9.66592039617353e-010,7999.9970703125,7.30285918689333e-008,7999.9970703125,,,,,1.9783674813655e-009,2.36715534259191e-009,,,25,-9.66592039617353e-007,7.30285918689333e-005,,
,19989185.177,,13.5632402801514,-39999.96,90.0001831054688,-9.80040384206405e-010,7999.9970703125,7.14728175080381e-008,7999.9970703125,,,,,2.81942888658514e-009,2.43126870577062e-009,,,25,-9.80040384206404e-007,7.14728175080381e-005,,
,19989245.845,,13.3605841445923,-39999.935625,90.0001831054688,-8.62153526952625e-010,7999.9970703125,7.10626257932745e-008,7999.9970703125,,,,,1.93288923547752e-009,1.90834817511438e-009,,,25,-8.62153526952625e-007,7.10626257932745e-005,,
,19989305.251,,13.1579858779907,-39999.944375,90.0001831054688,-6.41308838567056e-011,7999.9970703125,7.01915411627851e-008,7999.9970703125,,,,,1.99693078000061e-009,2.34022335759394e-009,,,25,-6.41308838567056e-008,7.01915411627851e-005,,
,19989364.905,,12.9605408477783,-40000.249375,90.0001831054688,-1.07098404257044e-009,7999.9970703125,6.83419159031473e-008,7999.9970703125,,,,,2.12195431208546e-009,1.9997929937497e-009,,,25,-1.07098404257044e-006,6.83419159031473e-005,,
,19989425.278,,12.7574890518188,-40000.2596875,90.0001831054688,-5.205442791123e-010,7999.9970703125,6.82897058140952e-008,7999.9970703125,,,,,1.83387962852937e-009,2.20516375808946e-009,,,25,-5.20544279112301e-007,6.82897058140952e-005,,
,19989484.87,,12.559571723938,-40000.22765625,90.0001831054688,-7.65193494771666e-010,7999.9970703125,6.7384283465799e-008,7999.9970703125,,,,,1.90111954047502e-009,2.10361597427842e-009,,,25,-7.65193494771665e-007,6.73842834657989e-005,,
,19989544.65,,12.3574409866333,-40000.22234375,90.0001831054688,-8.93483222910163e-010,7999.9970703125,6.57688298088033e-008,7999.9970703125,,,,,1.96518148410504e-009,1.90383388753344e-009,,,25,-8.93483222910163e-007,6.57688298088033e-005,,
,19989604.819,,12.1577228164673,-40000.21671875,90.0001831054688,-4.04240690130564e-010,7999.9970703125,6.52393077325542e-008,7999.9970703125,,,,,2.03064741306662e-009,2.30294746075371e-009,,,25,-4.04240690130564e-007,6.52393077325542e-005,,
,19989663.991,,11.962872543335,-40000.2153125,90.0001831054688,-8.3678428524081e-010,7999.9970703125,6.43875758396461e-008,7999.9970703125,,,,,2.14593839622435e-009,1.9238036311866e-009,,,25,-8.3678428524081e-007,6.43875758396462e-005,,
,19989723.911,,11.7601216888428,-40000.20390625,90.0001831054688,-9.94913602028191e-010,7999.9970703125,6.44532249134499e-008,7999.9970703125,,,,,1.81314505181326e-009,1.68580802260516e-009,,,25,-9.94913602028191e-007,6.445322491345e-005,,
,19989783.721,,11.5631329345703,-40000.2346875,90.0001831054688,-1.08593177031935e-009,7999.9970703125,6.35119836078957e-008,7999.9970703125,,,,,1.88230939244196e-009,1.74414574940137e-009,,,25,-1.08593177031935e-006,6.35119836078957e-005,,
,19989844.156,,11.3597169494629,-40000.2209375,90.0001831054688,-1.03070435045538e-009,7999.9970703125,6.23500277288258e-008,7999.9970703125,,,,,2.20044722180359e-009,1.86622154250637e-009,,,25,-1.03070435045538e-006,6.23500277288258e-005,,
,19989903.031,,11.1619215774536,-40000.066875,90.0001831054688,-1.07546369520151e-009,7999.9970703125,6.178917537909e-008,7999.9970703125,,,,,1.42888611349447e-009,1.77696131316441e-009,,,25,-1.07546369520151e-006,6.178917537909e-005,,
,19989963.793,,10.9596290588379,-39999.765,90.0001831054688,-6.22002601176064e-010,7999.9970703125,6.07524915540125e-008,7999.9970703125,,,,,2.05825385732617e-009,1.64396802996795e-009,,,25,-6.22002601176064e-007,6.07524915540125e-005,,
,19990023.698,,10.7592443084717,-40000.05890625,90.0001831054688,-1.45581594466648e-009,7999.9970703125,6.03885584860109e-008,7999.9970703125,,,,,2.5675737978797e-009,1.69859214236023e-009,,,25,-1.45581594466648e-006,6.03885584860109e-005,,
,19990083.15,,10.5611937332153,-40000.0546875,90.0001831054688,-1.43047466508506e-009,7999.9970703125,5.89565561676864e-008,7999.9970703125,,,,,1.73945305738698e-009,1.79956644201429e-009,,,25,-1.43047466508506e-006,5.89565561676864e-005,,
,19990142.914,,10.3608741760254,-40000.0153125,90.0001831054688,-1.35737511087086e-009,7999.9970703125,5.87626638298389e-008,7999.9970703125,,,,,2.2003165547205e-009,1.52725471275482e-009,,,25,-1.35737511087086e-006,5.87626638298389e-005,,
,19990202.038,,10.1607283782959,-40000.05046875,90.0001831054688,-9.99383941007181e-010,7999.9970703125,5.79616888717283e-008,7999.9970703125,,,,,1.549381835655e-009,2.39105752600558e-009,,,25,-9.99383941007181e-007,5.79616888717283e-005,,
,19990262.566,,9.95744319915772,-40000.048125,90.0001831054688,-1.18879638904446e-009,7999.9970703125,5.69876184454188e-008,7999.9970703125,,,,,1.64642591663265e-009,1.45060879720348e-009,,,25,-1.18879638904446e-006,5.69876184454188e-005,,
,19990320.599,,9.76581352233887,-40000.06453125,90.0001831054688,-1.47223518524697e-009,7999.9970703125,5.61463633493986e-008,7999.9970703125,,,,,2.10133500732299e-009,2.19762631579565e-009,,,25,-1.47223518524697e-006,5.61463633493986e-005,,
,19990382.999,,9.55578006744385,-40000.07578125,90.0001831054688,-9.5163499793216e-010,7999.9970703125,5.48799776879605e-008,7999.9970703125,,,,,1.73281664405775e-009,2.16847384853242e-009,,,25,-9.5163499793216e-007,5.48799776879605e-005,,
,19990443.122,,9.3625959777832,-40000.10390625,90.0001831054688,-1.13365275453248e-009,7999.9970703125,5.46472589485347e-008,7999.9970703125,,,,,1.99835567634576e-009,2.50461296488142e-009,,,25,-1.13365275453248e-006,5.46472589485347e-005,,
,19990470.594,,9.23714698791504,-40000.1015625,90.0001831054688,-1.24999360849642e-009,7999.9970703125,5.4887391597731e-008,7999.9970703125,,,,,1.65522646560843e-009,1.66431560033623e-009,,,25,-1.24999360849642e-006,5.4887391597731e-005,,
,19990567.564,,8.96014831542969,-40000.10671875,90.0001831054688,-1.55127654352327e-009,7999.9970703125,5.41087954479735e-008,7999.9970703125,,,,,1.8888340976537e-009,1.84591358976591e-009,,,25,-1.55127654352327e-006,5.41087954479735e-005,,
,19990627.172,,8.75867607116699,-40000.10765625,90.0001831054688,-1.28282274232561e-009,7999.9970703125,5.26201409229543e-008,7999.9970703125,,,,,2.66884569555813e-009,1.89589547886193e-009,,,25,-1.28282274232561e-006,5.26201409229543e-005,,
,19990686.78,,8.56077541351318,-40000.09828125,90.0001831054688,-8.78572743800987e-010,7999.9970703125,5.18295781512279e-008,7999.9970703125,,,,,2.01412884824612e-009,1.90502466893136e-009,,,25,-8.78572743800987e-007,5.18295781512279e-005,,
,19990747.527,,8.35918403625488,-40000.089375,90.0001831054688,-1.52442650716011e-009,7999.9970703125,5.19131084729452e-008,7999.9970703125,,,,,1.90005647585138e-009,1.55742321929426e-009,,,25,-1.52442650716011e-006,5.19131084729452e-005,,
,19990807.041,,8.16084648132324,-40000.0753125,90.0001831054688,-1.57960737510621e-009,7999.9970703125,5.10882079834118e-008,7999.9970703125,,,,,1.95322476991272e-009,2.01954891062358e-009,,,25,-1.57960737510621e-006,5.10882079834118e-005,,
,19990866.072,,7.96235277175903,-40000.0809375,90.0001831054688,-1.81380715190471e-009,7999.9970703125,5.0622844719328e-008,7999.9970703125,,,,,1.81852536837161e-009,1.72155034472133e-009,,,25,-1.81380715190471e-006,5.0622844719328e-005,,
,19990925.711,,7.76196126937866,-40000.0978125,90.0001831054688,-1.68106571010185e-009,7999.9970703125,5.02544507617131e-008,7999.9970703125,,,,,1.64191928682631e-009,1.51441917795231e-009,,,25,-1.68106571010185e-006,5.02544507617131e-005,,
,19990986.068,,7.56464334487915,-40000.078125,90.0001831054688,-1.39914495790094e-009,7999.9970703125,5.00903330976144e-008,7999.9970703125,,,,,1.63018942068861e-009,1.96146819345227e-009,,,25,-1.39914495790094e-006,5.00903330976143e-005,,
,19991045.894,,7.36158632278442,-40000.048125,90.0001831054688,-1.59905340851196e-009,7999.9970703125,4.92505595320836e-008,7999.9970703125,,,,,1.66195782006468e-009,2.47586832103356e-009,,,25,-1.59905340851196e-006,4.92505595320836e-005,,
,19991106.766,,7.15862125396729,-39999.9603125,90.0001831054688,-2.07635638346915e-009,7999.9970703125,4.8665837966837e-008,7999.9970703125,,,,,2.31454725200614e-009,1.82510408051641e-009,,,25,-2.07635638346915e-006,4.8665837966837e-005,,
,19991166.062,,6.96001403808594,-39999.90125,90.0001831054688,-1.88690667997093e-009,7999.9970703125,4.82094153994694e-008,7999.9970703125,,,,,2.18240613883092e-009,1.76094942058655e-009,,,25,-1.88690667997093e-006,4.82094153994694e-005,,
,19991225.701,,6.75839515686035,-39999.9375,90.0001831054688,-1.88094621421442e-009,7999.9970703125,4.79245145106688e-008,7999.9970703125,,,,,1.30424742278202e-009,1.68737491410381e-009,,,25,-1.88094621421442e-006,4.79245145106688e-005,,
,19991285.761,,6.55810579299927,-39999.92671875,90.0001831054688,-1.59752604375285e-009,7999.9970703125,4.76858631009236e-008,7999.9970703125,,,,,1.4174522017454e-009,1.82603151775961e-009,,,25,-1.59752604375285e-006,4.76858631009236e-005,,
,19991346.321,,6.35799020767212,-39999.89859375,90.0001831054688,-1.93016662450418e-009,7999.9970703125,4.6334411308635e-008,7999.9970703125,,,,,2.00817107635974e-009,2.03465501980756e-009,,,25,-1.93016662450418e-006,4.6334411308635e-005,,
,19991406.007,,6.15592439651489,-39999.90515625,90.0001831054688,-2.34188586858863e-009,7999.9970703125,4.64209406345617e-008,7999.9970703125,,,,,2.27435530922685e-009,1.80861353154131e-009,,,25,-2.34188586858863e-006,4.64209406345617e-005,,
,19991465.989,,5.95778911590576,-39999.92671875,90.0001831054688,-1.63482551300831e-009,7999.9970703125,4.60435781860724e-008,7999.9970703125,,,,,2.11427175311796e-009,1.46734667523631e-009,,,25,-1.63482551300831e-006,4.60435781860724e-005,,
,19991525.753,,5.76096746444702,-39999.9496875,90.0001831054688,-1.4707729883412e-009,7999.9970703125,4.47682244703174e-008,7999.9970703125,,,,,1.67949306738439e-009,1.94367368453521e-009,,,25,-1.4707729883412e-006,4.47682244703174e-005,,
,19991585.845,,5.55790159225464,-39999.95109375,90.0001831054688,-1.16649120400325e-009,7999.9970703125,4.41730441525578e-008,7999.9970703125,,,,,1.48276211038729e-009,1.74200320893038e-009,,,25,-1.16649120400325e-006,4.41730441525579e-005,,
,19991646.03,,5.35773067474365,-39999.936875,90.0001831054688,-1.60794752332549e-009,7999.9970703125,4.4146175350761e-008,7999.9970703125,,,,,2.02565810379567e-009,2.15106461193343e-009,,,25,-1.60794752332549e-006,4.4146175350761e-005,,
,19991705.638,,5.16079950332642,-39999.94015625,90.0001831054688,-2.17180764366276e-009,7999.9970703125,4.32288594311103e-008,7999.9970703125,,,,,1.29231202739611e-009,2.17580746537519e-009,,,25,-2.17180764366276e-006,4.32288594311103e-005,,
,19991765.48,,4.96094379425049,-40000.0028125,90.0001831054688,-1.37229494072244e-009,7999.9970703125,4.32422703306656e-008,7999.9970703125,,,,,1.76923624501359e-009,2.07983714667417e-009,,,25,-1.37229494072244e-006,4.32422703306656e-005,,
,19991825.494,,4.75817289352417,-40000.26578125,90.0001831054688,-1.77647973345074e-009,7999.9970703125,4.28902677958831e-008,7999.9970703125,,,,,1.90493223164427e-009,1.70273026210524e-009,,,25,-1.77647973345074e-006,4.28902677958831e-005,,
,19991885.523,,4.55864791870117,-40000.25890625,90.0001831054688,-1.98386670945183e-009,7999.9970703125,4.33243105362635e-008,7999.9970703125,,,,,1.91016175289702e-009,1.82310601517656e-009,,,25,-1.98386670945183e-006,4.33243105362635e-005,,
,19991945.521,,4.36201536178589,-40000.2578125,90.0001831054688,-2.44777722969047e-009,7999.9970703125,4.19207139930222e-008,7999.9970703125,,,,,2.04172638008006e-009,2.59494200600485e-009,,,25,-2.44777722969047e-006,4.19207139930222e-005,,
,19992005.581,,4.15885013580322,-40000.1896875,90.0001831054688,-2.240436801344e-009,7999.9970703125,4.14597733470146e-008,7999.9970703125,,,,,2.12238752550318e-009,1.91332604020526e-009,,,25,-2.240436801344e-006,4.14597733470146e-005,,
,19992065.829,,3.95886716842651,-40000.23109375,90.0001831054688,-2.57161527599692e-009,7999.9970703125,4.12807731481735e-008,7999.9970703125,,,,,1.85737916914159e-009,2.06083490300466e-009,,,25,-2.57161527599692e-006,4.12807731481735e-005,,
,19992125.686,,3.75878254890442,-40000.2209375,90.0001831054688,-2.86989003086546e-009,7999.9970703125,4.09973991918378e-008,7999.9970703125,,,,,2.19893963669862e-009,1.34019542421058e-009,,,25,-2.86989003086546e-006,4.09973991918378e-005,,
,19992185.653,,3.56209159851074,-40000.03765625,90.0001831054688,-2.88928946474698e-009,7999.9970703125,4.13524013129063e-008,7999.9970703125,,,,,1.95487031065302e-009,1.84777454111191e-009,,,25,-2.88928946474698e-006,4.13524013129063e-005,,
,19992245.745,,3.35937683105469,-40000.14046875,90.0001831054688,-2.44031734695227e-009,7999.9970703125,4.13046986795962e-008,7999.9970703125,,,,,2.06244148475793e-009,1.5541954720461e-009,,,25,-2.44031734695227e-006,4.13046986795962e-005,,
,19992305.602,,3.16302826881409,-40000.22,90.0001831054688,-2.30008806056503e-009,7999.9970703125,4.19729138957337e-008,7999.9970703125,,,,,1.35522165970174e-009,1.97257338954153e-009,,,25,-2.30008806056503e-006,4.19729138957337e-005,,
,19992366.146,,2.96031641960144,-40000.23015625,90.0001831054688,-2.14797511489451e-009,7999.9970703125,4.12778022291604e-008,7999.9970703125,,,,,2.51674833032153e-009,1.66686197928872e-009,,,25,-2.14797511489451e-006,4.12778022291604e-005,,
,19992426.222,,2.76078994750977,-40000.21625,90.0001831054688,-2.26432527057341e-009,7999.9970703125,4.10391693003476e-008,7999.9970703125,,,,,1.92448207471324e-009,1.84892215040961e-009,,,25,-2.26432527057341e-006,4.10391693003476e-005,,
,19992487.063,,2.55701286315918,-40000.21328125,90.0001831054688,-2.29559911076649e-009,7999.9970703125,4.13002188724931e-008,7999.9970703125,,,,,1.51955147586795e-009,1.8683040596187e-009,,,25,-2.29559911076649e-006,4.13002188724931e-005,,
,19992546.78,,2.35932496070862,-40000.23453125,90.0001831054688,-2.22847863227571e-009,7999.9970703125,4.11525114031974e-008,7999.9970703125,,,,,1.58050165933396e-009,1.81797295269718e-009,,,25,-2.22847863227571e-006,4.11525114031974e-005,,
,19992606.793,,2.15968162536621,-40000.2209375,90.0001831054688,-2.08232616188297e-009,7999.9970703125,4.0496244764654e-008,7999.9970703125,,,,,1.9525377133913e-009,1.3167862416683e-009,,,25,-2.08232616188297e-006,4.0496244764654e-005,,
,19992729.582,,2.00668658256531,-40000.22734375,90.0001831054688,-2.26425075609882e-009,7999.9970703125,4.0655771153979e-008,7999.9970703125,,,,,1.9943400316721e-009,1.22046379448803e-009,,,25,-2.26425075609882e-006,4.0655771153979e-005,,
,19993422.835,,2.04181429862976,-90000.2309375,90.0001831054688,-3.12048104547102e-009,7999.9970703125,4.63060900801793e-008,7999.9970703125,,,,,1.79663248355177e-009,1.60258235936389e-009,,,25,-3.12048104547102e-006,4.63060900801793e-005,,
,20002246.75,,2.02872273445129,-90000.0440625,90.0001831054688,-4.20187727470989e-009,7999.9970703125,4.67968318844214e-008,7999.9970703125,,,,,2.28699064993629e-009,2.02603955643702e-009,,,25,-4.20187727470989e-006,4.67968318844214e-005,,
,20002308.62,,2.23175035476685,-89999.86875,90.0001831054688,-3.83497329536908e-009,7999.9970703125,4.66267537558451e-008,7999.9970703125,,,,,2.21008541296637e-009,1.69908661922306e-009,,,25,-3.83497329536908e-006,4.66267537558451e-005,,
,20002369.726,,2.42993566513062,-90000.161875,90.0001831054688,-3.47697283245907e-009,7999.9970703125,4.75187652045861e-008,7999.9970703125,,,,,2.35112285320959e-009,1.98537849087054e-009,,,25,-3.47697283245907e-006,4.75187652045861e-005,,
,20002431.268,,2.63177397727966,-90000.135,90.0001831054688,-3.66347021554248e-009,7999.9970703125,4.64224307506811e-008,7999.9970703125,,,,,1.83694084811168e-009,1.72847796046642e-009,,,25,-3.66347021554247e-006,4.64224307506811e-005,,
,20002492.156,,2.83770959854126,-90000.154375,90.0001831054688,-3.05335129993978e-009,7999.9970703125,4.68177121365443e-008,7999.9970703125,,,,,1.84627003562616e-009,1.89720010169376e-009,,,25,-3.05335129993978e-006,4.68177121365443e-005,,
,20002552.278,,3.03075128555298,-90000.081875,90.0001831054688,-4.15269415725561e-009,7999.9970703125,4.74218236922752e-008,7999.9970703125,,,,,1.91907324291181e-009,2.26999223160743e-009,,,25,-4.15269415725561e-006,4.74218236922752e-005,,
,20002612.963,,3.2313631439209,-90000.1459375,90.0001831054688,-4.01099335704203e-009,7999.9970703125,4.74054046208039e-008,7999.9970703125,,,,,1.93172233299923e-009,1.61148270056588e-009,,,25,-4.01099335704203e-006,4.74054046208039e-005,,
,20002672.508,,3.42965514183044,-90000.155,90.0001831054688,-2.93999067338291e-009,7999.9970703125,4.77753164886963e-008,7999.9970703125,,,,,2.08559321945449e-009,2.28671361114672e-009,,,25,-2.93999067338291e-006,4.77753164886963e-005,,
,20002732.631,,3.63077855110168,-90000.1475,90.0001831054688,-3.62164449143165e-009,7999.9970703125,4.7990144812502e-008,7999.9970703125,,,,,2.02790242235126e-009,1.77958615753311e-009,,,25,-3.62164449143165e-006,4.7990144812502e-005,,
,20002793.44,,3.83205485343933,-90000.1353125,90.0001831054688,-3.50382286796957e-009,7999.9970703125,4.83779382193461e-008,7999.9970703125,,,,,2.04266022608326e-009,2.12058542816978e-009,,,25,-3.50382286796957e-006,4.83779382193461e-005,,
,20002853.189,,4.03326286315918,-89999.8478125,90.0001831054688,-3.49637224786648e-009,7999.9970703125,4.7673886292614e-008,7999.9970703125,,,,,1.3783197304255e-009,1.58241875992492e-009,,,25,-3.49637224786647e-006,4.7673886292614e-005,,
,20002913.405,,4.23188146591187,-90000.080625,90.0001831054688,-3.20701025657399e-009,7999.9970703125,4.89552092039958e-008,7999.9970703125,,,,,1.77504246558756e-009,1.53100217818702e-009,,,25,-3.20701025657399e-006,4.89552092039958e-005,,
,20002973.419,,4.43425701141357,-90000.17,90.0001831054688,-4.1108963341685e-009,7999.9970703125,4.90805186564103e-008,7999.9970703125,,,,,2.05785423231428e-009,2.01905104029791e-009,,,25,-4.1108963341685e-006,4.90805186564103e-005,,
,20003033.183,,4.63172054290771,-90000.1678125,90.0001831054688,-3.39492328294e-009,7999.9970703125,4.93773684138432e-008,7999.9970703125,,,,,2.15175472560631e-009,1.35372099993753e-009,,,25,-3.39492328294e-006,4.93773684138432e-005,,
,20003092.837,,4.83459337234497,-90000.169375,90.0001831054688,-3.59037067795498e-009,7999.9970703125,4.90491517120972e-008,7999.9970703125,,,,,1.95798280683572e-009,2.39042647963149e-009,,,25,-3.59037067795498e-006,4.90491517120972e-005,,
,20003152.664,,5.03242582321167,-90000.1559375,90.0001831054688,-3.34574942826293e-009,7999.9970703125,5.06318135012407e-008,7999.9970703125,,,,,2.04694105214872e-009,1.88775815120159e-009,,,25,-3.34574942826293e-006,5.06318135012407e-005,,
,20003212.537,,5.23281530380249,-90000.1690625,90.0001831054688,-3.70969175946812e-009,7999.9970703125,5.03856834257022e-008,7999.9970703125,,,,,2.13179643302635e-009,2.10242241520127e-009,,,25,-3.70969175946811e-006,5.03856834257022e-005,,
,20003272.348,,5.43308359146118,-90000.2065625,90.0001831054688,-3.66347022691116e-009,7999.9970703125,5.11717943300027e-008,7999.9970703125,,,,,1.68034955937373e-009,1.67795035629013e-009,,,25,-3.66347022691116e-006,5.11717943300027e-005,,
,20003331.815,,5.63309253692627,-90000.1640625,90.0001831054688,-3.42476285823068e-009,7999.9970703125,5.16028198762797e-008,7999.9970703125,,,,,1.60700279728999e-009,2.20339558354783e-009,,,25,-3.42476285823068e-006,5.16028198762797e-005,,
,20003391.595,,5.83302122116089,-90000.0609375,90.0001831054688,-3.83050300115428e-009,7999.9970703125,5.23516684188507e-008,7999.9970703125,,,,,1.64235485815265e-009,1.93340091742893e-009,,,25,-3.83050300115428e-006,5.23516684188507e-005,,
,20003451.016,,6.03058219909668,-90000.165625,90.0001831054688,-3.36209416900601e-009,7999.9970703125,5.31213323120028e-008,7999.9970703125,,,,,1.79232902518046e-009,1.83215317129744e-009,,,25,-3.36209416900601e-006,5.31213323120028e-005,,
,20003510.936,,6.23300916671753,-90000.1840625,90.0001831054688,-3.06680891640099e-009,7999.9970703125,5.28767298965249e-008,7999.9970703125,,,,,1.90001378307456e-009,1.8311213966304e-009,,,25,-3.06680891640099e-006,5.28767298965249e-005,,
,20003570.996,,6.43122173309326,-90000.184375,90.0001831054688,-3.14736832251583e-009,7999.9970703125,5.37522666854784e-008,7999.9970703125,,,,,1.87179077360706e-009,2.27434870391186e-009,,,25,-3.14736832251583e-006,5.37522666854784e-005,,
,20003630.698,,6.6311812210083,-90000.1634375,90.0001831054688,-3.28753242825996e-009,7999.9970703125,5.40789747901726e-008,7999.9970703125,,,,,2.40653756119745e-009,2.32691776619896e-009,,,25,-3.28753242825996e-006,5.40789747901727e-005,,
,20003690.477,,6.83155361175537,-90000.151875,90.0001831054688,-2.61632801539235e-009,7999.9970703125,5.54840624681674e-008,7999.9970703125,,,,,2.0178518330441e-009,1.68134608522106e-009,,,25,-2.61632801539236e-006,5.54840624681674e-005,,
,20003750.397,,7.03203369140625,-90000.181875,90.0001831054688,-3.52473103248485e-009,7999.9970703125,5.51066991465632e-008,7999.9970703125,,,,,1.39625440094587e-009,2.12314445456672e-009,,,25,-3.52473103248485e-006,5.51066991465632e-005,,
,20003810.489,,7.23258934020996,-90000.2509375,90.0001831054688,-2.86243941673092e-009,7999.9970703125,5.67236159986351e-008,7999.9970703125,,,,,2.04917165234181e-009,2.08712339099675e-009,,,25,-2.86243941673092e-006,5.67236159986351e-005,,
,20003869.988,,7.43135187149048,-90000.271875,90.0001831054688,-2.80724924095921e-009,7999.9970703125,5.72740280767903e-008,7999.9970703125,,,,,2.38551566580242e-009,1.79831278747309e-009,,,25,-2.80724924095921e-006,5.72740280767903e-005,,
,20003929.814,,7.63159729003906,-90000.023125,90.0001831054688,-3.02502046508835e-009,7999.9970703125,5.86507469415665e-008,7999.9970703125,,,,,2.0430578867292e-009,1.72982005053223e-009,,,25,-3.02502046508835e-006,5.86507469415665e-005,,
,20003989.703,,7.83211349487305,-90000.1240625,90.0001831054688,-1.68406458413983e-009,7999.9970703125,5.8570261899149e-008,7999.9970703125,,,,,2.14083702240069e-009,2.36881390170185e-009,,,25,-1.68406458413983e-006,5.8570261899149e-005,,
,20004048.89,,8.0327229309082,-90000.1125,90.0001831054688,-1.90926773299793e-009,7999.9970703125,5.99216674163472e-008,7999.9970703125,,,,,1.94539438697436e-009,1.91348582090662e-009,,,25,-1.90926773299793e-006,5.99216674163472e-005,,
,20004108.357,,8.23124088287354,-89999.8128125,90.0001831054688,-2.66253098857305e-009,7999.9970703125,5.97709890280385e-008,7999.9970703125,,,,,2.0742129867559e-009,1.96864532925482e-009,,,25,-2.66253098857305e-006,5.97709890280385e-005,,
,20004168.339,,8.43153919219971,-90000.0740625,90.0001831054688,-3.04593799683062e-009,7999.9970703125,6.15281256614253e-008,7999.9970703125,,,,,1.7843367243063e-009,1.73467958016873e-009,,,25,-3.04593799683062e-006,6.15281256614253e-005,,
,20004228.447,,8.63505584716797,-89999.793125,90.0001831054688,-2.27326595336308e-009,7999.9970703125,6.13192762830295e-008,7999.9970703125,,,,,1.64274403618046e-009,1.72602175506402e-009,,,25,-2.27326595336308e-006,6.13192762830295e-005,,
,20004288.226,,8.83306118011475,-90000.088125,90.0001831054688,-2.47163774133696e-009,7999.9970703125,6.21919354307465e-008,7999.9970703125,,,,,2.16218861444999e-009,1.75289726254233e-009,,,25,-2.47163774133696e-006,6.21919354307465e-005,,
,20004347.709,,9.03135269165039,-90000.0825,90.0001831054688,-2.45072953106273e-009,7999.9970703125,6.29422003112268e-008,7999.9970703125,,,,,2.15492510672296e-009,1.70234495644731e-009,,,25,-2.45072953106273e-006,6.29422003112268e-005,,
,20004407.739,,9.23126628875732,-90000.1315625,90.0001831054688,-3.12350784497539e-009,7999.9970703125,6.42503642302472e-008,7999.9970703125,,,,,1.71253656877755e-009,1.90345241101983e-009,,,25,-3.12350784497539e-006,6.42503642302472e-005,,
,20004467.331,,9.43180015563965,-90000.128125,90.0001831054688,-1.90628749123789e-009,7999.9970703125,6.49767772119958e-008,7999.9970703125,,,,,1.80019968521439e-009,2.20186443828289e-009,,,25,-1.90628749123789e-006,6.49767772119958e-005,,
,20004527.017,,9.63173107147217,-90000.11875,90.0001831054688,-2.58050006877397e-009,7999.9970703125,6.54063590627629e-008,7999.9970703125,,,,,1.87831276798562e-009,1.90590323020564e-009,,,25,-2.58050006877397e-006,6.54063590627629e-005,,
,20004586.984,,9.83185333251953,-90000.1040625,90.0001831054688,-2.56857910429176e-009,7999.9970703125,6.65504703647457e-008,7999.9970703125,,,,,1.89236052509092e-009,2.2513670331011e-009,,,25,-2.56857910429176e-006,6.65504703647457e-005,,
,20004647.029,,10.0343151092529,-90000.13375,90.0001831054688,-2.18822691323339e-009,7999.9970703125,6.70874616480432e-008,7999.9970703125,,,,,1.84324108756683e-009,1.75721424590291e-009,,,25,-2.18822691323339e-006,6.70874616480432e-005,,
,20004706.418,,10.231431312561,-90000.1278125,90.0001831054688,-1.8779287213988e-009,7999.9970703125,6.83061065501533e-008,7999.9970703125,,,,,1.83908310032467e-009,1.96869155156109e-009,,,25,-1.8779287213988e-006,6.83061065501534e-005,,
,20004766.369,,10.4310894393921,-90000.124375,90.0001831054688,-2.33587881709241e-009,7999.9970703125,6.85492283082567e-008,7999.9970703125,,,,,1.24567064578342e-009,1.72490457068816e-009,,,25,-2.33587881709241e-006,6.85492283082567e-005,,
,20004826.352,,10.630848236084,-90000.1334375,90.0001831054688,-1.83472465607792e-009,7999.9970703125,6.95561183965765e-008,7999.9970703125,,,,,2.44150730369536e-009,2.27305019140038e-009,,,25,-1.83472465607792e-006,6.95561183965765e-005,,
,20004886.131,,10.8329619979858,-90000.2815625,90.0001831054688,-2.54621808380762e-009,7999.9970703125,7.00498031801544e-008,7999.9970703125,,,,,1.32072932279328e-009,2.36607625426729e-009,,,25,-2.54621808380762e-006,7.00498031801544e-005,,
,20004946.192,,11.0331739425659,-90000.265,90.0001831054688,-1.99427889072012e-009,7999.9970703125,7.16995293623768e-008,7999.9970703125,,,,,1.98839406618734e-009,2.01972858449245e-009,,,25,-1.99427889072013e-006,7.16995293623768e-005,,
,20005005.956,,11.2307857894897,-90000.2621875,90.0001831054688,-1.5483522059867e-009,7999.9970703125,7.18039771891199e-008,7999.9970703125,,,,,1.78094821663225e-009,1.63719401417639e-009,,,25,-1.5483522059867e-006,7.18039771891199e-005,,
,20005065.844,,11.4317218399048,-89999.981875,90.0001831054688,-1.20076386451728e-009,7999.9970703125,7.27660427219234e-008,7999.9970703125,,,,,1.45516337317607e-009,2.2352265873989e-009,,,25,-1.20076386451728e-006,7.27660427219234e-005,,
,20005126.529,,11.6327403640747,-90000.2740625,90.0001831054688,-2.31200896479322e-009,7999.9970703125,7.2558767569717e-008,7999.9970703125,,,,,1.98286130763004e-009,1.65875444598723e-009,,,25,-2.31200896479322e-006,7.2558767569717e-005,,
,20005186.028,,11.8324067306519,-90000.2475,90.0001831054688,-1.61540746717037e-009,7999.9970703125,7.38117037690245e-008,7999.9970703125,,,,,1.66755007675397e-009,1.82219808268137e-009,,,25,-1.61540746717037e-006,7.38117037690245e-005,,
,20005245.948,,12.0322008895874,-90000.265625,90.0001831054688,-1.1440742571267e-009,7999.9970703125,7.5349559483584e-008,7999.9970703125,,,,,1.96010391762506e-009,1.3111062652639e-009,,,25,-1.1440742571267e-006,7.5349559483584e-005,,
,20005306.07,,12.2321164703369,-89999.9921875,90.0001831054688,-1.03221306389401e-009,7999.9970703125,7.58850792772137e-008,7999.9970703125,,,,,1.67562236409097e-009,1.62930522496328e-009,,,25,-1.03221306389401e-006,7.58850792772137e-005,,
,20005365.788,,12.4315374755859,-90000.0603125,90.0001831054688,-1.13663299487143e-009,7999.9970703125,7.64593141502701e-008,7999.9970703125,,,,,1.62187402152228e-009,1.84345490466807e-009,,,25,-1.13663299487143e-006,7.64593141502701e-005,,
,20005425.552,,12.6329928970337,-90000.1259375,90.0001831054688,-1.03068569799802e-009,7999.9970703125,7.74676850414835e-008,7999.9970703125,,,,,2.02570052004425e-009,2.03799260183856e-009,,,25,-1.03068569799802e-006,7.74676850414835e-005,,
,20005485.518,,12.8306319046021,-90000.2571875,90.0001831054688,-1.08738462785141e-009,7999.9970703125,7.811206713086e-008,7999.9970703125,,,,,1.21250343872571e-009,1.94885681847903e-009,,,25,-1.08738462785141e-006,7.81120671308599e-005,,
,20005545.267,,13.0302434921265,-90000.2484375,90.0001831054688,-1.2633767263992e-009,7999.9970703125,7.97051502740942e-008,7999.9970703125,,,,,1.58612525194065e-009,1.71353839286457e-009,,,25,-1.2633767263992e-006,7.97051502740942e-005,,
,20005605.077,,13.2297438049316,-90000.1440625,90.0001831054688,-5.9366244983039e-010,7999.9970703125,7.93978231376968e-008,7999.9970703125,,,,,1.54975324768294e-009,1.89272863782574e-009,,,25,-5.9366244983039e-007,7.93978231376968e-005,,
,20005665.918,,13.4343208312988,-90000.25625,90.0001831054688,-1.17837487195516e-009,7999.9970703125,8.02465560263954e-008,7999.9970703125,,,,,1.48630326558549e-009,1.60643012804561e-009,,,25,-1.17837487195516e-006,8.02465560263954e-005,,
,20005725.588,,13.6320771026611,-90000.263125,90.0001831054688,-1.25893429981261e-009,7999.9970703125,8.1198237312492e-008,7999.9970703125,,,,,1.923834086001e-009,2.11814287766327e-009,,,25,-1.25893429981261e-006,8.1198237312492e-005,,
,20005784.978,,13.8314012527466,-90000.2746875,90.0001831054688,-1.66614590625613e-009,7999.9970703125,8.13712863600813e-008,7999.9970703125,,,,,1.8397052776922e-009,2.09835297335375e-009,,,25,-1.66614590625613e-006,8.13712863600813e-005,,
,20005844.633,,14.0309746170044,-90000.231875,90.0001831054688,-1.0366740937684e-009,7999.9970703125,8.21259929216467e-008,7999.9970703125,,,,,1.6436230096754e-009,1.40610212225021e-009,,,25,-1.0366740937684e-006,8.21259929216467e-005,,
,20005905.223,,14.2347047805786,-90000.214375,90.0001831054688,-1.30217562912094e-009,7999.9970703125,8.24631418799982e-008,7999.9970703125,,,,,1.81015573210952e-009,2.05079606925939e-009,,,25,-1.30217562912094e-006,8.24631418799981e-005,,
,20005965.237,,14.4323184967041,-90000.12125,90.0001831054688,-1.42597636681785e-009,7999.9970703125,8.41486602439545e-008,7999.9970703125,,,,,2.33548738982627e-009,2.15100171083516e-009,,,25,-1.42597636681785e-006,8.41486602439545e-005,,
,20006025.141,,14.6313946151733,-90000.2215625,90.0001831054688,-5.07151868589517e-010,7999.9970703125,8.455588191282e-008,7999.9970703125,,,,,1.41170679756046e-009,2.27863939808971e-009,,,25,-5.07151868589517e-007,8.455588191282e-005,,
,20006085.03,,14.8328946685791,-90000.2371875,90.0001831054688,-1.54830562109964e-009,7999.9970703125,8.45275411847979e-008,7999.9970703125,,,,,2.08699992658838e-009,1.64796741894655e-009,,,25,-1.54830562109964e-006,8.45275411847979e-005,,
,20006145.293,,15.0130603027344,-89999.9484375,90.0001831054688,-5.50411796211847e-010,7999.9970703125,8.63353797467425e-008,7999.9970703125,,,,,2.00753327981847e-009,2.54871431374915e-009,,,25,-5.50411796211847e-007,8.63353797467425e-005,,
,20006207.132,,15.2392036819458,-90000.21375,90.0001831054688,-1.41258394592114e-009,7999.9970703125,8.65546692511998e-008,7999.9970703125,,,,,2.21585645468857e-009,2.44998236540243e-009,,,25,-1.41258394592114e-006,8.65546692511998e-005,,
,20006270.5,,15.4381309509277,-90000.2034375,90.0001831054688,-1.19478477884627e-009,7999.9970703125,8.69335609604605e-008,7999.9970703125,,,,,1.63124309003409e-009,1.65789990023418e-009,,,25,-1.19478477884627e-006,8.69335609604605e-005,,
,20006325.272,,15.6371977233887,-90000.2628125,90.0001831054688,-1.08740325217127e-009,7999.9970703125,8.7864316010382e-008,7999.9970703125,,,,,1.6184926532046e-009,1.70264923131253e-009,,,25,-1.08740325217127e-006,8.7864316010382e-005,,
,20006372.961,,15.8345742034912,-90000.2596875,90.0001831054688,-1.49910384408258e-009,7999.9970703125,8.91650200355798e-008,7999.9970703125,,,,,2.05492968313703e-009,1.94114953582692e-009,,,25,-1.49910384408258e-006,8.91650200355798e-005,,
,20006446.079,,16.0282743835449,-90000.26875,90.0001831054688,-1.08439510029257e-009,7999.9970703125,8.92426079371944e-008,7999.9970703125,,,,,2.12739172634622e-009,2.41559549079361e-009,,,25,-1.08439510029257e-006,8.92426079371944e-005,,
,20006507.886,,16.2315143585205,-90000.2565625,90.0001831054688,-6.13071233033224e-010,7999.9970703125,8.94678020267747e-008,7999.9970703125,,,,,2.43579578306614e-009,1.9203465490051e-009,,,25,-6.13071233033224e-007,8.94678020267747e-005,,
,20006567.994,,16.4323472595215,-90000.2734375,90.0001831054688,-1.15602313485397e-009,7999.9970703125,9.05015610624105e-008,7999.9970703125,,,,,2.03440430272146e-009,1.77637014977737e-009,,,25,-1.15602313485397e-006,9.05015610624105e-005,,
,20006628.07,,16.6302793121338,-90000.2625,90.0001831054688,-9.24784984022153e-010,7999.9970703125,9.07700054813176e-008,7999.9970703125,,,,,1.75916024013609e-009,2.24073146110668e-009,,,25,-9.24784984022153e-007,9.07700054813176e-005,,
,20006687.802,,16.8321907043457,-90000.2959375,90.0001831054688,-1.19777431564216e-009,7999.9970703125,9.1914088698104e-008,7999.9970703125,,,,,1.94771283031179e-009,1.94513617808061e-009,,,25,-1.19777431564216e-006,9.1914088698104e-005,,
,20006747.785,,17.0309113311768,-90000.269375,90.0001831054688,-8.24863336106319e-010,7999.9970703125,9.25092597026378e-008,7999.9970703125,,,,,1.1259385955686e-009,1.93030122944529e-009,,,25,-8.24863336106318e-007,9.25092597026378e-005,,
,20006807.284,,17.230604095459,-90000.26625,90.0001831054688,-1.79142747072092e-009,7999.9970703125,9.33206838089973e-008,7999.9970703125,,,,,1.27432513292965e-009,1.62168642367977e-009,,,25,-1.79142747072092e-006,9.33206838089973e-005,,
,20006867.375,,17.4303979492188,-90000.275,90.0001831054688,-1.3141431151098e-009,7999.9970703125,9.36443929094821e-008,7999.9970703125,,,,,2.04866608013258e-009,2.19346862239738e-009,,,25,-1.3141431151098e-006,9.36443929094821e-005,,
,20006927.482,,17.6325888061523,-90000.2678125,90.0001831054688,-1.38724264047596e-009,7999.9970703125,9.41693887580186e-008,7999.9970703125,,,,,2.04435265977938e-009,2.11500781365546e-009,,,25,-1.38724264047596e-006,9.41693887580186e-005,,
,20006987.075,,17.8300733947754,-90000.1759375,90.0001831054688,-6.24964200000022e-010,7999.9970703125,9.52956278342754e-008,7999.9970703125,,,,,1.80010228343363e-009,2.37977765070761e-009,,,25,-6.24964200000022e-007,9.52956278342754e-005,,
,20007047.369,,18.0324771881104,-90000.274375,90.0001831054688,-9.7549550076792e-010,7999.9970703125,9.52970993239432e-008,7999.9970703125,,,,,2.11802507730417e-009,1.62652106411392e-009,,,25,-9.7549550076792e-007,9.52970993239433e-005,,
,20007107.383,,18.2324317932129,-90000.2653125,90.0001831054688,-6.26491570301368e-010,7999.9970703125,9.66768816579134e-008,7999.9970703125,,,,,2.10737933336873e-009,2.40642340516793e-009,,,25,-6.26491570301368e-007,9.66768816579133e-005,,
,20007166.991,,18.4320678710938,-90000.2625,90.0001831054688,-6.66780604774431e-010,7999.9970703125,9.64575924444944e-008,7999.9970703125,,,,,1.84910650499601e-009,2.22657957667764e-009,,,25,-6.66780604774431e-007,9.64575924444944e-005,,
,20007226.895,,18.6324674987793,-90000.2546875,90.0001831054688,-3.78880769176249e-010,7999.9970703125,9.66515124309808e-008,7999.9970703125,,,,,1.99929161050388e-009,2.1985747281398e-009,,,25,-3.78880769176249e-007,9.66515124309808e-005,,
,20007286.175,,18.8316009521484,-90000.2565625,90.0001831054688,-7.71163267927477e-010,7999.9970703125,9.68618143815548e-008,7999.9970703125,,,,,2.48898388505762e-009,1.99171038108596e-009,,,25,-7.71163267927477e-007,9.68618143815547e-005,,
,20007346.361,,19.0321807861328,-90000.265,90.0001831054688,-1.87646654651985e-009,7999.9970703125,9.77612764108926e-008,7999.9970703125,,,,,2.02109074347702e-009,1.72166439565112e-009,,,25,-1.87646654651985e-006,9.77612764108926e-005,,
,20007406.187,,19.2328556060791,-90000.23,90.0001831054688,-1.17986498452183e-009,7999.9970703125,9.82967403251678e-008,7999.9970703125,,,,,1.59843509644422e-009,2.70903255197212e-009,,,25,-1.17986498452183e-006,9.82967403251678e-005,,
,20007465.764,,19.4314544677734,-90000.2521875,90.0001831054688,-1.06501422550309e-009,7999.9970703125,9.93468903470784e-008,7999.9970703125,,,,,1.99805255505679e-009,2.47135829217832e-009,,,25,-1.06501422550309e-006,9.93468903470784e-005,,
,20007525.762,,19.6302709960937,-90000.2175,90.0001831054688,-7.36890584960292e-010,7999.9970703125,1.00098644616082e-007,7999.9970703125,,,,,1.96477118773136e-009,2.25378681705058e-009,,,25,-7.36890584960293e-007,0.000100098644616082,,
,20007586.462,,19.8324363708496,-90000.23625,90.0001831054688,-4.04222069079196e-010,7999.9970703125,1.00198612781242e-007,7999.9970703125,,,,,1.63045578617529e-009,1.7998831347463e-009,,,25,-4.04222069079196e-007,0.000100198612781242,,
,20007646.241,,20.0318397521973,-90000.208125,90.0001831054688,-2.37142738370722e-010,7999.9970703125,1.01108477683738e-007,7999.9970703125,,,,,2.0895280521864e-009,1.6156184257795e-009,,,25,-2.37142738370721e-007,0.000101108477683738,,
,20007706.146,,20.2310729980469,-90000.1753125,90.0001831054688,-7.6666498131317e-010,7999.9970703125,1.01132394047454e-007,7999.9970703125,,,,,1.73905118955806e-009,1.55967399259789e-009,,,25,-7.6666498131317e-007,0.000101132394047454,,
,20007766.019,,20.4323248291016,-90000.185625,90.0001831054688,-3.66959840363279e-010,7999.9970703125,1.01930388482288e-007,7999.9970703125,,,,,2.29873126801615e-009,1.90255664294229e-009,,,25,-3.66959840363279e-007,0.000101930388482288,,
,20007826.657,,20.6341558074951,-90000.1728125,90.0001831054688,-1.9093050937613e-010,7999.9970703125,1.02692564250901e-007,7999.9970703125,,,,,2.12947110089217e-009,1.66493814827308e-009,,,25,-1.9093050937613e-007,0.000102692564250901,,
,20007886.343,,20.8319594573975,-90000.154375,90.0001831054688,-3.84822601517954e-010,7999.9970703125,1.02668722392991e-007,7999.9970703125,,,,,2.51516271757499e-009,1.22694652343486e-009,,,25,-3.84822601517953e-007,0.000102668722392991,,
,20007946.871,,21.0321868896484,-89999.879375,90.0001831054688,-4.10210471386563e-010,7999.9970703125,1.03496584342793e-007,7999.9970703125,,,,,1.9355987577429e-009,1.68925135470567e-009,,,25,-4.10210471386563e-007,0.000103496584342793,,
,20008006.713,,21.2312998962402,-89999.88875,90.0001831054688,4.07183667618938e-010,7999.9970703125,1.04057398857549e-007,7999.9970703125,,,,,1.97598204575194e-009,2.01478859024504e-009,,,25,4.07183667618938e-007,0.000104057398857549,,
,20008066.508,,21.4303314971924,-90000.185,90.0001831054688,-3.87830781960474e-010,7999.9970703125,1.04742079274729e-007,7999.9970703125,,,,,1.9367916461668e-009,1.57394109270855e-009,,,25,-3.87830781960474e-007,0.000104742079274729,,
,20008126.225,,21.62940284729,-90000.18375,90.0001831054688,4.68371576687332e-010,7999.9970703125,1.04488498764113e-007,7999.9970703125,,,,,2.26093058329809e-009,1.7639246687628e-009,,,25,4.68371576687332e-007,0.000104488498764113,,
,20008186.66,,21.8313421630859,-90000.1909375,90.0001831054688,-1.28271093728927e-010,7999.9970703125,1.0554903303273e-007,7999.9970703125,,,,,2.27032821399607e-009,2.09472782197625e-009,,,25,-1.28271093728927e-007,0.00010554903303273,,
,20008246.814,,22.0296652984619,-90000.18625,90.0001831054688,-3.08789413736576e-010,7999.9970703125,1.05784714396577e-007,7999.9970703125,,,,,2.17916525670936e-009,2.68192037982555e-009,,,25,-3.08789413736577e-007,0.000105784714396577,,
,20008307.249,,22.2310340118408,-90000.161875,90.0001831054688,-5.4145249521298e-010,7999.9970703125,1.05820504541043e-007,7999.9970703125,,,,,2.09536427811011e-009,2.0064003616675e-009,,,25,-5.4145249521298e-007,0.000105820504541043,,
,20008366.997,,22.4305518341064,-90000.169375,90.0001831054688,-3.44561496063989e-010,7999.9970703125,1.06960145640187e-007,7999.9970703125,,,,,3.08199534219866e-009,1.85644913318815e-009,,,25,-3.44561496063989e-007,0.000106960145640187,,
,20008427.416,,22.6323338317871,-90000.0996875,90.0001831054688,-4.32413146711497e-011,7999.9970703125,1.07822337013204e-007,7999.9970703125,,,,,1.94472091197871e-009,2.16167785636955e-009,,,25,-4.32413146711497e-008,0.000107822337013204,,
,20008486.697,,22.8302398681641,-90000.0840625,90.0001831054688,4.62494861608321e-011,7999.9970703125,1.07553798879962e-007,7999.9970703125,,,,,2.12516978839934e-009,1.45268507654616e-009,,,25,4.6249486160832e-008,0.000107553798879962,,
,20008547.506,,23.0327605438232,-89999.8203125,90.0001831054688,-1.16647256390934e-009,7999.9970703125,1.08342891035136e-007,7999.9970703125,,,,,2.11238704108413e-009,1.64258743170706e-009,,,25,-1.16647256390934e-006,0.000108342891035136,,
,20008606.584,,23.2324444580078,-90000.10125,90.0001831054688,-3.43062064871447e-010,7999.9970703125,1.08597924991045e-007,7999.9970703125,,,,,2.50834738725022e-009,2.1906717831377e-009,,,25,-3.43062064871447e-007,0.000108597924991045,,
,20008666.847,,23.4331783294678,-90000.0925,90.0001831054688,-1.04680657386779e-011,7999.9970703125,1.08675485826097e-007,7999.9970703125,,,,,1.748080411998e-009,1.75024196091306e-009,,,25,-1.0468065738678e-008,0.000108675485826097,,
,20008726.361,,23.6324313354492,-90000.0803125,90.0001831054688,1.67060694025167e-010,7999.9970703125,1.09489937603939e-007,7999.9970703125,,,,,1.92294655207736e-009,2.70169975018331e-009,,,25,1.67060694025167e-007,0.000109489937603939,,
,20008786.063,,23.8327745056152,-89999.9775,90.0001831054688,-1.0441063267308e-010,7999.9970703125,1.09985159360804e-007,7999.9970703125,,,,,1.98704176900884e-009,2.23965509826502e-009,,,25,-1.0441063267308e-007,0.000109985159360804,,
,20008846.295,,24.0320938873291,-90000.06625,90.0001831054688,3.19238849471049e-010,7999.9970703125,1.10593723948114e-007,7999.9970703125,,,,,1.62543552988751e-009,1.81568983770028e-009,,,25,3.19238849471049e-007,0.000110593723948114,,
,20008906.261,,24.2316645050049,-90000.0890625,90.0001831054688,3.42726895041779e-011,7999.9970703125,1.11021815391723e-007,7999.9970703125,,,,,2.27070701231885e-009,2.46151812625693e-009,,,25,3.42726895041778e-008,0.000111021815391723,,
,20008965.854,,24.4314416503906,-90000.060625,90.0001831054688,-3.89302265375591e-010,7999.9970703125,1.11497638572473e-007,7999.9970703125,,,,,2.41641829642155e-009,1.88050100626035e-009,,,25,-3.89302265375591e-007,0.000111497638572473,,
,20009025.774,,24.6309976959229,-90000.0665625,90.0001831054688,1.93929353144995e-010,7999.9970703125,1.12091319751926e-007,7999.9970703125,,,,,1.20686981510663e-009,2.2154119563447e-009,,,25,1.93929353144995e-007,0.000112091319751926,,
,20009076.958,,24.9871659851074,-90000.0684375,90.0001831054688,-2.55042772181468e-010,7999.9970703125,1.12552222271916e-007,7999.9970703125,,,,,1.52351605708436e-009,1.87064859650693e-009,,,25,-2.55042772181469e-007,0.000112552222271916,,
,20009176.72,,25.036533203125,-90000.0590625,90.0001831054688,-1.62571714099613e-010,7999.9970703125,1.13019122509286e-007,7999.9970703125,,,,,1.62518479790582e-009,1.70927004614365e-009,,,25,-1.62571714099613e-007,0.000113019122509286,,
,20009304.984,,26.0820547485352,-90000.0609375,90.0001831054688,-3.89320901206247e-010,7999.9970703125,1.14598711079452e-007,7999.9970703125,,,,,1.84101189388941e-009,2.13490468255083e-009,,,25,-3.89320901206247e-007,0.000114598711079452,,
,20009425.916,,27.0773337554932,-90000.0746875,90.0001831054688,-4.60893062950163e-010,7999.9970703125,1.17547725967597e-007,7999.9970703125,,,,,2.14298914923125e-009,2.05165244271117e-009,,,25,-4.60893062950163e-007,0.000117547725967597,,
,20009546.677,,28.0837286376953,-90000.0753125,90.0001831054688,2.89380627265245e-010,7999.9970703125,1.19376442744397e-007,7999.9970703125,,,,,2.03653007100319e-009,1.766176241634e-009,,,25,2.89380627265245e-007,0.000119376442744397,,
,20009666.985,,29.0756887054443,-90000.08375,90.0001831054688,-1.65561258000935e-010,7999.9970703125,1.21570641931612e-007,7999.9970703125,,,,,1.60927355244123e-009,1.84783637377581e-009,,,25,-1.65561258000935e-007,0.000121570641931612,,
,20009787.807,,30.0757580566406,-89999.790625,90.0001831054688,9.69506896808525e-011,7999.9970703125,1.23675284557976e-007,7999.9970703125,,,,,2.06564293820789e-009,1.98028320990853e-009,,,25,9.69506896808525e-008,0.000123675284557976,,
,20009908.958,,31.0779758453369,-90000.030625,90.0001831054688,3.43099287647419e-011,7999.9970703125,1.25699459167663e-007,7999.9970703125,,,,,1.81683794667914e-009,1.81666136657495e-009,,,25,3.43099287647419e-008,0.000125699459167663,,
,20010030.093,,32.0797772216797,-89999.74125,90.0001831054688,-1.6400609865741e-011,7999.9970703125,1.28182998741977e-007,7999.9970703125,,,,,1.87894530492902e-009,2.01546729860439e-009,,,25,-1.6400609865741e-008,0.000128182998741977,,
,20010150.416,,33.0748393249512,-90000.0496875,90.0001831054688,9.99365306029176e-010,7999.9970703125,1.29734265501611e-007,7999.9970703125,,,,,1.81461218951497e-009,2.38999764196162e-009,,,25,9.99365306029176e-007,0.000129734265501611,,
,20010271.723,,34.0763185119629,-90000.0834375,90.0001831054688,6.22002613965833e-010,7999.9970703125,1.32519208709709e-007,7999.9970703125,,,,,1.66411186172693e-009,2.27527071671921e-009,,,25,6.22002613965833e-007,0.000132519208709709,,
,20010392.577,,35.0752627563477,-89999.8303125,90.0001831054688,6.35441586496199e-010,7999.9970703125,1.35257762740366e-007,7999.9970703125,,,,,1.79189301841734e-009,1.61094088219348e-009,,,25,6.35441586496199e-007,0.000135257762740366,,
,20010514.179,,36.0772003173828,-90000.168125,90.0001831054688,2.5955037415315e-010,7999.9970703125,1.37264036457054e-007,7999.9970703125,,,,,1.74079654750319e-009,2.47129517087621e-009,,,25,2.5955037415315e-007,0.000137264036457054,,
,20010634.987,,37.0765046691895,-90000.124375,90.0001831054688,1.01726535120861e-009,7999.9970703125,1.38543869252317e-007,7999.9970703125,,,,,2.01897172445435e-009,1.7827234180547e-009,,,25,1.01726535120861e-006,0.000138543869252317,,
,20010756.355,,38.0757005310059,-89999.8628125,90.0001831054688,1.36632512152346e-009,7999.9970703125,1.40442686970346e-007,7999.9970703125,,,,,1.71708404975049e-009,2.03770011455789e-009,,,25,1.36632512152346e-006,0.000140442686970346,,
,20010877.552,,39.0763775634766,-89999.8428125,90.0001831054688,1.69601343600334e-009,7999.9970703125,1.44040535087697e-007,7999.9970703125,,,,,1.49516773231881e-009,2.06597869123131e-009,,,25,1.69601343600334e-006,0.000144040535087697,,
,20010998.469,,40.0768690490723,-89999.995625,90.0001831054688,1.91528409089869e-009,7999.9970703125,1.45511233131401e-007,7999.9970703125,,,,,1.32349045996294e-009,1.79086759778453e-009,,,25,1.91528409089869e-006,0.000145511233131401,,
,20011119.401,,41.0771290588379,-89999.99125,90.0001831054688,1.29174480633765e-009,7999.9970703125,1.47888918290846e-007,7999.9970703125,,,,,2.386657396081e-009,2.31086040732792e-009,,,25,1.29174480633765e-006,0.000147888918290846,,
,20011240.38,,42.0777613830566,-89999.9665625,90.0001831054688,1.20225399882656e-009,7999.9970703125,1.49520781706087e-007,7999.9970703125,,,,,2.2147564679186e-009,1.5140583502694e-009,,,25,1.20225399882656e-006,0.000149520781706087,,
,20011362.716,,43.0870085144043,-90000.00375,90.0001831054688,1.62587552267723e-009,7999.9970703125,1.51386760990135e-007,7999.9970703125,,,,,2.07552968470596e-009,1.4829365862137e-009,,,25,1.62587552267723e-006,0.000151386760990135,,
,20011483.726,,44.080258026123,-90000.145625,90.0001831054688,1.27088318436108e-009,7999.9970703125,1.53882249142043e-007,7999.9970703125,,,,,2.18117160526478e-009,2.34428108281164e-009,,,25,1.27088318436108e-006,0.000153882249142043,,
,20011604.751,,45.0826089477539,-90000.0615625,90.0001831054688,1.43790661098819e-009,7999.9970703125,1.55785583774559e-007,7999.9970703125,,,,,2.22601128212347e-009,1.9799043181277e-009,,,25,1.43790661098819e-006,0.000155785583774559,,
,20011725.87,,46.0783258056641,-90000.13625,90.0001831054688,2.33586948496622e-009,7999.9970703125,1.57824602792971e-007,7999.9970703125,,,,,2.16067839305705e-009,2.12714276529079e-009,,,25,2.33586948496622e-006,0.000157824602792971,,
,20011847.66,,47.0788209533691,-89999.8946875,90.0001831054688,1.94956610698682e-009,7999.9970703125,1.60461838240735e-007,7999.9970703125,,,,,2.56843413484652e-009,1.99751803632474e-009,,,25,1.94956610698682e-006,0.000160461838240735,,
,20011968.639,,48.0766632080078,-90000.11375,90.0001831054688,2.00921731135395e-009,7999.9970703125,1.62814107607119e-007,7999.9970703125,,,,,1.60659991902937e-009,1.86054694673671e-009,,,25,2.00921731135395e-006,0.000162814107607119,,
,20012089.54,,49.0746572875977,-90000.1425,90.0001831054688,2.28216009872995e-009,7999.9970703125,1.6523948579561e-007,7999.9970703125,,,,,1.32493029611929e-009,1.73892573937443e-009,,,25,2.28216009872995e-006,0.00016523948579561,,
,20012211.392,,50.0796563720703,-89999.9725,90.0001831054688,2.78933992149177e-009,7999.9970703125,1.66735581005923e-007,7999.9970703125,,,,,1.62197699904087e-009,1.89347338740388e-009,,,25,2.78933992149177e-006,0.000166735581005923,,
,20012332.792,,51.0792251586914,-89999.86625,90.0001831054688,2.90421858835543e-009,7999.9970703125,1.69811334926635e-007,7999.9970703125,,,,,1.61412156022751e-009,1.57796268850303e-009,,,25,2.90421858835543e-006,0.000169811334926635,,
,20012453.553,,52.0746598815918,-90000.16125,90.0001831054688,3.2025306018113e-009,7999.9970703125,1.71198573079892e-007,7999.9970703125,,,,,1.59728333485306e-009,1.38494169853946e-009,,,25,3.2025306018113e-006,0.000171198573079891,,
,20012574.625,,53.0795283508301,-90000.05,90.0001831054688,3.73649525954533e-009,7999.9970703125,1.74589029047638e-007,7999.9970703125,,,,,1.76895710104506e-009,1.39190093382249e-009,,,25,3.73649525954534e-006,0.000174589029047638,,
,20012695.9,,54.0779876708984,-90000.0221875,90.0001831054688,3.89613329531358e-009,7999.9970703125,1.76810084376484e-007,7999.9970703125,,,,,2.09705410720457e-009,2.14372075266082e-009,,,25,3.89613329531358e-006,0.000176810084376484,,
,20012817.019,,55.0777684020996,-90000.1571875,90.0001831054688,3.4904024886373e-009,7999.9970703125,1.79062413517386e-007,7999.9970703125,,,,,1.8863128098867e-009,2.6154171140908e-009,,,25,3.4904024886373e-006,0.000179062413517386,,
,20012938.06,,56.0765908813477,-90000.1515625,90.0001831054688,3.30248015416146e-009,7999.9970703125,1.80861328262836e-007,7999.9970703125,,,,,2.66652970148492e-009,1.57807285959412e-009,,,25,3.30248015416146e-006,0.000180861328262836,,
,20013060.178,,57.0811981201172,-90000.151875,90.0001831054688,4.13481270925331e-009,7999.9970703125,1.83808777946979e-007,7999.9970703125,,,,,2.05558241497089e-009,2.07544382273407e-009,,,25,4.13481270925331e-006,0.000183808777946979,,
,20013180.845,,58.0749494934082,-90000.1184375,90.0001831054688,4.22577501467458e-009,7999.9970703125,1.86140204314142e-007,7999.9970703125,,,,,1.80607634114273e-009,1.76314474171436e-009,,,25,4.22577501467458e-006,0.000186140204314142,,
,20013301.933,,59.0745916748047,-90000.1515625,90.0001831054688,3.81709194385849e-009,7999.9970703125,1.88322432804853e-007,7999.9970703125,,,,,2.08805542079987e-009,1.74373694151377e-009,,,25,3.81709194385849e-006,0.000188322432804853,,
,20013422.943,,60.0741255187988,-90000.155625,90.0001831054688,4.19890635157571e-009,7999.9970703125,1.91181909758598e-007,7999.9970703125,,,,,2.10209553592144e-009,2.0493304316509e-009,,,25,4.19890635157572e-006,0.000191181909758598,,
,20013543.812,,61.0735623168945,-90000.1975,90.0001831054688,4.38238627111787e-009,7999.9970703125,1.93586379755288e-007,7999.9970703125,,,,,2.0554545713662e-009,1.93139057920581e-009,,,25,4.38238627111787e-006,0.000193586379755288,,
,20013665.337,,62.074736328125,-90000.206875,90.0001831054688,4.3943072159891e-009,7999.9970703125,1.96235536132008e-007,7999.9970703125,,,,,1.82705529382288e-009,1.87401510829763e-009,,,25,4.3943072159891e-006,0.000196235536132008,,
,20013786.332,,63.0750196838379,-90000.20625,90.0001831054688,4.19594477648388e-009,7999.9970703125,1.98593821842223e-007,7999.9970703125,,,,,1.94157315076826e-009,2.48914682653908e-009,,,25,4.19594477648388e-006,0.000198593821842223,,
,20013907.763,,64.0764721679687,-90000.2353125,90.0001831054688,4.73595371204283e-009,7999.9970703125,2.01659130398184e-007,7999.9970703125,,,,,1.80474473315299e-009,1.84758961313487e-009,,,25,4.73595371204283e-006,0.000201659130398184,,
,20014028.663,,65.0762573242187,-90000.23375,90.0001831054688,4.22277616507927e-009,7999.9970703125,2.03751821536571e-007,7999.9970703125,,,,,1.86062718919674e-009,1.92576408368586e-009,,,25,4.22277616507927e-006,0.000203751821536571,,
,20014149.861,,66.0779360961914,-90000.2134375,90.0001831054688,4.7643031575717e-009,7999.9970703125,2.06125045660883e-007,7999.9970703125,,,,,1.93433513409978e-009,1.36710071877192e-009,,,25,4.7643031575717e-006,0.000206125045660883,,
,20014270.964,,67.0791882324219,-89999.931875,90.0001831054688,5.14013844622241e-009,7999.9970703125,2.08440043497831e-007,7999.9970703125,,,,,1.44540545842665e-009,1.63873125073271e-009,,,25,5.14013844622241e-006,0.000208440043497831,,
,20014391.335,,68.0765982055664,-90000.1928125,90.0001831054688,5.47579659269104e-009,7999.9970703125,2.11365085560828e-007,7999.9970703125,,,,,1.87811886321014e-009,1.88645798506667e-009,,,25,5.47579659269104e-006,0.000211365085560828,,
,20014512.095,,69.0777847290039,-90000.0615625,90.0001831054688,4.85673694129218e-009,7999.9970703125,2.13677131105214e-007,7999.9970703125,,,,,1.8455627718581e-009,1.75374477031704e-009,,,25,4.85673694129218e-006,0.000213677131105214,,
,20014633.136,,70.0806616210938,-90000.1909375,90.0001831054688,5.7203992309951e-009,7999.9970703125,2.15853381087072e-007,7999.9970703125,,,,,2.07314999882244e-009,1.88182178954157e-009,,,25,5.7203992309951e-006,0.000215853381087072,,
,20014754.302,,71.0815939331055,-90000.1865625,90.0001831054688,4.8254166085826e-009,7999.9970703125,2.18736716196872e-007,7999.9970703125,,,,,1.98498584024038e-009,2.19413497763035e-009,,,25,4.8254166085826e-006,0.000218736716196872,,
,20014874.548,,72.0777438354492,-90000.221875,90.0001831054688,5.8426912073628e-009,7999.9970703125,2.21367956837639e-007,7999.9970703125,,,,,2.0299985217102e-009,2.11371751570346e-009,,,25,5.8426912073628e-006,0.000221367956837639,,
,20014995.183,,73.0765725708008,-90000.2278125,90.0001831054688,6.12906370406563e-009,7999.9970703125,2.23839597892948e-007,7999.9970703125,,,,,1.79842801554601e-009,1.31550269886711e-009,,,25,6.12906370406563e-006,0.000223839597892947,,
,20015115.819,,74.0751565551758,-90000.053125,90.0001831054688,5.92177913858905e-009,7999.9970703125,2.27028679219075e-007,7999.9970703125,,,,,1.92777597112636e-009,1.58673527120896e-009,,,25,5.92177913858904e-006,0.000227028679219075,,
,20015236.532,,75.0775836181641,-90000.1065625,90.0001831054688,5.98887167143403e-009,7999.9970703125,2.29358596843667e-007,7999.9970703125,,,,,2.05676256366178e-009,1.61484913995829e-009,,,25,5.98887167143403e-006,0.000229358596843667,,
,20015356.794,,76.0753741455078,-90000.1825,90.0001831054688,6.94647643285862e-009,7999.9970703125,2.32044996810146e-007,7999.9970703125,,,,,2.30452086821792e-009,1.58643406401133e-009,,,25,6.94647643285862e-006,0.000232044996810146,,
,20015478.272,,77.0786828613281,-90000.205,90.0001831054688,7.10758601599082e-009,7999.9970703125,2.34573351335712e-007,7999.9970703125,,,,,2.12077373835691e-009,1.82914301980077e-009,,,25,7.10758601599082e-006,0.000234573351335712,,
,20015598.595,,78.0750442504883,-90000.2009375,90.0001831054688,6.74960405376623e-009,7999.9970703125,2.3738949385006e-007,7999.9970703125,,,,,1.44362046730383e-009,1.72685346206868e-009,,,25,6.74960405376623e-006,0.00023738949385006,,
,20015719.652,,79.0788287353516,-89999.9725,90.0001831054688,6.84207519043412e-009,7999.9970703125,2.39215295878239e-007,7999.9970703125,,,,,1.662061968045e-009,1.86284456042607e-009,,,25,6.84207519043412e-006,0.000239215295878239,,
,20015840.053,,80.0785485839844,-89999.8603125,90.0001831054688,6.88537237692799e-009,7999.9970703125,2.43594745988958e-007,7999.9970703125,,,,,1.73883376118381e-009,1.86176054467353e-009,,,25,6.88537237692799e-006,0.000243594745988958,,
,20015961.407,,81.0826260375977,-90000.1603125,90.0001831054688,7.35673344934185e-009,7999.9970703125,2.4553234456107e-007,7999.9970703125,,,,,2.01868262403803e-009,1.98842004068911e-009,,,25,7.35673344934185e-006,0.00024553234456107,,
,20016082.136,,82.0801962280273,-90000.01625,90.0001831054688,5.97099953665747e-009,7999.9970703125,2.48145696241409e-007,7999.9970703125,,,,,4.05437093067669e-009,2.41192461142654e-009,,,25,5.97099953665747e-006,0.000248145696241409,,
,20016203.364,,83.0879013061523,-90000.0228125,90.0001831054688,7.45216610994248e-009,7999.9970703125,2.50574045930989e-007,7999.9970703125,,,,,2.34601700413406e-009,2.0167442940616e-009,,,25,7.45216610994248e-006,0.000250574045930989,,
,20016323.454,,84.0829025268555,-89999.85,90.0001831054688,7.84598536483827e-009,7999.9970703125,2.53221666207537e-007,7999.9970703125,,,,,1.47194786989154e-009,1.59886808915902e-009,,,25,7.84598536483827e-006,0.000253221666207537,,
,20016444.682,,85.0794741821289,-89999.9965625,90.0001831054688,8.09359614322603e-009,7999.9970703125,2.56528578465805e-007,7999.9970703125,,,,,2.29887884886435e-009,2.24827899987343e-009,,,25,8.09359614322602e-006,0.000256528578465804,,
,20016564.897,,86.0762036132813,-90000.1596875,90.0001831054688,7.65650760513381e-009,7999.9970703125,2.59000252699479e-007,7999.9970703125,,,,,2.21324937735627e-009,1.68111267911445e-009,,,25,7.65650760513381e-006,0.000259000252699479,,
,20016685.376,,87.0745629882812,-90000.1340625,90.0001831054688,8.49029302116833e-009,7999.9970703125,2.61893983697519e-007,7999.9970703125,,,,,1.9462703291192e-009,2.15451921004092e-009,,,25,8.49029302116833e-006,0.000261893983697519,,
,20016806.948,,88.0794299316406,-90000.163125,90.0001831054688,8.37250870972639e-009,7999.9970703125,2.63631738489494e-007,7999.9970703125,,,,,2.2306514425307e-009,1.32574328323325e-009,,,25,8.37250870972639e-006,0.000263631738489494,,
,20016926.834,,89.0775259399414,-90000.1578125,90.0001831054688,8.59626834426308e-009,7999.9970703125,2.67563633387908e-007,7999.9970703125,,,,,1.90269829675001e-009,2.00063946108078e-009,,,25,8.59626834426308e-006,0.000267563633387908,,
,20017047.345,,90.0817962646484,-90000.1425,90.0001831054688,8.91097168278066e-009,7999.9970703125,2.70090469857678e-007,7999.9970703125,,,,,2.12191210526599e-009,1.64515874191262e-009,,,25,8.91097168278066e-006,0.000270090469857678,,
,20017167.716,,91.0766976928711,-90000.16875,90.0001831054688,8.92140240466688e-009,7999.9970703125,2.72635206347331e-007,7999.9970703125,,,,,1.36002654650151e-009,1.81163951597762e-009,,,25,8.92140240466688e-006,0.000272635206347331,,
,20017288.258,,92.0762365722656,-90000.1571875,90.0001831054688,9.37488219278748e-009,7999.9970703125,2.75719877099618e-007,7999.9970703125,,,,,1.86496703910855e-009,2.40901721637173e-009,,,25,9.37488219278748e-006,0.000275719877099618,,
,20017409.002,,93.0813806152344,-89999.8628125,90.0001831054688,9.40474968956551e-009,7999.9970703125,2.7776045142673e-007,7999.9970703125,,,,,2.00581125517357e-009,1.47621680505085e-009,,,25,9.40474968956551e-006,0.00027776045142673,,
,20017529.56,,94.0799642944336,-90000.12625,90.0001831054688,9.75378148723394e-009,7999.9970703125,2.79912858968601e-007,7999.9970703125,,,,,1.84467529149826e-009,1.64644450656502e-009,,,25,9.75378148723394e-006,0.000279912858968601,,
,20017649.462,,95.0783364868164,-90000.2240625,90.0001831054688,9.21231046959292e-009,7999.9970703125,2.8323321021162e-007,7999.9970703125,,,,,2.03135647111766e-009,2.14364620223497e-009,,,25,9.21231046959292e-006,0.00028323321021162,,
,20017769.739,,96.0765567016602,-90000.163125,90.0001831054688,1.02176455220615e-008,7999.9970703125,2.85692916950211e-007,7999.9970703125,,,,,1.78075267589111e-009,1.96030705016734e-009,,,25,1.02176455220615e-005,0.000285692916950211,,
,20017890.905,,97.0813366699219,-90000.2009375,90.0001831054688,1.03951835808402e-008,7999.9970703125,2.8929965919815e-007,7999.9970703125,,,,,1.87072820594094e-009,2.12198223346387e-009,,,25,1.03951835808402e-005,0.00028929965919815,,
,20018011.556,,98.0830212402344,-90000.1509375,90.0001831054688,1.0177356452914e-008,7999.9970703125,2.91666876291856e-007,7999.9970703125,,,,,2.19466602397127e-009,1.63173999879571e-009,,,25,1.0177356452914e-005,0.000291666876291856,,
,20018131.895,,99.078742980957,-90000.1403125,90.0001831054688,1.03011664577934e-008,7999.9970703125,2.94832115760073e-007,7999.9970703125,,,,,1.55845206164384e-009,1.83620302779925e-009,,,25,1.03011664577934e-005,0.000294832115760073,,
,20018252.266,,100.079204101563,-90000.1540625,90.0001831054688,1.07904369724565e-008,7999.9970703125,2.9788845567964e-007,7999.9970703125,,,,,2.16437012188918e-009,1.79793678911329e-009,,,25,1.07904369724565e-005,0.00029788845567964,,
,20018372.652,,101.078977966309,-90000.1675,90.0001831054688,1.08545585135289e-008,7999.9970703125,2.99409910803661e-007,7999.9970703125,,,,,2.03360806484245e-009,1.70544922353215e-009,,,25,1.08545585135289e-005,0.000299409910803661,,
,20018493.038,,102.078981933594,-90000.1559375,90.0001831054688,1.03190852132684e-008,7999.9970703125,3.03517844295129e-007,7999.9970703125,,,,,1.94358808683764e-009,1.67671946911905e-009,,,25,1.03190852132684e-005,0.000303517844295129,,
,20018613.283,,103.07957611084,-90000.1784375,90.0001831054688,1.07740178100357e-008,7999.9970703125,3.05230239173397e-007,7999.9970703125,,,,,2.20257859403846e-009,1.76748849198305e-009,,,25,1.07740178100357e-005,0.000305230239173397,,
,20018733.763,,104.079151916504,-90000.1659375,90.0001831054688,1.13408767538203e-008,7999.9970703125,3.08868329739198e-007,7999.9970703125,,,,,2.20296156993602e-009,2.10758533112151e-009,,,25,1.13408767538203e-005,0.000308868329739198,,
,20018854.086,,105.080023803711,-90000.0046875,90.0001831054688,1.09917889676581e-008,7999.9970703125,3.11071447795257e-007,7999.9970703125,,,,,1.54281350926413e-009,1.92484331950778e-009,,,25,1.09917889676581e-005,0.000311071447795257,,
,20018973.911,,106.080550842285,-89999.88,90.0001831054688,1.14213802589802e-008,7999.9970703125,3.14436549087986e-007,7999.9970703125,,,,,1.9344735891442e-009,1.97114341370994e-009,,,25,1.14213802589802e-005,0.000314436549087986,,
,20019094.328,,107.081549377441,-90000.1553125,90.0001831054688,1.08336690391297e-008,7999.9970703125,3.17433200543746e-007,7999.9970703125,,,,,1.63923294553777e-009,1.34704828972338e-009,,,25,1.08336690391297e-005,0.000317433200543746,,
,20019214.901,,108.081656188965,-90000.1246875,90.0001831054688,1.17942913129809e-008,7999.9970703125,3.19570762803778e-007,7999.9970703125,,,,,1.74679897407034e-009,2.04031249233316e-009,,,25,1.17942913129809e-005,0.000319570762803778,,
,20019334.148,,109.080849914551,-89999.9925,90.0001831054688,1.15138606633991e-008,7999.9970703125,3.2269868417643e-007,7999.9970703125,,,,,1.63832648285112e-009,2.72194486641009e-009,,,25,1.15138606633991e-005,0.00032269868417643,,
,20019454.69,,110.075777282715,-89999.9903125,90.0001831054688,1.19777526560938e-008,7999.9970703125,3.26132405316457e-007,7999.9970703125,,,,,2.33419250150144e-009,2.03392462343915e-009,,,25,1.19777526560938e-005,0.000326132405316457,,
,20019575.232,,111.077872009277,-89999.9703125,90.0001831054688,1.20225398495677e-008,7999.9970703125,3.28160993522033e-007,7999.9970703125,,,,,1.40794848059285e-009,1.64238795430766e-009,,,25,1.20225398495677e-005,0.000328160993522033,,
,20019695.041,,112.079248046875,-89999.9934375,90.0001831054688,1.21463498362573e-008,7999.9970703125,3.31529084360227e-007,7999.9970703125,,,,,1.70110324682482e-009,2.07064461754026e-009,,,25,1.21463498362573e-005,0.000331529084360227,,
,20019815.645,,113.081921081543,-90000.1540625,90.0001831054688,1.26444959096261e-008,7999.9970703125,3.34172261646017e-007,7999.9970703125,,,,,1.77994663606683e-009,1.84020591957654e-009,,,25,1.26444959096261e-005,0.000334172261646017,,
,20019936.187,,114.08051940918,-90000.1396875,90.0001831054688,1.34290982896346e-008,7999.9970703125,3.37121183983982e-007,7999.9970703125,,,,,1.83821845231343e-009,2.28114501041777e-009,,,25,1.34290982896346e-005,0.000337121183983982,,
,20020055.559,,115.075117797852,-90000.143125,90.0001831054688,1.25028509864933e-008,7999.9970703125,3.39794207829982e-007,7999.9970703125,,,,,1.76985920582442e-009,2.27725221893375e-009,,,25,1.25028509864933e-005,0.000339794207829982,,
,20020175.898,,116.077965393066,-90000.155,90.0001831054688,1.27534234343329e-008,7999.9970703125,3.41885482193902e-007,7999.9970703125,,,,,1.45346948217416e-009,1.87606264643597e-009,,,25,1.27534234343329e-005,0.000341885482193902,,
,20020296.83,,117.079339904785,-90000.169375,90.0001831054688,1.369465568132e-008,7999.9970703125,3.4475090331398e-007,7999.9970703125,,,,,2.22728834951527e-009,1.84859441404575e-009,,,25,1.369465568132e-005,0.00034475090331398,,
,20020416.468,,118.077582702637,-90000.1765625,90.0001831054688,1.29906034271698e-008,7999.9970703125,3.47573054023087e-007,7999.9970703125,,,,,2.20821337586491e-009,2.02222691801147e-009,,,25,1.29906034271698e-005,0.000347573054023087,,
,20020536.479,,119.077193908691,-90000.1875,90.0001831054688,1.28488467817078e-008,7999.9970703125,3.50478743202984e-007,7999.9970703125,,,,,2.14217788170822e-009,2.09207813090336e-009,,,25,1.28488467817078e-005,0.000350478743202984,,
,20020657.162,,120.077978210449,-90000.173125,90.0001831054688,1.324417469732e-008,7999.9970703125,3.53342671878636e-007,7999.9970703125,,,,,1.58588755791823e-009,2.01891143719e-009,,,25,1.324417469732e-005,0.000353342671878636,,
,20020777.111,,121.077109680176,-90000.1921875,90.0001831054688,1.3417195805232e-008,7999.9970703125,3.56427389197052e-007,7999.9970703125,,,,,2.35807003674956e-009,2.57757739241167e-009,,,25,1.3417195805232e-005,0.000356427389197052,,
,20020897.606,,122.078131408691,-90000.1634375,90.0001831054688,1.38602262450149e-008,7999.9970703125,3.59986401163042e-007,7999.9970703125,,,,,2.15255706614192e-009,1.75035236014273e-009,,,25,1.38602262450149e-005,0.000359986401163042,,
,20021017.945,,123.079010009766,-89999.9521875,90.0001831054688,1.44314904537168e-008,7999.9970703125,3.61879267729819e-007,7999.9970703125,,,,,1.79841657291894e-009,1.99806403276848e-009,,,25,1.44314904537168e-005,0.000361879267729819,,
,20021138.191,,124.079271850586,-90000.2771875,90.0001831054688,1.4523998797813e-008,7999.9970703125,3.65535258315504e-007,7999.9970703125,,,,,1.58842063567247e-009,2.02677652219263e-009,,,25,1.4523998797813e-005,0.000365535258315504,,
,20021258.623,,125.079625244141,-90000.009375,90.0001831054688,1.51235935845762e-008,7999.9970703125,3.68120218627155e-007,7999.9970703125,,,,,1.98731431203791e-009,1.92875114836598e-009,,,25,1.51235935845762e-005,0.000368120218627155,,
,20021379.025,,126.081070556641,-89999.9246875,90.0001831054688,1.46104720261064e-008,7999.9970703125,3.7035318557173e-007,7999.9970703125,,,,,1.7080677514516e-009,1.91442816329725e-009,,,25,1.46104720261064e-005,0.00037035318557173,,
,20021498.553,,127.077190246582,-89999.9190625,90.0001831054688,1.47865293547511e-008,7999.9970703125,3.73237994499504e-007,7999.9970703125,,,,,1.60132981477154e-009,1.88224499954485e-009,,,25,1.47865293547511e-005,0.000373237994499505,,
,20021618.128,,128.074329833984,-89999.9240625,90.0001831054688,1.48312328383327e-008,7999.9970703125,3.76612092368305e-007,7999.9970703125,,,,,1.26739475337609e-009,1.84988967699438e-009,,,25,1.48312328383327e-005,0.000376612092368305,,
,20021738.56,,129.076351928711,-89999.91875,90.0001831054688,1.47998844477115e-008,7999.9970703125,3.790837014094e-007,7999.9970703125,,,,,2.08699811287795e-009,2.52345278420254e-009,,,25,1.47998844477115e-005,0.0003790837014094,,
,20021858.712,,130.080483398438,-89999.915,90.0001831054688,1.49610685912194e-008,7999.9970703125,3.81665700115264e-007,7999.9970703125,,,,,2.07777891284774e-009,1.9512706742932e-009,,,25,1.49610685912194e-005,0.000381665700115263,,
,20021978.849,,131.083802490234,-89999.8765625,90.0001831054688,1.51295728937839e-008,7999.9970703125,3.84909999556839e-007,7999.9970703125,,,,,1.72312847486847e-009,2.17995329843975e-009,,,25,1.51295728937839e-005,0.000384909999556839,,
,20022098.86,,132.079295043945,-89999.8990625,90.0001831054688,1.54980321894982e-008,7999.9970703125,3.87830599211156e-007,7999.9970703125,,,,,1.48132963177698e-009,2.31901502129206e-009,,,25,1.54980321894982e-005,0.000387830599211156,,
,20022218.232,,133.074735717773,-90000.0159375,90.0001831054688,1.47850205394207e-008,7999.9970703125,3.90675137750804e-007,7999.9970703125,,,,,2.39210546771016e-009,1.52353281197256e-009,,,25,1.47850205394207e-005,0.000390675137750804,,
,20022338.587,,134.078029785156,-90000.016875,90.0001831054688,1.59111763059627e-008,7999.9970703125,3.93219874240458e-007,7999.9970703125,,,,,1.69613694649675e-009,1.64210878885464e-009,,,25,1.59111763059627e-005,0.000393219874240458,,
,20022457.101,,135.081159667969,-90000.030625,90.0001831054688,1.63005065041943e-008,7999.9970703125,3.96368657238781e-007,7999.9970703125,,,,,1.28646688644779e-009,1.63067608639258e-009,,,25,1.63005065041943e-005,0.000396368657238781,,
,20022574.273,,136.085728149414,-90000.0171875,90.0001831054688,1.70493180485209e-008,7999.9970703125,3.99463777430356e-007,7999.9970703125,,,,,1.44691784102428e-009,1.66779082795957e-009,,,25,1.70493180485209e-005,0.000399463777430356,,
,20022680.791,,137.090819091797,-90000.00875,90.0001831054688,1.62677052867366e-008,7999.9970703125,4.01826524175704e-007,7999.9970703125,,,,,1.85224358802829e-009,1.66326768966795e-009,,,25,1.62677052867366e-005,0.000401826524175704,,
,20022784.344,,138.087218017578,-90000.0025,90.0001831054688,1.59917262863018e-008,7999.9970703125,4.04736674390733e-007,7999.9970703125,,,,,1.75890457268028e-009,1.83275733944746e-009,,,25,1.59917262863019e-005,0.000404736674390733,,
,20022890.815,,139.090862426758,-90000.0084375,90.0001831054688,1.68583594495431e-008,7999.9970703125,4.07825862057507e-007,7999.9970703125,,,,,1.64660824009407e-009,1.72483578280404e-009,,,25,1.68583594495431e-005,0.000407825862057507,,
,20022998.409,,140.083921508789,-90000.0271875,90.0001831054688,1.72059105170774e-008,7999.9970703125,4.10958281718195e-007,7999.9970703125,,,,,1.92418726740913e-009,1.67411710382725e-009,,,25,1.72059105170774e-005,0.000410958281718194,,
,20023109.606,,141.093635864258,-90000.0325,90.0001831054688,1.71820500327158e-008,7999.9970703125,4.12857127375901e-007,7999.9970703125,,,,,1.34148411665193e-009,1.87744542816393e-009,,,25,1.71820500327158e-005,0.000412857127375901,,
,20023222.567,,142.084276123047,-89999.716875,90.0001831054688,1.75370516080875e-008,7999.9970703125,4.16611530818045e-007,7999.9970703125,,,,,1.6139006894734e-009,2.04790076590673e-009,,,25,1.75370516080875e-005,0.000416611530818045,,
,20023337.181,,143.092223510742,-90000.0053125,90.0001831054688,1.7478881200077e-008,7999.9970703125,4.18978775851429e-007,7999.9970703125,,,,,1.78512026331635e-009,1.90275184480553e-009,,,25,1.7478881200077e-005,0.000418978775851428,,
,20023452.107,,144.076612548828,-90000.00375,90.0001831054688,1.76862401349354e-008,7999.9970703125,4.22167838551104e-007,7999.9970703125,,,,,1.64987264103861e-009,1.51291932621301e-009,,,25,1.76862401349354e-005,0.000422167838551104,,
,20023569.357,,145.079095458984,-89999.983125,90.0001831054688,1.75086927629309e-008,7999.9970703125,4.25182455219328e-007,7999.9970703125,,,,,1.99207701032656e-009,2.90798967438482e-009,,,25,1.75086927629309e-005,0.000425182455219328,,
,20023686.826,,146.075686645508,-89999.9903125,90.0001831054688,1.7838371641119e-008,7999.9970703125,4.27161757834256e-007,7999.9970703125,,,,,1.86108485401312e-009,1.78096271034896e-009,,,25,1.7838371641119e-005,0.000427161757834256,,
,20023805.465,,147.080315551758,-90000.0025,90.0001831054688,1.7517689448141e-008,7999.9970703125,4.30124239064753e-007,7999.9970703125,,,,,2.51839972320875e-009,1.59211200372218e-009,,,25,1.7517689448141e-005,0.000430124239064753,,
,20023924.587,,148.080562133789,-89999.988125,90.0001831054688,1.84559131594142e-008,7999.9970703125,4.32861340232194e-007,7999.9970703125,,,,,1.82187439743576e-009,1.79346609284554e-009,,,25,1.84559131594142e-005,0.000432861340232193,,
,20024043.756,,149.084742431641,-89999.981875,90.0001831054688,1.88303328468464e-008,7999.9970703125,4.35747621813789e-007,7999.9970703125,,,,,1.99831182776341e-009,1.89246508793986e-009,,,25,1.88303328468464e-005,0.000435747621813789,,
,20024152.645,,150.096064453125,-89999.8284375,90.0001831054688,1.81575640453957e-008,7999.9970703125,4.39233583165333e-007,7999.9970703125,,,,,1.8483534808107e-009,1.50134416237653e-009,,,25,1.81575640453957e-005,0.000439233583165333,,
,20026023.939,,149.985465698242,90000.2021875,90.0001831054688,2.11319018126233e-008,7999.9970703125,4.37471918994561e-007,7999.9970703125,,,,,1.59351779756857e-009,2.16378508547978e-009,,,25,2.11319018126233e-005,0.000437471918994561,,
,20026194.308,,148.928070678711,89999.8678125,90.0001831054688,2.10483247792581e-008,7999.9970703125,4.35095780994743e-007,7999.9970703125,,,,,1.81755756189402e-009,1.97901940599624e-009,,,25,2.10483247792581e-005,0.000435095780994743,,
,20026322.166,,147.922453613281,89999.85375,90.0001831054688,1.96954852435738e-008,7999.9970703125,4.32480988092721e-007,7999.9970703125,,,,,1.48332998241026e-009,1.90264489936475e-009,,,25,1.96954852435738e-005,0.000432480988092721,,
,20026445.501,,146.914884033203,89999.86875,90.0001831054688,2.05247910344042e-008,7999.9970703125,4.29345550946891e-007,7999.9970703125,,,,,1.37386687981126e-009,1.79627579064709e-009,,,25,2.05247910344042e-005,0.000429345550946891,,
,20026567.384,,145.918200073242,89999.8690625,90.0001831054688,2.02846308820881e-008,7999.9970703125,4.26152017898858e-007,7999.9970703125,,,,,1.93170665639889e-009,1.88763004840687e-009,,,25,2.02846308820881e-005,0.000426152017898858,,
,20026688.41,,144.920572509766,90000.1990625,90.0001831054688,2.01757682589232e-008,7999.9970703125,4.23376061953604e-007,7999.9970703125,,,,,1.77586611466258e-009,2.10953084241957e-009,,,25,2.01757682589232e-005,0.000423376061953604,,
,20026809.17,,143.916576538086,89999.908125,90.0001831054688,2.03174504713388e-008,7999.9970703125,4.20543462969363e-007,7999.9970703125,,,,,1.59351983609919e-009,2.12355380370867e-009,,,25,2.03174504713388e-005,0.000420543462969363,,
,20026929.525,,142.924083862305,89999.94625,90.0001831054688,1.99042692474905e-008,7999.9970703125,4.17767562903464e-007,7999.9970703125,,,,,2.05969854012589e-009,2.14789456810274e-009,,,25,1.99042692474904e-005,0.000417767562903464,,
,20027050.348,,141.90001159668,89999.9484375,90.0001831054688,1.99102577607846e-008,7999.9970703125,4.15124394930899e-007,7999.9970703125,,,,,2.12303005963099e-009,2.04546197374765e-009,,,25,1.99102577607846e-005,0.000415124394930899,,
,20027170.812,,140.902276000977,89999.951875,90.0001831054688,1.89959035560605e-008,7999.9970703125,4.11781654693186e-007,7999.9970703125,,,,,2.77958888326538e-009,1.61910237987294e-009,,,25,1.89959035560605e-005,0.000411781654693186,,
,20027292.071,,139.898817749023,89999.93875,90.0001831054688,1.99609404444345e-008,7999.9970703125,4.09477124921978e-007,7999.9970703125,,,,,2.86243923293969e-009,1.96855680269102e-009,,,25,1.99609404444345e-005,0.000409477124921978,,
,20027411.724,,138.903842163086,89999.9578125,90.0001831054688,2.00817792938324e-008,7999.9970703125,4.07018889673054e-007,7999.9970703125,,,,,3.69702748455566e-009,2.39564519674056e-009,,,25,2.00817792938324e-005,0.000407018889673054,,
,20027531.86,,137.903534545898,89999.9428125,90.0001831054688,1.83485039087827e-008,7999.9970703125,4.03234637342393e-007,7999.9970703125,,,,,4.5859882817748e-009,1.68206768091164e-009,,,25,1.83485039087827e-005,0.000403234637342393,,
,20027652.558,,136.90047668457,89999.9271875,90.0001831054688,1.80263312722673e-008,7999.9970703125,4.00968887843192e-007,7999.9970703125,,,,,2.5440003113554e-009,1.42717809646861e-009,,,25,1.80263312722673e-005,0.000400968887843192,,
,20027773.132,,135.897668457031,89999.9190625,90.0001831054688,1.85021441211575e-008,7999.9970703125,3.9831820409745e-007,7999.9970703125,,,,,1.77764272057795e-009,1.33696126411236e-009,,,25,1.85021441211575e-005,0.00039831820409745,,
,20027893.252,,134.89842590332,89999.9353125,90.0001831054688,1.77981292290497e-008,7999.9970703125,3.94875532947481e-007,7999.9970703125,,,,,3.47588205383039e-009,1.8955500023303e-009,,,25,1.77981292290497e-005,0.000394875532947481,,
,20028012.843,,133.897452392578,89999.955625,90.0001831054688,1.84037406143034e-008,7999.9970703125,3.92029532231391e-007,7999.9970703125,,,,,2.82467712657709e-009,1.88095215199695e-009,,,25,1.84037406143034e-005,0.00039202953223139,,
,20028133.135,,132.897584228516,89999.978125,90.0001831054688,1.80278214247664e-008,7999.9970703125,3.88794192112982e-007,7999.9970703125,,,,,2.49386477367431e-009,2.02297952515598e-009,,,25,1.80278214247664e-005,0.000388794192112982,,
,20028254.114,,131.895967407227,90000.0121875,90.0001831054688,1.79905126060476e-008,7999.9970703125,3.86420986615121e-007,7999.9970703125,,,,,2.35892855807132e-009,1.89169278598221e-009,,,25,1.79905126060476e-005,0.000386420986615121,,
,20028373.751,,130.904268188477,89999.9990625,90.0001831054688,1.77145616544294e-008,7999.9970703125,3.83527255617082e-007,7999.9970703125,,,,,2.55408612085723e-009,1.71588648724999e-009,,,25,1.77145616544294e-005,0.000383527255617082,,
,20028494.028,,129.902911987305,89999.8684375,90.0001831054688,1.78353355659056e-008,7999.9970703125,3.80476866848767e-007,7999.9970703125,,,,,1.9476944549948e-009,1.57647967463205e-009,,,25,1.78353355659056e-005,0.000380476866848767,,
,20028614.071,,128.899376220703,89999.8309375,90.0001831054688,1.76221094079665e-008,7999.9970703125,3.78160369582474e-007,7999.9970703125,,,,,1.9586837771805e-009,1.84953058758036e-009,,,25,1.76221094079665e-005,0.000378160369582474,,
,20028733.895,,127.902019958496,89999.8475,90.0001831054688,1.73640584398527e-008,7999.9970703125,3.75300911255181e-007,7999.9970703125,,,,,1.90584776614108e-009,1.69003162378792e-009,,,25,1.73640584398527e-005,0.000375300911255181,,
,20028854.811,,126.894733276367,89999.890625,90.0001831054688,1.76027097768383e-008,7999.9970703125,3.72966532595456e-007,7999.9970703125,,,,,1.7096110985341e-009,1.60027265729804e-009,,,25,1.76027097768383e-005,0.000372966532595456,,
,20028974.714,,125.901122131348,90000.0271875,90.0001831054688,1.71954703546362e-008,7999.9970703125,3.69692421518266e-007,7999.9970703125,,,,,2.32032243454211e-009,1.63856708359244e-009,,,25,1.71954703546362e-005,0.000369692421518266,,
,20029094.398,,124.892801208496,89999.88,90.0001831054688,1.66778877246543e-008,7999.9970703125,3.66207961924374e-007,7999.9970703125,,,,,1.6012400668921e-009,1.88298865260499e-009,,,25,1.66778877246543e-005,0.000366207961924374,,
,20029214.518,,123.896725769043,89999.8896875,90.0001831054688,1.72477175510721e-008,7999.9970703125,3.64468744955957e-007,7999.9970703125,,,,,2.06471112860248e-009,1.61589994238222e-009,,,25,1.72477175510721e-005,0.000364468744955957,,
,20029334.046,,122.901083984375,90000.1415625,90.0001831054688,1.6325866272382e-008,7999.9970703125,3.6125875543803e-007,7999.9970703125,,,,,1.86962922970465e-009,2.1545488455755e-009,,,25,1.6325866272382e-005,0.00036125875543803,,
,20029453.606,,121.900708007813,89999.9340625,90.0001831054688,1.70165074086981e-008,7999.9970703125,3.57480482198298e-007,7999.9970703125,,,,,1.65466000510632e-009,2.1775231668485e-009,,,25,1.70165074086981e-005,0.000357480482198298,,
,20029574.132,,120.896277770996,89999.9453125,90.0001831054688,1.68866902458831e-008,7999.9970703125,3.54801523499191e-007,7999.9970703125,,,,,2.0066084049698e-009,2.09950847054424e-009,,,25,1.68866902458831e-005,0.000354801523499191,,
,20029693.551,,119.901714782715,89999.95375,90.0001831054688,1.63721157878172e-008,7999.9970703125,3.52179226465523e-007,7999.9970703125,,,,,1.83736282907392e-009,1.76592369197597e-009,,,25,1.63721157878172e-005,0.000352179226465523,,
,20029813.687,,118.907778625488,89999.9584375,90.0001831054688,1.66913266730262e-008,7999.9970703125,3.49906007759273e-007,7999.9970703125,,,,,1.77810874257261e-009,1.65790472700557e-009,,,25,1.66913266730262e-005,0.000349906007759273,,
,20029933.574,,117.902359924316,89999.963125,90.0001831054688,1.6030506703828e-008,7999.9970703125,3.46960001625121e-007,7999.9970703125,,,,,1.38457881779629e-009,1.58436165121913e-009,,,25,1.6030506703828e-005,0.000346960001625121,,
,20030053.648,,116.903933410645,90000.223125,90.0001831054688,1.5344345192716e-008,7999.9970703125,3.44236290547997e-007,7999.9970703125,,,,,2.27239052558986e-009,1.83699952013341e-009,,,25,1.5344345192716e-005,0.000344236290547997,,
,20030173.332,,115.902630615234,89999.9396875,90.0001831054688,1.50997425225796e-008,7999.9970703125,3.41248570475727e-007,7999.9970703125,,,,,2.33583715895631e-009,1.85117998069111e-009,,,25,1.50997425225796e-005,0.000341248570475727,,
,20030293.094,,114.900094299316,89999.9509375,90.0001831054688,1.57963252786431e-008,7999.9970703125,3.38520377408713e-007,7999.9970703125,,,,,2.41085054302524e-009,2.20801248402596e-009,,,25,1.57963252786431e-005,0.000338520377408713,,
,20030413.074,,113.897188110352,89999.9215625,90.0001831054688,1.50923011460691e-008,7999.9970703125,3.36081547429785e-007,7999.9970703125,,,,,2.17316534463884e-009,1.65580715906067e-009,,,25,1.50923011460691e-005,0.000336081547429785,,
,20030533.71,,112.894969177246,89999.894375,90.0001831054688,1.53906133346027e-008,7999.9970703125,3.33465257426724e-007,7999.9970703125,,,,,2.38613213054464e-009,1.78647144946408e-009,,,25,1.53906133346027e-005,0.000333465257426724,,
,20030653.191,,111.893783569336,89999.8428125,90.0001831054688,1.49147817501216e-008,7999.9970703125,3.29088795697317e-007,7999.9970703125,,,,,1.9837009478785e-009,1.46396053635572e-009,,,25,1.49147817501216e-005,0.000329088795697317,,
,20030772.142,,110.900047302246,89999.9759375,90.0001831054688,1.51370232561021e-008,7999.9970703125,3.26954278862104e-007,7999.9970703125,,,,,2.27478795955498e-009,1.8549243182431e-009,,,25,1.51370232561021e-005,0.000326954278862104,,
,20030891.67,,109.904417114258,89999.866875,90.0001831054688,1.52071800039266e-008,7999.9970703125,3.24021795531735e-007,7999.9970703125,,,,,2.04197313314668e-009,1.50421111747263e-009,,,25,1.52071800039266e-005,0.000324021795531735,,
,20031011.416,,108.901933288574,89999.8684375,90.0001831054688,1.42957687785383e-008,7999.9970703125,3.21214454015717e-007,7999.9970703125,,,,,1.77354130090902e-009,2.35595196404801e-009,,,25,1.42957687785383e-005,0.000321214454015717,,
,20031131.505,,107.89968963623,89999.8615625,90.0001831054688,1.45881108983303e-008,7999.9970703125,3.18997943541035e-007,7999.9970703125,,,,,2.31214906126177e-009,2.59642269148017e-009,,,25,1.45881108983303e-005,0.000318997943541035,,
,20031251.533,,106.897843017578,89999.975625,90.0001831054688,1.4133159602352e-008,7999.9970703125,3.16013231640682e-007,7999.9970703125,,,,,1.98839230106814e-009,2.08267655938879e-009,,,25,1.4133159602352e-005,0.000316013231640682,,
,20031370.905,,105.904257202148,89999.7340625,90.0001831054688,1.36946185011766e-008,7999.9970703125,3.1243929057382e-007,7999.9970703125,,,,,2.03958069963305e-009,1.91186351731198e-009,,,25,1.36946185011766e-005,0.00031243929057382,,
,20031490.994,,104.902076721191,89999.825,90.0001831054688,1.42912796582095e-008,7999.9970703125,3.1005566357635e-007,7999.9970703125,,,,,2.14216380739529e-009,1.8783287979674e-009,,,25,1.42912796582095e-005,0.00031005566357635,,
,20031610.772,,103.895007324219,90000.0875,90.0001831054688,1.36230461066589e-008,7999.9970703125,3.0756164691411e-007,7999.9970703125,,,,,2.04674796933245e-009,1.75775346953714e-009,,,25,1.36230461066589e-005,0.00030756164691411,,
,20031730.237,,102.892579345703,89999.95,90.0001831054688,1.36648160696495e-008,7999.9970703125,3.03753534099087e-007,7999.9970703125,,,,,2.30206347223516e-009,2.1257771471503e-009,,,25,1.36648160696495e-005,0.000303753534099087,,
,20031849.859,,101.900603942871,89999.8896875,90.0001831054688,1.37438574165571e-008,7999.9970703125,3.02211180096492e-007,7999.9970703125,,,,,2.01573666522826e-009,1.43651979549171e-009,,,25,1.37438574165571e-005,0.000302211180096492,,
,20031969.402,,100.899546813965,89999.89875,90.0001831054688,1.34992269522627e-008,7999.9970703125,2.98661099513993e-007,7999.9970703125,,,,,1.86998402430415e-009,2.8616962814779e-009,,,25,1.34992269522627e-005,0.000298661099513993,,
,20032089.18,,99.8952578735352,89999.896875,90.0001831054688,1.30964762320218e-008,7999.9970703125,2.9578673071228e-007,7999.9970703125,,,,,1.86446710683586e-009,2.03995513560613e-009,,,25,1.30964762320218e-005,0.00029578673071228,,
,20032208.599,,98.9000024414062,89999.7903125,90.0001831054688,1.3142735188012e-008,7999.9970703125,2.93483681743965e-007,7999.9970703125,,,,,2.33834863746007e-009,2.29628815019921e-009,,,25,1.3142735188012e-005,0.000293483681743965,,
,20032328.564,,97.8953173828125,89999.7565625,90.0001831054688,1.25729237697669e-008,7999.9970703125,2.90461633121595e-007,7999.9970703125,,,,,1.59805630174519e-009,2.00450916065266e-009,,,25,1.25729237697669e-005,0.000290461633121595,,
,20032448.638,,96.8946240234375,89999.7575,90.0001831054688,1.24103426787769e-008,7999.9970703125,2.8779911226593e-007,7999.9970703125,,,,,1.6257501495835e-009,1.9191417944266e-009,,,25,1.24103426787769e-005,0.00028779911226593,,
,20032567.136,,95.9026480102539,89999.858125,90.0001831054688,1.3342587662919e-008,7999.9970703125,2.85051459213719e-007,7999.9970703125,,,,,1.92316693758747e-009,2.42135957749693e-009,,,25,1.3342587662919e-005,0.000285051459213719,,
,20032687.101,,94.9006735229492,89999.8696875,90.0001831054688,1.23088938198634e-008,7999.9970703125,2.82681280514225e-007,7999.9970703125,,,,,2.09148856059462e-009,1.65555420806473e-009,,,25,1.23088938198634e-005,0.000282681280514225,,
,20032806.8,,93.9002270507813,89999.855625,90.0001831054688,1.21851115909522e-008,7999.9970703125,2.80287259956822e-007,7999.9970703125,,,,,1.97601090491446e-009,1.60612682680428e-009,,,25,1.21851115909521e-005,0.000280287259956822,,
,20032925.689,,92.9011862182617,89999.8590625,90.0001831054688,1.2155290642113e-008,7999.9970703125,2.76957930764183e-007,7999.9970703125,,,,,1.7052732643206e-009,1.8862363243553e-009,,,25,1.2155290642113e-005,0.000276957930764183,,
,20033045.997,,91.8930697631836,89999.8328125,90.0001831054688,1.2098619590688e-008,7999.9970703125,2.74898012867197e-007,7999.9970703125,,,,,1.51724239933468e-009,1.85999365743775e-009,,,25,1.2098619590688e-005,0.000274898012867197,,
,20033165.259,,90.8938143920898,89999.81625,90.0001831054688,1.1537749087438e-008,7999.9970703125,2.7097650221549e-007,7999.9970703125,,,,,1.49252240448229e-009,1.82292926259145e-009,,,25,1.1537749087438e-005,0.00027097650221549,,
,20033284.35,,89.8992544555664,89999.794375,90.0001831054688,1.07740269595524e-008,7999.9970703125,2.68536222865805e-007,7999.9970703125,,,,,2.05058139594942e-009,2.51841195086562e-009,,,25,1.07740269595524e-005,0.000268536222865805,,
,20033404.424,,88.8924621582031,89999.795,90.0001831054688,1.07382643000165e-008,7999.9970703125,2.65805016970262e-007,7999.9970703125,,,,,1.71204317686937e-009,1.90456412644266e-009,,,25,1.07382643000165e-005,0.000265805016970262,,
,20033523.765,,87.8900643920898,89999.7971875,90.0001831054688,1.13139895620407e-008,7999.9970703125,2.63108186190948e-007,7999.9970703125,,,,,1.96547375731883e-009,2.34112768087742e-009,,,25,1.13139895620407e-005,0.000263108186190948,,
,20033643.59,,86.8953305053711,89999.8159375,90.0001831054688,1.16108298971085e-008,7999.9970703125,2.60323270922527e-007,7999.9970703125,,,,,1.84054091268224e-009,2.02410471808968e-009,,,25,1.16108298971085e-005,0.000260323270922527,,
,20033762.322,,85.9026364135742,89999.8128125,90.0001831054688,1.1485511167848e-008,7999.9970703125,2.57748750736937e-007,7999.9970703125,,,,,2.01242625670985e-009,1.46836540660548e-009,,,25,1.1485511167848e-005,0.000257748750736937,,
,20033882.708,,84.8968145751953,89999.8203125,90.0001831054688,1.09172272823344e-008,7999.9970703125,2.55183152621612e-007,7999.9970703125,,,,,1.5704119062006e-009,2.32924053699456e-009,,,25,1.09172272823344e-005,0.000255183152621612,,
,20034002.142,,83.8958056640625,89999.8165625,90.0001831054688,1.04309929520241e-008,7999.9970703125,2.51926941564307e-007,7999.9970703125,,,,,2.00568296707947e-009,2.36533509740031e-009,,,25,1.04309929520241e-005,0.000251926941564307,,
,20034120.999,,82.8985806274414,89999.823125,90.0001831054688,1.09947785495024e-008,7999.9970703125,2.50034056371078e-007,7999.9970703125,,,,,2.24899097296353e-009,2.13012632430913e-009,,,25,1.09947785495024e-005,0.000250034056371078,,
,20034240.964,,81.8975927734375,89999.8365625,90.0001831054688,1.03160769685928e-008,7999.9970703125,2.46991163585335e-007,7999.9970703125,,,,,1.60307840900612e-009,2.01045655024558e-009,,,25,1.03160769685928e-005,0.000246991163585335,,
,20034360.149,,80.9014706420898,89999.834375,90.0001831054688,1.0032684840553e-008,7999.9970703125,2.44140631402843e-007,7999.9970703125,,,,,2.08425214757088e-009,1.72066894499296e-009,,,25,1.0032684840553e-005,0.000244140631402843,,
,20034480.8,,79.8902841186523,89999.9065625,90.0001831054688,1.04413771987311e-008,7999.9970703125,2.40827769739553e-007,7999.9970703125,,,,,2.5651633546318e-009,1.92461837440462e-009,,,25,1.04413771987311e-005,0.000240827769739553,,
,20034599.985,,78.8929382324219,89999.8709375,90.0001831054688,9.85217573543196e-009,7999.9970703125,2.38608194631524e-007,7999.9970703125,,,,,2.22263123786622e-009,2.22135830785838e-009,,,25,9.85217573543196e-006,0.000238608194631524,,
,20034719.076,,77.8970504760742,89999.90625,90.0001831054688,9.36741289478959e-009,7999.9970703125,2.36145489034243e-007,7999.9970703125,,,,,2.20252348663435e-009,2.36903610364291e-009,,,25,9.3674128947896e-006,0.000236145489034243,,
,20034838.245,,76.8969647216797,89999.8734375,90.0001831054688,9.10338290850632e-009,7999.9970703125,2.33533650753088e-007,7999.9970703125,,,,,1.58701556174956e-009,2.11725809291857e-009,,,25,9.10338290850632e-006,0.000233533650753088,,
,20034957.68,,75.8975048828125,89999.8425,90.0001831054688,9.00193395864335e-009,7999.9970703125,2.31045603868552e-007,7999.9970703125,,,,,1.89238600121249e-009,1.54120677352183e-009,,,25,9.00193395864335e-006,0.000231045603868552,,
,20035077.239,,74.8937020874023,89999.8134375,90.0001831054688,9.13471252715681e-009,7999.9970703125,2.27808829513378e-007,7999.9970703125,,,,,1.96630653293454e-009,1.90457726681102e-009,,,25,9.13471252715681e-006,0.000227808829513378,,
,20035195.909,,73.8960266113281,89999.8128125,90.0001831054688,9.78657333689626e-009,7999.9970703125,2.26032294449396e-007,7999.9970703125,,,,,2.18552799276007e-009,1.95678436950177e-009,,,25,9.78657333689625e-006,0.000226032294449396,,
,20035314.828,,72.8974392700195,89999.801875,90.0001831054688,9.13921086976188e-009,7999.9970703125,2.22689516376704e-007,7999.9970703125,,,,,2.29883157390789e-009,2.1067037818939e-009,,,25,9.13921086976188e-006,0.000222689516376704,,
,20035433.451,,71.8996646118164,89999.8071875,90.0001831054688,8.66038984895567e-009,7999.9970703125,2.20395440119319e-007,7999.9970703125,,,,,1.86347768601483e-009,2.70703926371038e-009,,,25,8.66038984895567e-006,0.000220395440119319,,
,20035553.354,,70.8928329467773,89999.804375,90.0001831054688,8.52614907671523e-009,7999.9970703125,2.18086377717555e-007,7999.9970703125,,,,,1.96032881398653e-009,1.77202507367498e-009,,,25,8.52614907671523e-006,0.000218086377717555,,
,20035671.837,,69.8987142944336,90000.07125,90.0001831054688,8.7036498098314e-009,7999.9970703125,2.1472278283909e-007,7999.9970703125,,,,,2.16108715521744e-009,2.32262867183981e-009,,,25,8.7036498098314e-006,0.00021472278283909,,
,20035791.411,,68.8923873901367,89999.814375,90.0001831054688,9.0750335220946e-009,7999.9970703125,2.12427147198468e-007,7999.9970703125,,,,,2.10505760831286e-009,2.44120229908791e-009,,,25,9.0750335220946e-006,0.000212427147198468,,
,20035910.425,,67.894912109375,89999.798125,90.0001831054688,8.02492962975521e-009,7999.9970703125,2.09964450914413e-007,7999.9970703125,,,,,2.69781431860303e-009,1.54996094729797e-009,,,25,8.02492962975521e-006,0.000209964450914413,,
,20036029.126,,66.8991857910156,89999.811875,90.0001831054688,7.78631547291297e-009,7999.9970703125,2.07521172706038e-007,7999.9970703125,,,,,1.9903898882553e-009,1.64812365071295e-009,,,25,7.78631547291298e-006,0.000207521172706038,,
,20036148.061,,65.8945803833008,89999.7859375,90.0001831054688,7.826557939552e-009,7999.9970703125,2.03974053729326e-007,7999.9970703125,,,,,2.20309013536829e-009,1.74725969298767e-009,,,25,7.826557939552e-006,0.000203974053729326,,
,20036268.041,,64.8932302856445,89999.7925,90.0001831054688,8.10702582384692e-009,7999.9970703125,2.02477977145463e-007,7999.9970703125,,,,,2.36243511943266e-009,1.86412074301556e-009,,,25,8.10702582384693e-006,0.000202477977145463,,
,20036387.585,,63.8937632751465,89999.7925,90.0001831054688,7.47454580960039e-009,7999.9970703125,1.99042765889317e-007,7999.9970703125,,,,,2.47496503974635e-009,2.25817835456081e-009,,,25,7.47454580960039e-006,0.000199042765889317,,
,20036505.974,,62.898438873291,89999.7721875,90.0001831054688,7.63116641792294e-009,7999.9970703125,1.96982847992331e-007,7999.9970703125,,,,,2.34294889751532e-009,2.44817512109596e-009,,,25,7.63116641792294e-006,0.000196982847992331,,
,20036624.815,,61.8969674682617,89999.809375,90.0001831054688,7.78627822000999e-009,7999.9970703125,1.94526121485978e-007,7999.9970703125,,,,,1.63204014112088e-009,2.50446919111224e-009,,,25,7.78627822000999e-006,0.000194526121485978,,
,20036744.125,,60.8966990661621,89999.8065625,90.0001831054688,6.5363032354071e-009,7999.9970703125,1.92648137453943e-007,7999.9970703125,,,,,2.2682253833179e-009,2.23695223880455e-009,,,25,6.5363032354071e-006,0.000192648137453943,,
,20036862.748,,59.896905670166,89999.83375,90.0001831054688,7.41786544722345e-009,7999.9970703125,1.89720105845481e-007,7999.9970703125,,,,,2.39822411777815e-009,2.35506717674383e-009,,,25,7.41786544722345e-006,0.000189720105845481,,
,20036982.339,,58.8914987182617,90000.1009375,90.0001831054688,7.35370666006929e-009,7999.9970703125,1.870545768179e-007,7999.9970703125,,,,,1.85519262220916e-009,2.0491250417998e-009,,,25,7.35370666006929e-006,0.0001870545768179,,
,20037100.634,,57.8989224243164,89999.82375,90.0001831054688,7.52976397961902e-009,7999.9970703125,1.84480038005859e-007,7999.9970703125,,,,,2.55914370828665e-009,2.18273417747983e-009,,,25,7.52976397961902e-006,0.000184480038005859,,
,20037219.663,,56.8984158325195,89999.876875,90.0001831054688,6.94947524152667e-009,7999.9970703125,1.82196304667741e-007,7999.9970703125,,,,,2.27528223886769e-009,2.00011541350304e-009,,,25,6.94947524152667e-006,0.000182196304667741,,
,20037338.582,,55.8989009094238,89999.8934375,90.0001831054688,6.4766240575409e-009,7999.9970703125,1.79918624926358e-007,7999.9970703125,,,,,1.51664647696657e-009,2.20226694790879e-009,,,25,6.4766240575409e-006,0.000179918624926358,,
,20037457.908,,54.8971682739258,89999.9121875,90.0001831054688,6.59149343846366e-009,7999.9970703125,1.78086899686605e-007,7999.9970703125,,,,,1.70232001105396e-009,1.98144570738558e-009,,,25,6.59149343846366e-006,0.000178086899686605,,
,20037576.812,,53.895422668457,89999.8984375,90.0001831054688,6.44382288328416e-009,7999.9970703125,1.75390022341162e-007,7999.9970703125,,,,,2.73205215269061e-009,1.84602090170274e-009,,,25,6.44382288328416e-006,0.000175390022341162,,
,20037695.232,,52.9008442687988,89999.9090625,90.0001831054688,6.72427207973669e-009,7999.9970703125,1.73652303637937e-007,7999.9970703125,,,,,2.53012376375023e-009,1.81892749843766e-009,,,25,6.72427207973669e-006,0.000173652303637937,,
,20037815.088,,51.8840547180176,89999.9034375,90.0001831054688,6.5571834329603e-009,7999.9970703125,1.71531193773262e-007,7999.9970703125,,,,,2.47266210162784e-009,2.04200152421892e-009,,,25,6.5571834329603e-006,0.000171531193773262,,
,20037932.915,,50.8969178771973,89999.9271875,90.0001831054688,5.04918546312183e-009,7999.9970703125,1.68649368570186e-007,7999.9970703125,,,,,2.48443454342407e-009,2.64442701605176e-009,,,25,5.04918546312183e-006,0.000168649368570186,,
,20038052.006,,49.895007019043,89999.898125,90.0001831054688,5.52348961718963e-009,7999.9970703125,1.66155376355164e-007,7999.9970703125,,,,,1.78140243832325e-009,2.37864657494649e-009,,,25,5.52348961718962e-006,0.000166155376355164,,
,20038170.926,,48.8927886962891,89999.91125,90.0001831054688,5.93963265643538e-009,7999.9970703125,1.63831363315694e-007,7999.9970703125,,,,,2.62365730708742e-009,2.64037896550687e-009,,,25,5.93963265643538e-006,0.000163831363315694,,
,20038289.081,,47.8985955810547,89999.94625,90.0001831054688,5.95311819779454e-009,7999.9970703125,1.6175955242943e-007,7999.9970703125,,,,,2.21656948862365e-009,2.14904680019239e-009,,,25,5.95311819779454e-006,0.00016175955242943,,
,20038408.266,,46.8957504272461,90000.0678125,90.0001831054688,5.42057841357746e-009,7999.9970703125,1.58995563979261e-007,7999.9970703125,,,,,2.14835175296648e-009,1.96566685795751e-009,,,25,5.42057841357746e-006,0.000158995563979261,,
,20038527.747,,45.8940306091309,90000.0484375,90.0001831054688,4.83583805817034e-009,7999.9970703125,1.57014678115957e-007,7999.9970703125,,,,,2.18501603549325e-009,2.60450628359092e-009,,,25,4.83583805817034e-006,0.000157014678115956,,
,20038645.512,,44.9005062866211,90000.0496875,90.0001831054688,6.03509322445461e-009,7999.9970703125,1.54595232452266e-007,7999.9970703125,,,,,2.74934535589378e-009,1.63124568257986e-009,,,25,6.03509322445461e-006,0.000154595232452266,,
,20038765.149,,43.8969239807129,90000.0871875,90.0001831054688,4.98355518402604e-009,7999.9970703125,1.52545745368116e-007,7999.9970703125,,,,,2.82211997002348e-009,2.08557556215841e-009,,,25,4.98355518402604e-006,0.000152545745368116,,
,20038884.006,,42.8944682312012,89999.918125,90.0001831054688,5.22067933502513e-009,7999.9970703125,1.50667807902209e-007,7999.9970703125,,,,,2.71074372045242e-009,1.97557749124798e-009,,,25,5.22067933502512e-006,0.000150667807902209,,
,20039002.676,,41.8925465393066,89999.8553125,90.0001831054688,4.97011616062082e-009,7999.9970703125,1.47496598656289e-007,7999.9970703125,,,,,3.09394890386811e-009,2.39219616163617e-009,,,25,4.97011616062082e-006,0.000147496598656289,,
,20039120.519,,40.9070820617676,89999.8859375,90.0001831054688,4.11988358152371e-009,7999.9970703125,1.45802085171454e-007,7999.9970703125,,,,,2.2553918461446e-009,2.59145939965421e-009,,,25,4.11988358152371e-006,0.000145802085171454,,
,20039239.923,,39.8979425048828,89999.844375,90.0001831054688,3.99013170181206e-009,7999.9970703125,1.43628769437783e-007,7999.9970703125,,,,,3.23716500584682e-009,1.92683115656978e-009,,,25,3.99013170181206e-006,0.000143628769437782,,
,20039358.749,,38.8958708190918,89999.8478125,90.0001831054688,4.18550462853773e-009,7999.9970703125,1.41631529550068e-007,7999.9970703125,,,,,2.74620070174789e-009,2.20061459522201e-009,,,25,4.18550462853773e-006,0.000141631529550068,,
,20039477.918,,37.893941192627,89999.8234375,90.0001831054688,4.40776481838156e-009,7999.9970703125,1.40036984230392e-007,7999.9970703125,,,,,2.65669106955313e-009,2.17794286307928e-009,,,25,4.40776481838157e-006,0.000140036984230392,,
,20039597.227,,36.8936669921875,90000.1009375,90.0001831054688,3.99754503291661e-009,7999.9970703125,1.37499707634561e-007,7999.9970703125,,,,,2.42843549156619e-009,1.85480626311822e-009,,,25,3.99754503291661e-006,0.000137499707634561,,
,20039716.163,,35.8951089477539,89999.8775,90.0001831054688,3.41729368699362e-009,7999.9970703125,1.35090757976286e-007,7999.9970703125,,,,,2.09643804484948e-009,2.20082417295157e-009,,,25,3.41729368699362e-006,0.000135090757976286,,
,20039834.52,,34.9007800292969,89999.710625,90.0001831054688,3.95279503607071e-009,7999.9970703125,1.33475323091261e-007,7999.9970703125,,,,,2.24032922028824e-009,1.76632032318962e-009,,,25,3.95279503607071e-006,0.000133475323091261,,
,20039954.36,,33.894252166748,89999.825625,90.0001831054688,4.41818631998103e-009,7999.9970703125,1.31750979344361e-007,7999.9970703125,,,,,2.07608230722796e-009,2.03004550480451e-009,,,25,4.41818631998103e-006,0.000131750979344361,,
,20040073.561,,32.8966979980469,89999.7396875,90.0001831054688,4.26752625301674e-009,7999.9970703125,1.28496258112136e-007,7999.9970703125,,,,,2.14567111419884e-009,2.60205710410728e-009,,,25,4.26752625301674e-006,0.000128496258112136,,
,20040192.636,,31.8954270935059,89999.7359375,90.0001831054688,3.43670239089988e-009,7999.9970703125,1.25779972004239e-007,7999.9970703125,,,,,2.11283209606762e-009,1.9902247539343e-009,,,25,3.43670239089988e-006,0.000125779972004239,,
,20040311.837,,30.8981370544434,89999.7509375,90.0001831054688,2.78933059632891e-009,7999.9970703125,1.25402627745643e-007,7999.9970703125,,,,,2.17157513599121e-009,2.09510121720086e-009,,,25,2.78933059632891e-006,0.000125402627745643,,
,20040430.897,,29.8966284942627,89999.7359375,90.0001831054688,4.20486682742194e-009,7999.9970703125,1.23184569238219e-007,7999.9970703125,,,,,2.19534698024525e-009,1.91632685372424e-009,,,25,4.20486682742194e-006,0.000123184569238219,,
,20040550.128,,28.8887779998779,89999.8228125,90.0001831054688,3.44268153355642e-009,7999.9970703125,1.20806908817031e-007,7999.9970703125,,,,,2.41599966650201e-009,1.41254328027689e-009,,,25,3.44268153355642e-006,0.00012080690881703,,
,20040669.017,,27.8964737701416,89999.84125,90.0001831054688,3.01757922329671e-009,7999.9970703125,1.1829950788524e-007,7999.9970703125,,,,,2.18153870131002e-009,1.6477101457026e-009,,,25,3.01757922329671e-006,0.00011829950788524,,
,20040788.139,,26.8910446166992,89999.86875,90.0001831054688,3.22938997086908e-009,7999.9970703125,1.16255943721626e-007,7999.9970703125,,,,,2.1579307183841e-009,1.93173099932977e-009,,,25,3.22938997086908e-006,0.000116255943721626,,
,20040904.344,,25.8953223419189,89999.8825,90.0001831054688,3.55459855654772e-009,7999.9970703125,1.1363520170562e-007,7999.9970703125,,,,,1.84707723256109e-009,2.03639010019935e-009,,,25,3.55459855654772e-006,0.00011363520170562,,
,20041007.196,,24.9532514953613,89999.879375,90.0001831054688,2.51038076612531e-009,7999.9970703125,1.12329999101348e-007,7999.9970703125,,,,,2.39804975141049e-009,2.42089771345546e-009,,,25,2.51038076612531e-006,0.000112329999101348,,
,20041132.028,,24.9480990600586,89999.9884375,90.0001831054688,3.36957268871174e-009,7999.9970703125,1.12112181668635e-007,7999.9970703125,,,,,1.6791720828714e-009,1.59910351317578e-009,,,25,3.36957268871174e-006,0.000112112181668635,,
,20041204.209,,24.6538417053223,89999.855625,90.0001831054688,3.23086144362605e-009,7999.9970703125,1.10968153749127e-007,7999.9970703125,,,,,3.58237248680616e-009,1.94991990400675e-009,,,25,3.23086144362605e-006,0.000110968153749127,,
,20041263.724,,24.4598550415039,89999.868125,90.0001831054688,2.17627799656839e-009,7999.9970703125,1.10971105459612e-007,7999.9970703125,,,,,1.41824466564714e-009,2.33413882694787e-009,,,25,2.17627799656839e-006,0.000110971105459612,,
,20041323.722,,24.2629290771484,90000.106875,90.0001831054688,3.27263126109756e-009,7999.9970703125,1.10898015554994e-007,7999.9970703125,,,,,1.89604732938062e-009,2.12281874039461e-009,,,25,3.27263126109756e-006,0.000110898015554994,,
,20041384.375,,24.0602386474609,89999.8803125,90.0001831054688,3.11601070734469e-009,7999.9970703125,1.09257245494518e-007,7999.9970703125,,,,,1.88071423604673e-009,1.803322216375e-009,,,25,3.11601070734469e-006,0.000109257245494518,,
,20041443.406,,23.863454284668,90000.1434375,90.0001831054688,2.27469086880205e-009,7999.9970703125,1.09181193693075e-007,7999.9970703125,,,,,2.15367398517291e-009,1.76440656800484e-009,,,25,2.27469086880205e-006,0.000109181193693075,,
,20041503.092,,23.6650881958008,90000.064375,90.0001831054688,3.01158148772629e-009,7999.9970703125,1.08469662372954e-007,7999.9970703125,,,,,2.21798953454772e-009,2.16947781239547e-009,,,25,3.01158148772629e-006,0.000108469662372954,,
,20041563.074,,23.4653965759277,89999.838125,90.0001831054688,3.3964413267995e-009,7999.9970703125,1.07473230746109e-007,7999.9970703125,,,,,2.2612226340773e-009,2.00881428626978e-009,,,25,3.3964413267995e-006,0.000107473230746109,,
,20041623.727,,23.2612187957764,89999.965,90.0001831054688,2.8847911835328e-009,7999.9970703125,1.07732808100991e-007,7999.9970703125,,,,,1.84448702325501e-009,1.43724631183408e-009,,,25,2.8847911835328e-006,0.000107732808100991,,
,20041683.71,,23.061722869873,89999.835625,90.0001831054688,3.56647294211143e-009,7999.9970703125,1.06716968293767e-007,7999.9970703125,,,,,2.25822922361241e-009,1.93111851156656e-009,,,25,3.56647294211143e-006,0.000106716968293767,,
,20041742.849,,22.864651260376,89999.825625,90.0001831054688,2.90270979746765e-009,7999.9970703125,1.07157027523499e-007,7999.9970703125,,,,,2.273641342904e-009,2.08806292070528e-009,,,25,2.90270979746765e-006,0.000107157027523499,,
,20041802.723,,22.6649965667725,89999.851875,90.0001831054688,2.9743006030003e-009,7999.9970703125,1.06108422623947e-007,7999.9970703125,,,,,2.2440028021403e-009,1.66001177243584e-009,,,25,2.9743006030003e-006,0.000106108422623947,,
,20041862.736,,22.4650598144531,89999.8428125,90.0001831054688,3.49638158155585e-009,7999.9970703125,1.05972654710058e-007,7999.9970703125,,,,,1.78623625212571e-009,1.85720941282182e-009,,,25,3.49638158155585e-006,0.000105972654710058,,
,20041922.563,,22.2642216491699,89999.83375,90.0001831054688,3.37706985277464e-009,7999.9970703125,1.05450573610142e-007,7999.9970703125,,,,,1.88895167543313e-009,1.67541579476054e-009,,,25,3.37706985277464e-006,0.000105450573610142,,
,20041982.373,,22.064381942749,89999.8096875,90.0001831054688,3.52322230014579e-009,7999.9970703125,1.04479548754171e-007,7999.9970703125,,,,,2.29431851131825e-009,2.0850861995662e-009,,,25,3.52322230014579e-006,0.000104479548754171,,
,20042042.044,,21.8643469238281,89999.70625,90.0001831054688,2.75952826086723e-009,7999.9970703125,1.05080670909956e-007,7999.9970703125,,,,,1.75117674210509e-009,2.23277348752326e-009,,,25,2.75952826086723e-006,0.000105080670909956,,
,20042102.463,,21.663706817627,89999.8371875,90.0001831054688,3.08618042481612e-009,7999.9970703125,1.02981954114512e-007,7999.9970703125,,,,,1.75663329834005e-009,1.99118682776856e-009,,,25,3.08618042481612e-006,0.000102981954114512,,
,20042162.367,,21.4645836639404,89999.8490625,90.0001831054688,2.96087092920061e-009,7999.9970703125,1.03280275361612e-007,7999.9970703125,,,,,1.87672046864377e-009,2.0657369862256e-009,,,25,2.96087092920061e-006,0.000103280275361612,,
,20042222.194,,21.2635626983643,89999.8109375,90.0001831054688,2.78489751110556e-009,7999.9970703125,1.02692573564127e-007,7999.9970703125,,,,,1.28429378014817e-009,2.33121332050294e-009,,,25,2.78489751110556e-006,0.000102692573564127,,
,20042282.504,,21.0610764312744,89999.82625,90.0001831054688,2.63122923740866e-009,7999.9970703125,1.02048191474751e-007,7999.9970703125,,,,,2.25795677208444e-009,2.3269884945842e-009,,,25,2.63122923740866e-006,0.000102048191474751,,
,20042341.769,,20.8626642608643,89999.835625,90.0001831054688,2.63419081420579e-009,7999.9970703125,1.01884139003232e-007,7999.9970703125,,,,,1.90350967767169e-009,1.72559448973176e-009,,,25,2.63419081420579e-006,0.000101884139003232,,
,20042402.25,,20.6631272125244,89999.814375,90.0001831054688,3.20402072617298e-009,7999.9970703125,1.01011508377269e-007,7999.9970703125,,,,,2.23868837730863e-009,2.46474762979675e-009,,,25,3.20402072617298e-006,0.000101011508377269,,
,20042462.03,,20.4632546234131,89999.979375,90.0001831054688,2.96536925475266e-009,7999.9970703125,1.0098917526193e-007,7999.9970703125,,,,,2.01577149432634e-009,1.42990982939445e-009,,,25,2.96536925475266e-006,0.00010098917526193,,
,20042522.23,,20.2630721282959,89999.823125,90.0001831054688,3.1652031793783e-009,7999.9970703125,1.0054464568384e-007,7999.9970703125,,,,,2.48109394077757e-009,2.26705952214015e-009,,,25,3.1652031793783e-006,0.00010054464568384,,
,20042582.306,,20.0615822601318,89999.8115625,90.0001831054688,3.03694136420063e-009,7999.9970703125,9.97048814315349e-008,7999.9970703125,,,,,2.08665664232397e-009,2.0163732885094e-009,,,25,3.03694136420063e-006,9.97048814315349e-005,,
,20042641.54,,19.8639347839355,89999.81625,90.0001831054688,3.55007238340477e-009,7999.9970703125,9.92812134791166e-008,7999.9970703125,,,,,3.02319702987063e-009,1.62970236127484e-009,,,25,3.55007238340477e-006,9.92812134791166e-005,,
,20042701.569,,19.6655384063721,89999.8409375,90.0001831054688,3.01905070557496e-009,7999.9970703125,9.92528919596225e-008,7999.9970703125,,,,,2.23230570058291e-009,1.91498609391442e-009,,,25,3.01905070557495e-006,9.92528919596225e-005,,
,20042761.349,,19.461923828125,89999.82375,90.0001831054688,3.05485073113232e-009,7999.9970703125,9.8580188350752e-008,7999.9970703125,,,,,2.06335818105264e-009,1.55044975570498e-009,,,25,3.05485073113232e-006,9.8580188350752e-005,,
,20042821.128,,19.2616848754883,89999.890625,90.0001831054688,2.33888698119244e-009,7999.9970703125,9.78403363842517e-008,7999.9970703125,,,,,2.50511570611846e-009,1.78413886495507e-009,,,25,2.33888698119244e-006,9.78403363842517e-005,,
,20042880.612,,19.0632528686523,89999.8540625,90.0001831054688,3.26368124888177e-009,7999.9970703125,9.60876338649541e-008,7999.9970703125,,,,,1.98187869950381e-009,1.72209475130787e-009,,,25,3.26368124888177e-006,9.60876338649541e-005,,
,20042940.032,,18.8631784820557,89999.850625,90.0001831054688,3.02052219240068e-009,7999.9970703125,9.67290636617691e-008,7999.9970703125,,,,,1.28785206857111e-009,1.77889879756523e-009,,,25,3.02052219240068e-006,9.6729063661769e-005,,
,20043000.483,,18.6626028442383,89999.87125,90.0001831054688,2.57005061129689e-009,7999.9970703125,9.62099723983556e-008,7999.9970703125,,,,,2.37391384144301e-009,2.39409941085492e-009,,,25,2.57005061129689e-006,9.62099723983556e-005,,
,20043059.514,,18.4627739715576,89999.858125,90.0001831054688,2.55815763523515e-009,7999.9970703125,9.52821981627494e-008,7999.9970703125,,,,,2.10922743014945e-009,1.93401848801735e-009,,,25,2.55815763523515e-006,9.52821981627494e-005,,
,20043119.59,,18.2575793457031,90000.07625,90.0001831054688,2.19865767689953e-009,7999.9970703125,9.51867282856256e-008,7999.9970703125,,,,,2.07977534394609e-009,1.99710836727146e-009,,,25,2.19865767689953e-006,9.51867282856256e-005,,
,20043179.4,,18.0624853515625,90000.0625,90.0001831054688,3.37556107567139e-009,7999.9970703125,9.4099334673956e-008,7999.9970703125,,,,,2.29849527416512e-009,1.73049778380952e-009,,,25,3.37556107567138e-006,9.4099334673956e-005,,
,20043238.041,,17.8624263000488,89999.9671875,90.0001831054688,2.86391092686245e-009,7999.9970703125,9.32923250366002e-008,7999.9970703125,,,,,2.33517955427739e-009,1.5121626930412e-009,,,25,2.86391092686245e-006,9.32923250366002e-005,,
,20043297.758,,17.6638961029053,89999.985625,90.0001831054688,3.47849090303498e-009,7999.9970703125,9.34504449833185e-008,7999.9970703125,,,,,1.40167544871062e-009,1.80907379910691e-009,,,25,3.47849090303498e-006,9.34504449833184e-005,,
,20043358.193,,17.4618104553223,90000.265625,90.0001831054688,3.33827089605165e-009,7999.9970703125,9.20736894477159e-008,7999.9970703125,,,,,2.40238457715896e-009,1.80998510818917e-009,,,25,3.33827089605165e-006,9.20736894477159e-005,,
,20043417.224,,17.2623761749268,90000.2603125,90.0001831054688,3.41285124875412e-009,7999.9970703125,9.19737585354596e-008,7999.9970703125,,,,,1.67633042352701e-009,2.02368497248774e-009,,,25,3.41285124875412e-006,9.19737585354596e-005,,
,20043477.378,,17.0610307312012,89999.9834375,90.0001831054688,2.6923798957057e-009,7999.9970703125,9.14397567976266e-008,7999.9970703125,,,,,2.10659171113455e-009,1.39253459286279e-009,,,25,2.6923798957057e-006,9.14397567976266e-005,,
,20043537.22,,16.8607121276855,89999.9496875,90.0001831054688,2.77445736628579e-009,7999.9970703125,9.03807123540901e-008,7999.9970703125,,,,,1.9846713684064e-009,2.49992810189539e-009,,,25,2.77445736628579e-006,9.03807123540901e-005,,
,20043596.89,,16.6622521972656,89999.97625,90.0001831054688,2.85498885517654e-009,7999.9970703125,8.93469632137567e-008,7999.9970703125,,,,,1.58749148063879e-009,1.38331929828742e-009,,,25,2.85498885517654e-006,8.93469632137567e-005,,
,20043656.249,,16.4621634674072,89999.9696875,90.0001831054688,2.97278256766731e-009,7999.9970703125,8.91382069676183e-008,7999.9970703125,,,,,2.2421896680837e-009,2.27823947721309e-009,,,25,2.97278256766731e-006,8.91382069676183e-005,,
,20043715.825,,16.2599071502686,89999.95625,90.0001831054688,3.14734975233932e-009,7999.9970703125,8.85400184779428e-008,7999.9970703125,,,,,2.19905070734006e-009,2.1121833710967e-009,,,25,3.14734975233932e-006,8.85400184779428e-005,,
,20043776.011,,16.0624597930908,90000.0884375,90.0001831054688,3.11305838806675e-009,7999.9970703125,8.73899925500154e-008,7999.9970703125,,,,,2.02279396917975e-009,1.70276661614652e-009,,,25,3.11305838806675e-006,8.73899925500154e-005,,
,20043835.213,,15.8634392547607,90000.1771875,90.0001831054688,2.94895935027739e-009,7999.9970703125,8.79150541732088e-008,7999.9970703125,,,,,2.68683481588795e-009,2.04057831806963e-009,,,25,2.94895935027739e-006,8.79150541732088e-005,,
,20043895.382,,15.6608076477051,90000.238125,90.0001831054688,2.57602972851601e-009,7999.9970703125,8.64099699538201e-008,7999.9970703125,,,,,1.32395899324022e-009,1.63811828144057e-009,,,25,2.57602972851601e-006,8.64099699538201e-005,,
,20043954.6,,15.4639823913574,89999.97375,90.0001831054688,2.04650745544654e-009,7999.9970703125,8.6563610821031e-008,7999.9970703125,,,,,2.0112587224667e-009,1.69673604192618e-009,,,25,2.04650745544654e-006,8.6563610821031e-005,,
,20044014.567,,15.2624250411987,89999.965625,90.0001831054688,2.54322851560573e-009,7999.9970703125,8.57894387445413e-008,7999.9970703125,,,,,1.93973593733972e-009,2.08867960625019e-009,,,25,2.54322851560573e-006,8.57894387445413e-005,,
,20044074.503,,15.061796875,89999.964375,90.0001831054688,1.95104688344827e-009,7999.9970703125,8.53240839205682e-008,7999.9970703125,,,,,1.82675873352944e-009,1.7671518118116e-009,,,25,1.95104688344827e-006,8.53240839205682e-005,,
,20044133.705,,14.8627304458618,89999.9671875,90.0001831054688,1.98387600221395e-009,7999.9970703125,8.44231393421069e-008,7999.9970703125,,,,,2.75475979811791e-009,2.15145903530025e-009,,,25,1.98387600221395e-006,8.44231393421069e-005,,
,20044193.376,,14.6628015136719,89999.9659375,90.0001831054688,2.46117898029752e-009,7999.9970703125,8.34461254999042e-008,7999.9970703125,,,,,2.11064926729667e-009,2.04133150319812e-009,,,25,2.46117898029752e-006,8.34461254999042e-005,,
,20044253.342,,14.4610250091553,89999.963125,90.0001831054688,2.63122926071446e-009,7999.9970703125,8.27510410454124e-008,7999.9970703125,,,,,2.1721651682687e-009,1.49086745628675e-009,,,25,2.63122926071446e-006,8.27510410454124e-005,,
,20044313.044,,14.2611267089844,89999.9778125,90.0001831054688,1.74522451757753e-009,7999.9970703125,8.20350588764995e-008,7999.9970703125,,,,,2.08704358646217e-009,1.45592576974179e-009,,,25,1.74522451757753e-006,8.20350588764995e-005,,
,20044372.824,,14.061213760376,89999.955625,90.0001831054688,1.78397689253984e-009,7999.9970703125,8.07850467390381e-008,7999.9970703125,,,,,1.92460658013785e-009,1.86267885870525e-009,,,25,1.78397689253984e-006,8.07850467390381e-005,,
,20044431.745,,13.8618823242187,90000.053125,90.0001831054688,2.45819874507447e-009,7999.9970703125,8.08730474091135e-008,7999.9970703125,,,,,2.60230177925275e-009,1.57259113480048e-009,,,25,2.45819874507447e-006,8.08730474091135e-005,,
,20044491.478,,13.6624850845337,89999.96375,90.0001831054688,1.50805385572994e-009,7999.9970703125,8.02167164511047e-008,7999.9970703125,,,,,2.47283343735325e-009,1.83450266283477e-009,,,25,1.50805385572994e-006,8.02167164511047e-005,,
,20044552.147,,13.4556288909912,89999.8959375,90.0001831054688,2.50444823535645e-009,7999.9970703125,7.9141253081616e-008,7999.9970703125,,,,,2.23744080873963e-009,1.91956736145992e-009,,,25,2.50444823535645e-006,7.9141253081616e-005,,
,20044610.741,,13.2613277053833,89999.8940625,90.0001831054688,2.69540666522516e-009,7999.9970703125,7.81806683517061e-008,7999.9970703125,,,,,1.95616959707808e-009,2.4322400831758e-009,,,25,2.69540666522516e-006,7.81806683517061e-005,,
,20044670.427,,13.0591666793823,89999.8790625,90.0001831054688,2.93552035145694e-009,7999.9970703125,7.74721274501644e-008,7999.9970703125,,,,,2.21807084406893e-009,2.09329366965026e-009,,,25,2.93552035145694e-006,7.74721274501644e-005,,
,20044730.378,,12.8600429534912,89999.8984375,90.0001831054688,2.09724593474903e-009,7999.9970703125,7.73647366440855e-008,7999.9970703125,,,,,2.34975778500328e-009,1.64140605987846e-009,,,25,2.09724593474903e-006,7.73647366440855e-005,,
,20044790.173,,12.6577857971191,89999.885,90.0001831054688,1.91524682804811e-009,7999.9970703125,7.60625986731611e-008,7999.9970703125,,,,,2.22597216081594e-009,2.33056833484054e-009,,,25,1.91524682804811e-006,7.60625986731611e-005,,
,20044849.828,,12.4607036209106,89999.959375,90.0001831054688,1.85856652734628e-009,7999.9970703125,7.56836621440016e-008,7999.9970703125,,,,,2.42826361586047e-009,2.09700198656468e-009,,,25,1.85856652734628e-006,7.56836621440016e-005,,
,20044909.935,,12.2564418411255,89999.9434375,90.0001831054688,2.10321570307315e-009,7999.9970703125,7.42800286388956e-008,7999.9970703125,,,,,2.09112705110027e-009,1.56024388094128e-009,,,25,2.10321570307315e-006,7.42800286388956e-005,,
,20044968.654,,12.0601634216309,89999.9340625,90.0001831054688,2.41195854727039e-009,7999.9970703125,7.36222448176704e-008,7999.9970703125,,,,,2.01558493740466e-009,1.88369955313817e-009,,,25,2.41195854727039e-006,7.36222448176704e-005,,
,20045028.777,,11.8614317703247,89999.9784375,90.0001831054688,2.82067890907456e-009,7999.9970703125,7.27466432726942e-008,7999.9970703125,,,,,2.17281681493598e-009,1.75254013639339e-009,,,25,2.82067890907456e-006,7.27466432726942e-005,,
,20045088.884,,11.6607317352295,89999.988125,90.0001831054688,1.96450449010399e-009,7999.9970703125,7.21261589205824e-008,7999.9970703125,,,,,2.08240828226301e-009,1.84726167696525e-009,,,25,1.96450449010399e-006,7.21261589205824e-005,,
,20045148.164,,11.458224029541,90000.003125,90.0001831054688,2.50591042401993e-009,7999.9970703125,7.09149645990692e-008,7999.9970703125,,,,,1.75320370081989e-009,1.96681893774435e-009,,,25,2.50591042401993e-006,7.09149645990692e-005,,
,20045208.115,,11.2615282440186,89999.998125,90.0001831054688,2.76697882142685e-009,7999.9970703125,6.98947007185779e-008,7999.9970703125,,,,,1.86895274556366e-009,2.01727891563845e-009,,,25,2.76697882142685e-006,6.98947007185779e-005,,
,20045267.286,,11.0620376205444,90000.0165625,90.0001831054688,1.46180436672694e-009,7999.9970703125,6.98290517902933e-008,7999.9970703125,,,,,2.03520891599066e-009,2.09492872675079e-009,,,25,1.46180436672694e-006,6.98290517902933e-005,,
,20045327.222,,10.8608699798584,89999.9815625,90.0001831054688,2.77891841335531e-009,7999.9970703125,6.91995708621107e-008,7999.9970703125,,,,,2.06038260953944e-009,1.81822905637975e-009,,,25,2.77891841335531e-006,6.91995708621107e-005,,
,20045387.735,,10.6609977340698,89999.9328125,90.0001831054688,1.94809458662348e-009,7999.9970703125,6.78556351340376e-008,7999.9970703125,,,,,1.78059791022895e-009,2.14535114129308e-009,,,25,1.94809458662348e-006,6.78556351340376e-005,,
,20045447.046,,10.4587508392334,90000.1984375,90.0001831054688,2.10318777959628e-009,7999.9970703125,6.75945761031471e-008,7999.9970703125,,,,,2.13295458578403e-009,1.90319753717652e-009,,,25,2.10318777959628e-006,6.75945761031471e-005,,
,20045506.576,,10.2618338012695,89999.9875,90.0001831054688,1.76905706922526e-009,7999.9970703125,6.64609516388737e-008,7999.9970703125,,,,,1.49583142546706e-009,2.12642261672905e-009,,,25,1.76905706922526e-006,6.64609516388737e-005,,
,20045566.122,,10.0620343017578,89999.96375,90.0001831054688,2.34933642389024e-009,7999.9970703125,6.62641072995029e-008,7999.9970703125,,,,,1.82375598987495e-009,1.98486844376188e-009,,,25,2.34933642389024e-006,6.62641072995029e-005,,
,20045622.797,,9.86543521881103,89999.9653125,90.0001831054688,2.17626869158494e-009,7999.9970703125,6.53034573770128e-008,7999.9970703125,,,,,2.49113855483421e-009,1.56610248137515e-009,,,25,2.17626869158494e-006,6.53034573770128e-005,,
,20045685.728,,9.66265811920166,89999.970625,90.0001831054688,2.48206856440447e-009,7999.9970703125,6.42891724419314e-008,7999.9970703125,,,,,2.07052985749819e-009,2.07442564771541e-009,,,25,2.48206856440447e-006,6.42891724419314e-005,,
,20045744.244,,9.46580303192139,89999.970625,90.0001831054688,1.86454562225435e-009,7999.9970703125,6.40355543873739e-008,7999.9970703125,,,,,1.78928871809414e-009,2.5738551840071e-009,,,25,1.86454562225435e-006,6.40355543873739e-005,,
,20045802.557,,9.20910865783691,89999.9678125,90.0001831054688,1.49459623742132e-009,7999.9970703125,6.30272485432215e-008,7999.9970703125,,,,,1.90439155711911e-009,2.32119880825263e-009,,,25,1.49459623742132e-006,6.30272485432215e-005,,
,20045863.179,,9.06739280700684,89999.9721875,90.0001831054688,2.35972998055445e-009,7999.9970703125,6.14565626892727e-008,7999.9970703125,,,,,1.93940236383133e-009,1.74601329205045e-009,,,25,2.35972998055445e-006,6.14565626892727e-005,,
,20045923.754,,8.85841491699219,89999.9546875,90.0001831054688,1.73327564084502e-009,7999.9970703125,6.13596118637361e-008,7999.9970703125,,,,,2.0277436228505e-009,1.96965038330866e-009,,,25,1.73327564084502e-006,6.13596118637361e-005,,
,20045983.097,,8.66211429595947,90000.2465625,90.0001831054688,1.78247744685223e-009,7999.9970703125,6.0273689305177e-008,7999.9970703125,,,,,1.65370033402092e-009,1.96799853873558e-009,,,25,1.78247744685223e-006,6.0273689305177e-005,,
,20046043.033,,8.46152862548828,89999.9690625,90.0001831054688,2.12555817142857e-009,7999.9970703125,6.00171281257644e-008,7999.9970703125,,,,,1.9506546502344e-009,2.12672040605887e-009,,,25,2.12555817142857e-006,6.00171281257644e-005,,
,20046102.968,,8.26191585540771,89999.954375,90.0001831054688,2.10320642793249e-009,7999.9970703125,5.87164331227541e-008,7999.9970703125,,,,,2.12917496665673e-009,2.04749615317291e-009,,,25,2.10320642793249e-006,5.87164331227541e-005,,
,20046163.185,,8.06094871520996,89999.96625,90.0001831054688,2.07036796837201e-009,7999.9970703125,5.85419309209101e-008,7999.9970703125,,,,,2.51777521509846e-009,1.64621203370275e-009,,,25,2.07036796837201e-006,5.85419309209101e-005,,
,20046222.793,,7.86021165847778,89999.965,90.0001831054688,2.10468720013068e-009,7999.9970703125,5.74739364674315e-008,7999.9970703125,,,,,1.810242282148e-009,2.64013281085769e-009,,,25,2.10468720013068e-006,5.74739364674315e-005,,
,20046282.993,,7.661900806427,89999.9365625,90.0001831054688,2.45819874862718e-009,7999.9970703125,5.71084665716626e-008,7999.9970703125,,,,,1.5073460668145e-009,1.706944028648e-009,,,25,2.45819874862718e-006,5.71084665716626e-005,,
,20046342.835,,7.46135562896729,89999.921875,90.0001831054688,1.43945258173517e-009,7999.9970703125,5.62432954029646e-008,7999.9970703125,,,,,2.09257555408235e-009,2.09098451358324e-009,,,25,1.43945258173517e-006,5.62432954029646e-005,,
,20046403.177,,7.25831897735596,89999.9196875,90.0001831054688,2.07930866793049e-009,7999.9970703125,5.52662814152427e-008,7999.9970703125,,,,,2.50860665999397e-009,1.6428478142275e-009,,,25,2.07930866793049e-006,5.52662814152427e-005,,
,20046462.176,,7.06170433044434,89999.93625,90.0001831054688,1.51399571507227e-009,7999.9970703125,5.52468915702775e-008,7999.9970703125,,,,,1.2731594711602e-009,1.96603573422626e-009,,,25,1.51399571507227e-006,5.52468915702775e-005,,
,20046522.954,,6.85778884887695,89999.935,90.0001831054688,1.83619617843078e-009,7999.9970703125,5.37179938692134e-008,7999.9970703125,,,,,1.90888481580712e-009,1.48577805276154e-009,,,25,1.83619617843078e-006,5.37179938692134e-005,,
,20046583.389,,6.65804063796997,89999.9528125,90.0001831054688,1.20373476704572e-009,7999.9970703125,5.32257523445878e-008,7999.9970703125,,,,,2.28751950013131e-009,1.62389881641587e-009,,,25,1.20373476704572e-006,5.32257523445878e-005,,
,20046643.481,,6.4583205986023,89999.864375,90.0001831054688,1.7854763123637e-009,7999.9970703125,5.28274347016122e-008,7999.9970703125,,,,,2.05118699381649e-009,1.67566875443265e-009,,,25,1.7854763123637e-006,5.28274347016122e-005,,
,20046702.901,,6.26191667556763,89999.873125,90.0001831054688,2.25680951416507e-009,7999.9970703125,5.20279777992982e-008,7999.9970703125,,,,,2.05780377635116e-009,2.00208833104849e-009,,,25,2.25680951416507e-006,5.20279777992982e-005,,
,20046763.492,,6.05965473175049,89999.7215625,90.0001831054688,2.58350821468412e-009,7999.9970703125,5.11941553850193e-008,7999.9970703125,,,,,1.81299779205442e-009,1.86658780397288e-009,,,25,2.58350821468412e-006,5.11941553850193e-005,,
,20046823.178,,5.86047058105469,89999.9803125,90.0001831054688,2.49400809565259e-009,7999.9970703125,5.05527347559109e-008,7999.9970703125,,,,,1.96509625165876e-009,1.4129478213871e-009,,,25,2.49400809565259e-006,5.05527347559109e-005,,
,20046884.299,,5.65811531066895,90000.0015625,90.0001831054688,2.35532484339274e-009,7999.9970703125,4.98964598227758e-008,7999.9970703125,,,,,1.7703768406158e-009,1.76672001676978e-009,,,25,2.35532484339274e-006,4.98964598227758e-005,,
,20046944.266,,5.45890825271606,90000.1390625,90.0001831054688,2.46269701648316e-009,7999.9970703125,4.97845612699166e-008,7999.9970703125,,,,,1.47229318838782e-009,1.59834532902051e-009,,,25,2.46269701648316e-006,4.97845612699166e-005,,
,20047004.217,,5.25967155456543,89999.9865625,90.0001831054688,2.87285166024276e-009,7999.9970703125,4.81885350018274e-008,7999.9970703125,,,,,2.25003196460786e-009,2.21939996651606e-009,,,25,2.87285166024276e-006,4.81885350018274e-005,,
,20047064.558,,5.06077920913696,90000.174375,90.0001831054688,2.3642375604993e-009,7999.9970703125,4.83466550940648e-008,7999.9970703125,,,,,1.8563106974297e-009,2.38247542050552e-009,,,25,2.3642375604993e-006,4.83466550940648e-005,,
,20047124.775,,4.85897968292236,89999.9959375,90.0001831054688,2.2120780229784e-009,7999.9970703125,4.79364168131724e-008,7999.9970703125,,,,,1.92026121543848e-009,1.71853316466103e-009,,,25,2.2120780229784e-006,4.79364168131724e-005,,
,20047186.021,,4.65701944351196,90000.005625,90.0001831054688,2.1673186836324e-009,7999.9970703125,4.73323330515996e-008,7999.9970703125,,,,,1.82351166220064e-009,2.16889577607848e-009,,,25,2.1673186836324e-006,4.73323330515996e-005,,
,20047246.175,,4.45857864379883,90000.01,90.0001831054688,2.38956023849823e-009,7999.9970703125,4.74710256094113e-008,7999.9970703125,,,,,1.90333115571539e-009,1.61056427704979e-009,,,25,2.38956023849823e-006,4.74710256094113e-005,,
,20047306.719,,4.25990169525146,89999.9728125,90.0001831054688,2.47757025817918e-009,7999.9970703125,4.7092154272832e-008,7999.9970703125,,,,,2.10369382508623e-009,1.85028969852113e-009,,,25,2.47757025817918e-006,4.7092154272832e-005,,
,20047366.873,,4.05986587524414,89999.9828125,90.0001831054688,2.65660777358789e-009,7999.9970703125,4.64776487206109e-008,7999.9970703125,,,,,2.11216396325071e-009,1.91425734433384e-009,,,25,2.65660777358789e-006,4.64776487206109e-005,,
,20047427.854,,3.8587818145752,90000.0603125,90.0001831054688,2.55215059723923e-009,7999.9970703125,4.63388631760608e-008,7999.9970703125,,,,,2.09475048074077e-009,1.71520190022019e-009,,,25,2.55215059723923e-006,4.63388631760608e-005,,
,20047489.193,,3.6577517414093,89999.731875,90.0001831054688,2.28812986279081e-009,7999.9970703125,4.53514001856092e-008,7999.9970703125,,,,,2.25199811295881e-009,2.45258557162094e-009,,,25,2.28812986279081e-006,4.53514001856092e-005,,
,20047548.708,,3.46299984931946,89999.738125,90.0001831054688,3.18911022816337e-009,7999.9970703125,4.57064391230233e-008,7999.9970703125,,,,,1.87778748196868e-009,1.87928172038927e-009,,,25,3.18911022816337e-006,4.57064391230233e-005,,
,20047609.735,,3.26180948257446,89999.8871875,90.0001831054688,2.60585997921225e-009,7999.9970703125,4.52529964968562e-008,7999.9970703125,,,,,2.38727114804228e-009,2.23641618826544e-009,,,25,2.60585997921226e-006,4.52529964968562e-005,,
,20047669.733,,3.06409344673157,89999.8025,90.0001831054688,3.28462670665886e-009,7999.9970703125,4.57914781873114e-008,7999.9970703125,,,,,1.9056081264661e-009,2.04628157440668e-009,,,25,3.28462670665886e-006,4.57914781873114e-005,,
,20047730.963,,2.86005935668945,89999.820625,90.0001831054688,2.9146587314699e-009,7999.9970703125,4.56288787245285e-008,7999.9970703125,,,,,1.59050850896355e-009,1.52821731940507e-009,,,25,2.9146587314699e-006,4.56288787245285e-005,,
,20047792.147,,2.65912400245666,89999.7534375,90.0001831054688,2.4254068762275e-009,7999.9970703125,4.61046912823804e-008,7999.9970703125,,,,,2.19316317903744e-009,1.89190602363605e-009,,,25,2.4254068762275e-006,4.61046912823804e-005,,
,20047851.973,,2.46168839454651,89999.848125,90.0001831054688,2.65210947645755e-009,7999.9970703125,4.56109504739288e-008,7999.9970703125,,,,,1.52113942361285e-009,2.18517092876349e-009,,,25,2.65210947645755e-006,4.56109504739288e-005,,
,20047912.751,,2.26431838035584,89999.7690625,90.0001831054688,2.99968845865806e-009,7999.9970703125,4.5446889125742e-008,7999.9970703125,,,,,1.67800316198664e-009,1.44393491155492e-009,,,25,2.99968845865806e-006,4.5446889125742e-005,,
,20047973.779,,2.06327304840088,90000.0503125,90.0001831054688,3.69027369970354e-009,7999.9970703125,4.52798655896913e-008,7999.9970703125,,,,,1.52045643738666e-009,1.80854946927718e-009,,,25,3.69027369970354e-006,4.52798655896913e-005,,
