[Header]
; VSM Data File (default extension .dat)
; Copyright (c) 2003-2013, Quantum Design, Inc. All rights reserved.
TITLE,magnetization_vsm_multifield.dat
FILEOPENTIME,0.00,09/01/2026,12:00 am
BYAPP,VSM,1.0,1.0
INFO,DYNACOOL VSM Option Release 1.4.10 Build 1,APPNAME
INFO,Quantum Design Linear Motor Servo Controller,MOTOR_MODULE_NAME
INFO,3101-100 M1,MOTOR_HW_VERSION
INFO,anonymized,MOTOR_SERIAL_NUMBER
INFO,SRV No X-over 01.03.11,MOTOR_SOFTWARE_VERSION
INFO,Quantum Design VSM Detection Module,VSM_MODULE_NAME
INFO,3101-150 F0,VSM_HW_VERSION
INFO,anonymized,VSM_SERIAL_NUMBER
INFO,VSM No X-over 01.02.05 May 20 2008 13:51:47,VSM_SOFTWARE_VERSION
INFO,anonymized,PREAMP_SERIAL_NUMBER
INFO,Quantum Design VSM Oven,OVEN_MODULE_NAME
INFO,3101-201 A1,OVEN_HW_VERSION
INFO,anonymized,OVEN_SERIAL_NUMBER
INFO,01.06.24,OVEN_SOFTWARE_VERSION
INFO,anonymized,COIL_SERIAL_NUMBER
INFO,0,MOMENT_UNITS
INFO,anonymized,SAMPLE_MATERIAL
INFO,anonymized,SAMPLE_COMMENT
INFO,anonymized,SAMPLE_MASS
INFO,anonymized,SAMPLE_VOLUME
INFO,anonymized,SAMPLE_MOLECULAR_WEIGHT
INFO,anonymized,SAMPLE_SIZE
INFO,anonymized,SAMPLE_SHAPE
DATATYPE,COMMENT,1
DATATYPE,TIME,2
STARTUPAXIS,X,2
STARTUPAXIS,Y1,5
INFO,300.0,MOLWGHT:Formula Weight (g/mole)
INFO,1.25,MASS:Sample Mass (mg)
INFO,1,ATOMS:Atoms per Formula Unit
[Data]
Comment,Time Stamp (sec),Temperature (K),Magnetic Field (Oe),Moment (emu),M. Std. Err. (emu),Transport Action,Averaging Time (sec),Frequency (Hz),Peak Amplitude (mm),Center Position (mm),Coil Signal' (mV),Coil Signal" (mV),Range (mV),M. Quad. Signal (emu),M. Raw' (emu),M. Raw" (emu),Min. Temperature (K),Max. Temperature (K),Min. Field (Oe),Max. Field (Oe),Mass (grams),Motor Lag (deg),Pressure (Torr),VSM Status (code),Motor Status (code),Measure Status (code),Measure Count,System Temp. (K),Temp. Status (code),Field Status (code),Chamber Status (code),Motor Current (amps),Motor Heatsink Temp. (C),Map 01,Map 02,Map 03,Map 04,Map 05,Map 06,Map 07,Map 08,Map 09,Map 10,Map 11,Map 12,Map 13,Map 14,Map 15,Map 16
,0.0000,1.99901682138443,99.884464263916,1.21548093230782E-5,1.32798573760606E-7,1,1.99850670813958,40.0298881530762,1.99525890435982,18.2199999690056,0.000138259875858372,1.8422639503997E-5,0.25,-5.61385808961333E-7,1.19992707642473E-5,-4.9588618032056E-7,1.99721610546112,1.99721610546112,99.8375930786133,99.9313354492188,55.4862453231597,20.2708059587525,2.99831962585449,0,0,0,80,1.94731521606445,1,4,1,2.20626831054687,36.6568908691406,,,,,,,,,,,,,,,,
,49.9575,2.77227520942688,99.9032173156738,1.24395700047787E-5,1.62084705081816E-7,1,1.99850670813958,40.0298881530762,1.99522700174319,18.2199999690056,0.0001416235885415,1.81520375555152E-5,0.25,-6.36760994737856E-7,1.22806854202489E-5,-5.689168500673E-7,2.75504565238953,2.75504565238953,99.8938446044922,99.9125900268555,55.1415471461789,20.2717738184419,3.57954883575439,0,0,0,80,2.76700139045715,2,4,1,2.21267700195313,38.6119270324707,,,,,,,,,,,,,,,,
,97.9720,3.57115828990936,99.8469696044922,1.23482184630672E-5,1.45089391946728E-7,1,1.99850670813958,40.0298881530762,1.99527911386219,18.2199999690056,0.000141236460570888,1.44221245121514E-5,0.25,-9.50945933801611E-7,1.21920272082198E-5,-8.79449233797E-7,3.55288481712341,3.55288481712341,99.8375930786133,99.8563461303711,55.6425710270059,20.2758447079968,4.20815944671631,0,0,0,80,3.56936407089233,2,4,1,2.2125244140625,37.6344108581543,,,,,,,,,,,,,,,,
,145.8750,4.36789059638977,99.8375930786133,1.23018776049084E-5,1.50276312752806E-7,1,1.99850670813958,40.0298881530762,1.99520715644675,18.2199999690056,0.000139933899752838,1.86197677161653E-5,0.25,-5.7042293567416E-7,1.21444678204824E-5,-5.04101588129261E-7,4.34822177886963,4.34822177886963,99.8375930786133,99.8375930786133,55.7965518452944,20.2772649997796,4.77011108398438,0,0,0,80,4.37655925750732,2,4,1,2.21572875976562,38.1231689453125,,,,,,,,,,,,,,,,
,193.8470,5.16321206092834,99.9032173156738,1.2187624849049E-5,1.70587304450019E-7,1,1.99850670813958,40.0298881530762,1.99519459757009,18.2199999690056,0.000138420259107804,1.96275451238314E-5,0.25,-4.60447485842117E-7,1.20311758713268E-5,-3.96104716441921E-7,5.14871692657471,5.14871692657471,99.8938446044922,99.9125900268555,55.4104273567943,20.2797558377784,6.31840372085571,0,0,0,80,5.17359161376953,2,4,1,2.20352172851562,39.5894432067871,,,,,,,,,,,,,,,,
,241.8025,5.95819211006165,99.8469696044922,1.22082891385831E-5,1.52980961422031E-7,1,1.99850670813958,40.0298881530762,1.99512941312411,18.2199999690056,0.00013914500954944,1.69221223431783E-5,0.25,-7.03963685200474E-7,1.20527369860205E-5,-6.36352015307128E-7,5.93982076644897,5.93982076644897,99.8375930786133,99.8563461303711,55.4385659834866,20.2814950082067,6.81728649139404,0,0,0,80,5.97844982147217,2,4,1,2.1954345703125,40.5669593811035,,,,,,,,,,,,,,,,
,289.7705,6.76285314559937,99.8469696044922,1.2095038020143E-5,1.55136557219949E-7,1,1.99850670813958,40.0298881530762,1.99504133642119,18.2199999690056,0.000137675702720401,1.77213059711277E-5,0.25,-6.12602560632414E-7,1.19405227276423E-5,-5.46722386835858E-7,6.74464225769043,6.74464225769043,99.8375930786133,99.8563461303711,55.5136023213328,20.280042754699,7.2885913848877,0,0,0,80,6.77639770507812,2,4,1,2.21221923828125,40.5669593811035,,,,,,,,,,,,,,,,
,337.7350,7.55850577354431,99.8657188415527,1.19103923002433E-5,1.7331149267843E-7,1,1.99850670813958,40.0298881530762,1.99507023140952,18.2199999690056,0.000135762648694066,1.64159307437059E-5,0.25,-6.95013915683226E-7,1.17586752039705E-5,-6.28944938065002E-7,7.54041051864624,7.54041051864624,99.8563461303711,99.8750915527344,55.504222779102,20.2794240660171,7.74007034301758,0,0,0,80,7.58087491989136,2,4,1,2.213134765625,41.055721282959,,,,,,,,,,,,,,,,
,385.7090,8.35643339157105,99.8750953674316,1.16428939388882E-5,1.50649689708423E-7,1,1.99850670813958,40.0298881530762,1.99501268707485,18.2199999690056,0.000132712648806965,1.60315706380235E-5,0.25,-6.80754896171644E-7,1.14945907621787E-5,-6.16152194204058E-7,8.33749008178711,8.33749008178711,99.8563461303711,99.8938446044922,55.8231272149482,20.2859148078839,8.15640735626221,0,0,0,80,8.37296390533447,2,4,1,2.21466064453125,41.055721282959,,,,,,,,,,,,,,,,
,433.6510,9.1513614654541,99.8188438415527,1.21157875061617E-5,1.56877030276333E-7,1,1.99850670813958,40.0298881530762,1.99503477131425,18.2199999690056,0.000138196378650818,1.61735429288334E-5,0.25,-7.53561207700994E-7,1.19616769409477E-5,-6.85746765116609E-7,9.13860034942627,9.13860034942627,99.8000946044922,99.8375930786133,55.5894202876982,20.2822585519642,8.57132816314697,0,0,0,80,9.17574691772461,2,4,1,2.2149658203125,40.5669593811035,,,,,,,,,,,,,,,,
,481.6125,9.94719791412354,99.8844680786133,1.15710907898744E-5,1.3890981420476E-7,1,1.99850670813958,40.0298881530762,1.9950470518532,18.2199999690056,0.000131671412143124,1.71788228897247E-5,0.25,-5.66105086389224E-7,1.14231734283865E-5,-5.03338605147968E-7,9.92833423614502,9.92833423614502,99.8563461303711,99.9125900268555,56.0740299696213,20.2820771157813,8.96573257446289,0,0,0,80,9.97577285766602,2,4,1,2.2064208984375,41.5444793701172,,,,,,,,,,,,,,,,
,529.6420,10.7451438903809,99.8563423156738,1.15181991910443E-5,1.26533097358658E-7,1,1.99850670813958,40.0298881530762,1.99506934918203,18.2199999690056,0.000131348498650516,1.55630613319977E-5,0.25,-6.99815374163579E-7,1.13716104845455E-5,-6.35561540123142E-7,10.725323677063,10.725323677063,99.8375930786133,99.8750915527344,55.4682678672174,20.2810247364905,9.33667087554932,0,0,0,80,10.7887630462646,2,4,1,2.20657348632813,41.5444793701172,,,,,,,,,,,,,,,,
,577.5510,11.5410604476929,99.8375968933105,1.16152340221392E-5,1.66856088302441E-7,1,1.99850670813958,40.0298881530762,1.9950312263545,18.2199999690056,0.000132241146932526,1.68653377496803E-5,0.25,-6.01855576092148E-7,1.14669131627038E-5,-5.38412390108006E-7,11.5278234481812,11.5278234481812,99.81884765625,99.8563461303711,55.8293802431021,20.2848766832206,9.68491554260254,0,0,0,80,11.5872993469238,2,4,1,2.21328735351562,41.5444793701172,,,,,,,,,,,,,,,,
,625.5210,12.3400254249573,99.8938446044922,1.14199256479657E-5,1.4986863026247E-7,1,1.99850670813958,40.0298881530762,1.99501200817339,18.2199999690056,0.000130426404539909,1.43103625836037E-5,0.25,-7.93094714916053E-7,1.12750628183774E-5,-7.28097084692484E-7,12.3204183578491,12.3204183578491,99.8938446044922,99.8938446044922,55.2009509136404,20.2815858407262,10.0225086212158,0,0,0,80,12.3834085464478,2,4,1,2.21435546875,42.5219955444336,,,,,,,,,,,,,,,,
,673.4720,13.1367468833923,99.8657188415527,1.15864844910096E-5,1.73689276796233E-7,1,1.99850670813958,40.0298881530762,1.99499313629057,18.2199999690056,0.000132247876798516,1.49598536020512E-5,0.25,-7.65572573574117E-7,1.14393216941904E-5,-7.00135817080122E-7,13.1194105148315,13.1194105148315,99.81884765625,99.9125900268555,56.1514111930252,20.2820945559047,10.339672088623,0,0,0,80,13.1940822601318,2,4,1,2.21588134765625,41.5444793701172,,,,,,,,,,,,,,,,
,721.4355,13.9380679130554,99.8563423156738,1.15500090426194E-5,1.41604174663325E-7,1,1.99850670813958,40.0298881530762,1.99498151077573,18.2199999690056,0.000131858282453028,1.4760563588499E-5,0.25,-7.76648391378601E-7,1.14033740905058E-5,-7.11242086025456E-7,13.9198122024536,13.9198122024536,99.8375930786133,99.8750915527344,55.5362695483905,20.2806083041861,10.637580871582,0,0,0,80,13.9899663925171,2,4,1,2.21328735351562,41.5444793701172,,,,,,,,,,,,,,,,
,769.4055,14.7356939315796,99.8188438415527,1.12364954094308E-5,1.49911821528362E-7,1,1.99850670813958,40.0298881530762,1.99502273055646,18.2199999690056,0.000127572105172907,1.82901045784813E-5,0.25,-4.07156783697364E-7,1.10921726751319E-5,-3.48061341445859E-7,14.7184839248657,14.7184839248657,99.8000946044922,99.8375930786133,55.7551255337751,20.2795449049955,10.9230012893677,0,0,0,80,14.7985506057739,2,4,1,2.21603393554687,42.0332374572754,,,,,,,,,,,,,,,,
,817.3705,15.5224566459656,99.8375930786133,1.13140167386324E-5,1.43044743526578E-7,1,1.99850670813958,40.0298881530762,1.99500281890487,18.2199999690056,0.000128848350267195,1.62153737497423E-5,0.25,-6.05076097549678E-7,1.11696324185434E-5,-5.43033080124978E-7,15.5091323852539,15.5091323852539,99.8375930786133,99.8375930786133,55.1954795140058,20.281009954936,11.2120046615601,0,0,0,80,15.5829963684082,2,4,1,2.21282958984375,40.0782012939453,,,,,,,,,,,,,,,,
,865.3150,16.3598470687866,99.8094711303711,1.11745832863608E-5,1.43198980716228E-7,1,1.99850670813958,40.0298881530762,1.99497730750787,18.2199999690056,0.000127505458138901,1.46496341913357E-5,0.25,-7.18699686245366E-7,1.10325580211145E-5,-6.55845118875484E-7,16.3430042266846,16.3430042266846,99.8000946044922,99.81884765625,55.3267931052366,20.2809631603157,11.4962968826294,0,0,0,80,16.4253578186035,2,4,1,2.20382690429687,41.5444793701172,,,,,,,,,,,,,,,,
,913.2775,17.1144351959229,99.8000984191895,1.13843504413125E-5,1.50672413162326E-7,1,1.99850670813958,40.0298881530762,1.99498841823636,18.2199999690056,0.000129831102584916,1.53043919702501E-5,0.25,-6.98529694368E-7,1.12394979464265E-5,-6.34933425111537E-7,17.1011943817139,17.1011943817139,99.7813491821289,99.81884765625,55.4237150416212,20.2816883841636,0.0984780490398407,0,0,0,80,17.1852893829346,2,4,1,2.21405029296875,43.0107536315918,,,,,,,,,,,,,,,,
,961.2545,17.9148054122925,99.8282203674316,1.13156135866281E-5,1.26820038010525E-7,1,1.99850670813958,40.0298881530762,1.99485334122231,18.2199999690056,0.000128864196549505,1.61780993815594E-5,0.25,-6.08553291607244E-7,1.1171213932485E-5,-5.46469178324691E-7,17.8993988037109,17.8993988037109,99.81884765625,99.8375930786133,55.2595730525828,20.2818280998168,0.478316634893417,0,0,0,80,17.9979991912842,2,4,1,2.22869873046875,41.055721282959,,,,,,,,,,,,,,,,
,1009.2155,18.6512317657471,99.8282203674316,1.1360982123892E-5,1.46438072300693E-7,1,1.99850670813958,40.0298881530762,1.99496491807094,18.2199999690056,0.000129051797283954,1.81081765350035E-5,0.25,-4.45776166020539E-7,1.12152700189382E-5,-3.85531803052811E-7,18.6470470428467,18.6470470428467,99.8000946044922,99.8563461303711,55.5433042050636,20.282676934245,1.50821459293365,0,0,0,80,18.65696144104,2,4,1,2.21435546875,43.0107536315918,,,,,,,,,,,,,,,,
,1057.1655,19.4959096908569,99.8563461303711,1.14549445959882E-5,1.16872747915668E-7,1,1.99850670813958,40.0298881530762,1.99491278843672,18.2199999690056,0.000130484740871421,1.62226891556701E-5,0.25,-6.300197917397E-7,1.13090142347607E-5,-5.6679991370003E-7,19.4807300567627,19.4807300567627,99.81884765625,99.8938446044922,55.2431588536789,20.2838307067493,2.00340676307678,0,0,0,80,19.5817489624023,2,4,1,2.22900390625,41.5444793701172,,,,,,,,,,,,,,,,
,1105.1410,20.2962865829468,99.8188438415527,1.14248831777519E-5,1.41970103472093E-7,1,1.99850670813958,40.0298881530762,1.99488180837715,18.2199999690056,0.000130117268113547,1.63191170684418E-5,0.25,-6.16231797662152E-7,1.12794474229305E-5,-5.53157931367058E-7,20.278341293335,20.278341293335,99.8000946044922,99.8375930786133,55.3088156492943,20.2825589492836,2.27203440666199,0,0,0,80,20.3871459960938,2,4,1,2.21542358398438,40.5669593811035,,,,,,,,,,,,,,,,
,1153.1125,21.0929889678955,99.8188438415527,1.13687221908948E-5,1.48402212220622E-7,1,1.99850670813958,40.0298881530762,1.99482326461186,18.2199999690056,0.000129102573897506,1.83100537833336E-5,0.25,-4.29807193635977E-7,1.12233368641432E-5,-3.69190180219774E-7,21.0785427093506,21.0785427093506,99.8000946044922,99.8375930786133,55.6316282277367,20.2846167809486,2.57507658004761,0,0,0,80,21.1880378723145,2,4,1,2.21572875976562,41.5444793701172,,,,,,,,,,,,,,,,
,1201.0565,21.8879413604736,99.8000984191895,1.13592856003778E-5,1.50752878495054E-7,1,1.99850670813958,40.0298881530762,1.99486787501878,18.2199999690056,0.000129145976122638,1.74948505432306E-5,0.25,-5.00756283862509E-7,1.1214642846892E-5,-4.38974103302657E-7,21.8735828399658,21.8735828399658,99.7813491821289,99.81884765625,55.1290410898712,20.2831156698762,2.88417339324951,0,0,0,80,21.9815330505371,2,4,1,2.20657348632813,42.0332374572754,,,,,,,,,,,,,,,,
,1249.0365,22.684362411499,99.8282203674316,1.11134159050181E-5,1.70290147585062E-7,1,1.99850670813958,40.0298881530762,1.99486026496819,18.2199999690056,0.000126687769303985,1.52690495504421E-5,0.25,-6.54075082118342E-7,1.09730369459974E-5,-5.9116775189636E-7,22.6653156280518,22.6653156280518,99.8000946044922,99.8563461303711,55.4143354993905,20.2852205223243,3.21971893310547,0,0,0,80,22.7905006408691,2,4,1,2.2161865234375,43.0107536315918,,,,,,,,,,,,,,,,
,1296.9850,23.4797391891479,99.8188438415527,1.1542059868658E-5,1.4511964747375E-7,1,1.99850670813958,40.0298881530762,1.99489032621105,18.2199999690056,0.000131399575667041,1.68613379194626E-5,0.25,-5.90859200981003E-7,1.13962391280664E-5,-5.26257424494681E-7,23.4612483978271,23.4612483978271,99.8000946044922,99.8375930786133,55.6003630869674,20.2847517362944,3.51224565505981,0,0,0,80,23.5909824371338,2,4,1,2.21450805664062,43.49951171875,,,,,,,,,,,,,,,,
,1344.9685,24.2771196365356,99.8282203674316,1.13099814373424E-5,1.43488190585679E-7,1,1.99850670813958,40.0298881530762,1.99481325399571,18.2199999690056,0.000129139405876953,1.44130505692117E-5,0.25,-7.66465844928592E-7,1.11684893969501E-5,-7.00292608462725E-7,24.2577991485596,24.2577991485596,99.81884765625,99.8375930786133,55.781700903429,20.2851227687788,3.81624388694763,0,0,0,80,24.4013595581055,2,4,1,2.20626831054687,41.055721282959,,,,,,,,,,,,,,,,
,1392.9250,25.0762186050415,99.8563461303711,1.10937457316079E-5,1.35906248306312E-7,1,1.99850670813958,40.0298881530762,1.99486081760522,18.2199999690056,0.000126473413931834,1.52778571297297E-5,0.25,-6.51353440952027E-7,1.09549835297596E-5,-5.87228934238351E-7,25.0579299926758,25.0579299926758,99.81884765625,99.8938446044922,55.6097426291982,20.2867842878263,4.09188175201416,0,0,0,80,25.2031211853027,2,4,1,2.2174072265625,42.5219955444336,,,,,,,,,,,,,,,,
,1440.8890,25.8699350357056,99.8469696044922,1.12918668914232E-5,1.39156812594476E-7,1,1.99850670813958,40.0298881530762,1.99484297204415,18.2199999690056,0.000128888695057654,1.47179147367896E-5,0.25,-7.37479905095758E-7,1.11516055858644E-5,-6.70690915992891E-7,25.8513679504395,25.8513679504395,99.8375930786133,99.8563461303711,55.588638659179,20.2851704859966,4.34903764724731,0,0,0,80,26.0010795593262,2,4,1,2.22671508789062,43.49951171875,,,,,,,,,,,,,,,,
,1488.8515,26.6686363220215,99.8563423156738,1.1388657697072E-5,1.62617295474115E-7,1,1.99850670813958,40.0298881530762,1.99479414126332,18.2199999690056,0.000130169863389232,1.38972481622306E-5,0.25,-8.28460482051142E-7,1.12483169643945E-5,-7.5939411306918E-7,26.6553268432617,26.6553268432617,99.8375930786133,99.8750915527344,55.504222779102,20.2875779981762,4.62945556640625,0,0,0,80,26.8001956939697,2,4,1,2.21450805664062,41.5444793701172,,,,,,,,,,,,,,,,
,1536.8050,27.463173866272,99.8282203674316,1.1174342460871E-5,1.41437063285999E-7,1,1.99850670813958,40.0298881530762,1.99482296127571,18.2199999690056,0.000127489423935702,1.49704631723738E-5,0.25,-6.95386576301386E-7,1.10367831733399E-5,-6.28441136681588E-7,27.4491081237793,27.4491081237793,99.81884765625,99.8375930786133,55.812184415679,20.2862918679469,4.87609529495239,0,0,0,80,27.6073532104492,2,4,1,2.21664428710938,41.5444793701172,,,,,,,,,,,,,,,,
,1584.7805,28.2567453384399,99.8375930786133,1.11822220559043E-5,1.49470727437044E-7,1,1.99850670813958,40.0298881530762,1.99486956652705,18.2199999690056,0.000127500487475762,1.54862140619388E-5,0.25,-6.52009287522332E-7,1.10451565929054E-5,-5.84846024514363E-7,28.2371654510498,28.2371654510498,99.8375930786133,99.8375930786133,55.4721760098136,20.2884910137332,12.736967086792,0,0,0,80,28.4109172821045,2,4,1,2.21588134765625,41.5444793701172,,,,,,,,,,,,,,,,
,1632.7410,29.0548887252808,99.8188438415527,1.11195245672054E-5,1.40667295851338E-7,1,1.99850670813958,40.0298881530762,1.99490196942277,18.2199999690056,0.000126729598048038,1.57785457903653E-5,0.25,-6.15718045979523E-7,1.09839535061413E-5,-5.48564083688315E-7,29.0369415283203,29.0369415283203,99.8000946044922,99.8375930786133,55.4776474094482,20.2894483012634,12.8013334274292,0,0,0,80,29.2135276794434,2,4,1,2.21450805664062,42.5219955444336,,,,,,,,,,,,,,,,
,1680.6995,29.8521671295166,99.8000946044922,1.11725275045832E-5,1.28803276646955E-7,1,1.99850670813958,40.0298881530762,1.99489698437684,18.2199999690056,0.000127301848118846,1.60921958515857E-5,0.25,-5.98534656225201E-7,1.10371870054578E-5,-5.30482217632062E-7,29.837064743042,29.837064743042,99.8000946044922,99.8000946044922,55.5315797772751,20.2898607911773,12.8690671920776,0,0,0,80,30.0212726593018,2,4,1,2.21527099609375,41.5444793701172,,,,,,,,,,,,,,,,
,1728.6790,30.6455478668213,99.8750953674316,1.13084618455207E-5,1.60134711661421E-7,1,1.99850670813958,40.0298881530762,1.9949392164994,18.2199999690056,0.000128979677678136,1.56617781432932E-5,0.25,-6.62416978090749E-7,1.11728660389491E-5,-5.9195914417431E-7,30.6307487487793,30.6307487487793,99.8563461303711,99.8938446044922,55.4745208953712,20.2857658077348,12.9322938919067,0,0,0,80,30.8236503601074,2,4,1,2.21542358398438,43.49951171875,,,,,,,,,,,,,,,,
,1776.6255,31.4410676956177,99.8188438415527,1.09705964570419E-5,1.39232905810778E-7,1,1.99850670813958,40.0298881530762,1.99498260208506,18.2199999690056,0.000125426862289819,1.36250716815253E-5,0.25,-7.82750189482566E-7,1.08409793273372E-5,-7.117950501669E-7,31.4233589172363,31.4233589172363,99.8000946044922,99.8375930786133,55.4745208953712,20.2894426472188,13.0027027130127,0,0,0,80,31.6296119689941,2,4,1,2.21328735351562,42.5219955444336,,,,,,,,,,,,,,,,
,1824.5885,32.2426853179932,99.8094711303711,1.12815146194945E-5,1.29623887536885E-7,1,1.99850670813958,40.0298881530762,1.9949926708337,18.2199999690056,0.000128482152758181,1.68511537747751E-5,0.25,-5.54538962356813E-7,1.11480929174904E-5,-4.83659963996785E-7,32.2278861999512,32.2278861999512,99.7813491821289,99.8375930786133,55.5401776909866,20.2878848138441,13.0638875961304,0,0,0,80,32.4350509643555,2,4,1,2.2137451171875,42.0332374572754,,,,,,,,,,,,,,,,
,1872.5465,33.0317993164063,99.8282203674316,1.11608499062851E-5,1.64418372008252E-7,1,1.99850670813958,40.0298881530762,1.99500094319145,18.2199999690056,0.000127576674150439,1.41791616905015E-5,0.25,-7.70560922030689E-7,1.10314698881523E-5,-6.96800991070357E-7,33.0125312805176,33.0125312805176,99.7813491821289,99.8750915527344,55.3260114767174,20.2886657124044,13.1284341812134,0,0,0,80,33.2393035888672,2,4,1,2.21359252929687,43.49951171875,,,,,,,,,,,,,,,,
,1920.5040,33.8264999389648,99.8094711303711,1.09396980386901E-5,1.36926008315049E-7,1,1.99850670813958,40.0298881530762,1.9949965711921,18.2199999690056,0.000124751751436822,1.56247939872965E-5,0.25,-6.03594792086697E-7,1.0813420621996E-5,-5.3213302721398E-7,33.8070640563965,33.8070640563965,99.8000946044922,99.81884765625,55.4557618109097,20.2871115604502,13.189450263977,0,0,0,80,34.0453109741211,2,4,1,2.21527099609375,42.0332374572754,,,,,,,,,,,,,,,,
,1968.4700,34.6243133544922,99.8188438415527,1.09972462489892E-5,1.53973811710177E-7,1,1.99850670813958,40.0298881530762,1.99495886116444,18.2199999690056,0.00012565275338337,1.44475515382202E-5,0.25,-7.19579034462043E-7,1.0872506301251E-5,-6.45406570650503E-7,34.6055603027344,34.6055603027344,99.8000946044922,99.8375930786133,55.5667530606405,20.2876871216196,13.2492256164551,0,0,0,80,34.8415412902832,2,4,1,2.21588134765625,43.49951171875,,,,,,,,,,,,,,,,
,2016.4285,35.4213619232178,99.8469696044922,1.10275724256383E-5,1.40625772049636E-7,1,1.99850670813958,40.0298881530762,1.99495902431988,18.2199999690056,0.000125854114287419,1.53923863830889E-5,0.25,-6.42740370361789E-7,1.09036514201462E-5,-5.68267108811051E-7,35.403377532959,35.403377532959,99.8375930786133,99.8563461303711,55.6042712295636,20.2914615339422,13.3062448501587,0,0,0,80,35.6483688354492,2,4,1,2.21343994140625,42.5219955444336,,,,,,,,,,,,,,,,
,2064.4105,36.2161293029785,99.8375968933105,1.07783490054007E-5,1.34071445807381E-7,1,1.99850670813958,40.0298881530762,1.99492476793075,18.2199999690056,0.000122915229791732,1.56630499746636E-5,0.25,-5.74741967572314E-7,1.06585891995676E-5,-5.01562684530174E-7,36.198413848877,36.198413848877,99.81884765625,99.8563461303711,55.5010962650251,20.2912193589857,13.3634777069092,0,0,0,80,36.4517555236816,2,4,1,2.21282958984375,42.0332374572754,,,,,,,,,,,,,,,,
,2112.3665,37.0110530853271,99.8375930786133,1.0658207231312E-5,1.3309029297655E-7,1,1.99850670813958,40.0298881530762,1.99482257515712,18.2199999690056,0.000121577349253596,1.53932659993309E-5,0.25,-5.78019758109251E-7,1.0541607778117E-5,-5.04550105388974E-7,36.990608215332,36.990608215332,99.8375930786133,99.8375930786133,55.4760841524097,20.2932920874953,13.4243144989014,0,0,0,80,37.260913848877,2,4,1,2.21527099609375,43.0107536315918,,,,,,,,,,,,,,,,
,2160.3200,37.810079574585,99.7907218933105,1.06237266011758E-5,1.64504652057285E-7,1,1.99850670813958,40.0298881530762,1.99478129277214,18.2199999690056,0.000121490994615116,1.37667080891287E-5,0.25,-7.17030088216569E-7,1.05102702084635E-5,-6.41244443322255E-7,37.7959251403809,37.7959251403809,99.7813491821289,99.8000946044922,55.2877116792751,20.2912700428255,13.4821739196777,0,0,0,80,38.0672836303711,2,4,1,2.21359252929687,42.0332374572754,,,,,,,,,,,,,,,,
,2208.3010,38.6051445007324,99.8282203674316,1.07430437509734E-5,1.48721353302432E-7,1,1.99850670813958,40.0298881530762,1.99483093825255,18.2199999690056,0.000123415095572044,1.09971046801426E-5,0.25,-9.85233326535333E-7,1.06319895587858E-5,-9.04800049395428E-7,38.5863952636719,38.5863952636719,99.81884765625,99.8375930786133,55.9005084383521,20.2930827971333,13.5391149520874,0,0,0,80,38.8678207397461,2,4,1,2.213134765625,43.49951171875,,,,,,,,,,,,,,,,
,2256.2640,39.3973960876465,99.8188438415527,1.06745418657571E-5,1.42580617378693E-7,1,1.99850670813958,40.0298881530762,1.99468078968579,18.2199999690056,0.000121911492514212,1.49427281652128E-5,0.25,-6.2476131326797E-7,1.05639529969925E-5,-5.47777644405865E-7,39.3829383850098,39.3829383850098,99.8000946044922,99.8375930786133,55.4518536683136,20.2913316471426,13.6022882461548,0,0,0,80,39.6666603088379,2,4,1,2.21405029296875,43.0107536315918,,,,,,,,,,,,,,,,
,2304.2085,40.1927165985107,99.8282203674316,1.05364505837493E-5,1.5491054112903E-7,1,1.99850670813958,40.0298881530762,1.99471590583734,18.2199999690056,0.000120713626163939,1.28205268738055E-5,0.25,-7.8864598789673E-7,1.0430566336138E-5,-7.09949926476856E-7,40.1746292114258,40.1746292114258,99.81884765625,99.8375930786133,55.341644047102,20.2914332936177,13.6587257385254,0,0,0,80,40.4747619628906,2,4,1,2.21588134765625,42.0332374572754,,,,,,,,,,,,,,,,
,2352.1875,40.9893207550049,99.7907218933105,1.06036609040115E-5,1.36363973490895E-7,1,1.99850670813958,40.0298881530762,1.99469073735149,18.2199999690056,0.000121537422204444,1.27452070130453E-5,0.25,-8.08793623284144E-7,1.04994496231546E-5,-7.28614310055491E-7,40.9709663391113,40.9709663391113,99.7813491821289,99.8000946044922,55.2283079118135,20.2907714818415,13.718391418457,0,0,0,80,41.2822532653809,2,4,1,2.218017578125,41.055721282959,,,,,,,,,,,,,,,,
,2400.1395,41.781229019165,99.8000984191895,1.0196461145894E-5,1.5894340183621E-7,1,1.99850670813958,40.0298881530762,1.99456529468585,18.2199999690056,0.000117060969923363,1.13167395051159E-5,0.25,-8.61867349611165E-7,1.0099055886982E-5,-7.83177076321464E-7,41.7619934082031,41.7619934082031,99.7813491821289,99.81884765625,55.5026595220636,20.2909592060565,13.7803144454956,0,0,0,80,42.0915374755859,2,4,1,2.21405029296875,43.0107536315918,,,,,,,,,,,,,,,,
,2448.1010,42.5748081207275,99.7907218933105,1.02390032488233E-5,1.44485436109892E-7,1,1.99850670813958,40.0298881530762,1.99458655861152,18.2199999690056,0.000117020232911581,1.44157743157452E-5,0.25,-5.96689646563938E-7,1.01416466429208E-5,-5.19667410095619E-7,42.5552215576172,42.5552215576172,99.7813491821289,99.8000946044922,55.514383949852,20.2897476210558,13.8435640335083,0,0,0,80,42.9009857177734,2,4,1,2.21511840820313,42.5219955444336,,,,,,,,,,,,,,,,
,2496.0950,43.3705368041992,99.8282203674316,1.03303921210392E-5,1.58108923389409E-7,1,1.99850670813958,40.0298881530762,1.99472594256358,18.2199999690056,0.000118138242645826,1.43409074317686E-5,0.25,-6.21200231236886E-7,1.02346968322861E-5,-5.42631112193778E-7,43.3516273498535,43.3516273498535,99.81884765625,99.8375930786133,55.5690979461982,20.2922722294936,13.9049711227417,0,0,0,80,43.7028694152832,2,4,1,2.2149658203125,42.5219955444336,,,,,,,,,,,,,,,,
,2544.0425,44.1600093841553,99.8375968933105,1.00249947308081E-5,1.63890279360557E-7,1,1.99850670813958,40.0298881530762,1.9947462339632,18.2199999690056,0.000114528986466613,1.4714330243043E-5,0.25,-5.33376281113464E-7,9.93400389570943E-6,-4.57208124487767E-7,44.1412620544434,44.1412620544434,99.81884765625,99.8563461303711,55.4299680697751,20.2936411157013,13.9721059799194,0,0,0,80,44.5079116821289,2,4,1,2.21389770507813,41.5444793701172,,,,,,,,,,,,,,,,
,2591.9940,44.9601211547852,99.8469696044922,1.0085122732322E-5,1.50838958147117E-7,1,1.99850670813958,40.0298881530762,1.99470946237709,18.2199999690056,0.000115389647471037,1.40011453758546E-5,0.25,-6.08348139535176E-7,9.99656442341953E-6,-5.30528531716546E-7,44.9411735534668,44.9411735534668,99.8375930786133,99.8563461303711,55.473739266852,20.2944278009196,14.0400743484497,0,0,0,80,45.3179244995117,2,4,1,2.20626831054687,40.5669593811035,,,,,,,,,,,,,,,,
,2639.9520,45.7470645904541,99.8563423156738,1.01671012649929E-5,1.41444847848739E-7,1,1.99850670813958,40.0298881530762,1.99452359956801,18.2199999690056,0.000116526464917845,1.31323730405931E-5,0.25,-7.0087782060046E-7,1.00809495100176E-5,-6.21205750740225E-7,45.7304801940918,45.7304801940918,99.8375930786133,99.8750915527344,55.3189768200443,20.2954018348289,14.1136589050293,0,0,0,80,46.1274032592773,2,4,1,2.20199584960938,41.5444793701172,,,,,,,,,,,,,,,,
,2687.9195,46.5400485992432,99.8469696044922,1.00545318324745E-5,1.49548255861498E-7,1,1.99850670813958,40.0298881530762,1.99441009404861,18.2199999690056,0.000115625985947692,1.09871916732174E-5,0.25,-8.70489789535263E-7,9.9731504426331E-6,-7.8982261245978E-7,46.5242080688477,46.5242080688477,99.81884765625,99.8750915527344,55.5112574357751,20.2941376106588,14.1916170120239,0,0,0,80,46.9362754821777,2,4,1,2.20611572265625,42.5219955444336,,,,,,,,,,,,,,,,
,2735.8925,47.3424282073975,99.8282203674316,9.90329179104809E-6,1.40855429440978E-7,1,1.99850670813958,40.0298881530762,1.99445688321831,18.2199999690056,0.000113803020524067,1.14578253801459E-5,0.25,-8.01913146091722E-7,9.82528363093228E-6,-7.22730259977836E-7,47.3231010437012,47.3231010437012,99.8000946044922,99.8563461303711,55.4112089853136,20.2927861718991,14.2705993652344,0,0,0,80,47.7585411071777,2,4,1,2.21633911132813,41.5444793701172,,,,,,,,,,,,,,,,
,2783.8390,48.1592235565186,99.8188438415527,9.9709547634149E-6,1.45255019679645E-7,1,1.99850670813958,40.0298881530762,1.99450098487137,18.2199999690056,0.000114337312883678,1.3047217148194E-5,0.25,-6.74596675621536E-7,9.89407345946111E-6,-5.95836088128204E-7,48.1433563232422,48.1433563232422,99.8000946044922,99.8375930786133,55.6370996273713,20.2930625416923,14.3582201004028,0,0,0,80,48.5913238525391,2,4,1,2.2076416015625,43.0107536315918,,,,,,,,,,,,,,,,
,2831.8195,48.9729537963867,99.8375930786133,9.59330340443229E-6,1.55463904958197E-7,1,1.99850670813958,40.0298881530762,1.99447885970593,18.2199999690056,0.000109923967018391,1.31617237797949E-5,0.25,-5.95824000218532E-7,9.52147362539254E-6,-5.20404557302165E-7,48.9542236328125,48.9542236328125,99.8000946044922,99.8750915527344,55.6214670569867,20.2956288628695,14.4541692733765,0,0,0,80,49.4116592407227,2,4,1,2.21405029296875,41.5444793701172,,,,,,,,,,,,,,,,
,2879.7665,49.7853050231934,99.9032173156738,9.83025271239187E-6,1.50157653488574E-7,1,1.99850670813958,40.0298881530762,1.99456076689596,18.2199999690056,0.00011267544597284,1.34793376485589E-5,0.25,-6.1169325223031E-7,9.75924752134017E-6,-5.34413829016402E-7,49.7655258178711,49.7655258178711,99.8938446044922,99.9125900268555,55.4588883249866,20.2954159101976,14.5556478500366,0,0,0,80,50.2432861328125,2,4,1,2.21603393554687,42.5219955444336,,,,,,,,,,,,,,,,
,2927.7460,50.046329498291,99.8563461303711,9.58209252790935E-6,1.41796215590691E-7,1,1.99850670813958,40.0298881530762,1.99477374210956,18.2199999690056,0.000110687073193911,8.58086873498426E-6,0.25,-9.98622679491464E-7,9.51666194644012E-6,-9.20259646523643E-7,50.0464859008789,50.0464859008789,99.8563461303711,99.8563461303711,55.5175104639289,20.2960540912455,14.6339492797852,0,0,0,80,50.0931091308594,5,4,1,2.21511840820313,41.5444793701172,,,,,,,,,,,,,,,,
,2975.6935,50.0596408843994,99.81884765625,9.39599902040741E-6,1.48451029727648E-7,1,1.99850670813958,40.0298881530762,1.99455300345067,18.2199999690056,0.000107820487954628,1.22668211892327E-5,0.25,-6.39235485024507E-7,9.3293683910733E-6,-5.64979288384905E-7,50.0598030090332,50.0598030090332,99.7626037597656,99.8750915527344,55.4370027264482,20.2969551789121,14.690863609314,0,0,0,80,50.0704956054687,5,4,1,2.20672607421875,41.5444793701172,,,,,,,,,,,,,,,,
,3049.7720,50.0581512451172,99.8375968933105,9.57854115313253E-6,1.51329745245974E-7,1,1.99850670813958,40.0298881530762,1.99434507555735,18.2199999690056,0.000110376781501392,9.92506458649826E-6,0.25,-8.79209969348749E-7,9.51229222930127E-6,-8.01782820989225E-7,50.0583229064941,50.0583229064941,99.81884765625,99.8563461303711,55.3940131578905,20.2998090321673,14.75475025177,0,0,0,80,50.0674667358398,6,4,1,2.20657348632813,41.055721282959,,,,,,,,,,,,,,,,
,3097.6025,49.3376922607422,99.8657188415527,9.52534483773351E-6,1.58094032176383E-7,1,1.99850670813958,40.0298881530762,1.99447215406206,18.2199999690056,0.000109895969802582,9.0417546908688E-6,0.25,-9.47184944051606E-7,9.45777399122434E-6,-8.6951057295002E-7,49.3634490966797,49.3634490966797,99.8563461303711,99.8750915527344,55.4932799798328,20.2970528971725,14.6938819885254,0,0,0,80,48.663890838623,6,4,1,2.20657348632813,42.0332374572754,,,,,,,,,,,,,,,,
,3145.5710,48.5532627105713,99.8563423156738,9.67561291757779E-6,1.84329099250368E-7,1,1.99850670813958,40.0298881530762,1.99453107016444,18.2199999690056,0.00011118172280193,1.14876958870595E-5,0.25,-7.58445068124391E-7,9.60300849619981E-6,-6.81135388891273E-7,48.5667877197266,48.5667877197266,99.8375930786133,99.8750915527344,55.4385659834866,20.2992693928819,14.502293586731,0,0,0,80,48.3072624206543,6,4,1,2.21572875976562,41.5444793701172,,,,,,,,,,,,,,,,
,3193.5160,47.8049583435059,99.8750953674316,9.39347615901854E-6,1.72953009296082E-7,1,1.99850670813958,40.0298881530762,1.9944784870699,18.2199999690056,0.00010763607493532,1.26485256180782E-5,0.25,-6.0375040087366E-7,9.31973795576091E-6,-5.29870852663407E-7,47.8193626403809,47.8193626403809,99.8563461303711,99.8938446044922,55.5206369780059,20.295382712405,14.3495359420776,0,0,0,80,47.5073699951172,6,4,1,2.20596313476562,42.5219955444336,,,,,,,,,,,,,,,,
,3241.4880,47.0317630767822,99.8657188415527,9.61009486737035E-6,1.44211301819056E-7,1,1.99850670813958,40.0298881530762,1.99450373192685,18.2199999690056,0.000110080320819486,1.30002518620802E-5,0.25,-6.11768163724601E-7,9.53222080929047E-6,-5.36425216588149E-7,47.0480575561523,47.0480575561523,99.8563461303711,99.8750915527344,55.5706612032367,20.2968104982024,14.2234735488892,0,0,0,80,46.6719627380371,6,4,1,2.21771240234375,43.0107536315918,,,,,,,,,,,,,,,,
,3289.4450,46.2017135620117,99.8469696044922,9.84337625559741E-6,1.52951791225432E-7,1,1.99850670813958,40.0298881530762,1.99432533611864,18.2199999690056,0.000112440257347399,1.4799746664067E-5,0.25,-4.9465167707925E-7,9.76004946773585E-6,-4.18944979144177E-7,46.2205390930176,46.2205390930176,99.8375930786133,99.8563461303711,55.7887355601021,20.2961828302286,14.1230707168579,0,0,0,80,45.7801170349121,6,4,1,2.20703125,43.0107536315918,,,,,,,,,,,,,,,,
,3337.4240,45.3956966400146,99.9219665527344,9.89853363630606E-6,1.54962378700518E-7,1,1.99850670813958,40.0298881530762,1.99440048045714,18.2199999690056,0.000113916141740876,1.01224024949378E-5,0.25,-9.17260295666787E-7,9.81525592841183E-6,-8.37729936355065E-7,45.4102630615234,45.4102630615234,99.8750915527344,99.9688415527344,55.6660198825828,20.2973598467539,14.0061120986938,0,0,0,80,45.067253112793,6,4,1,2.21710205078125,42.5219955444336,,,,,,,,,,,,,,,,
,3385.3715,44.5823383331299,99.8844680786133,9.87006195722576E-6,1.73497984719984E-7,1,1.99850670813958,40.0298881530762,1.99436429831521,18.2199999690056,0.000113565480916367,1.00465487500808E-5,0.25,-9.17896736878081E-7,9.78454470376103E-6,-8.38957451833598E-7,44.6001625061035,44.6001625061035,99.8750915527344,99.8938446044922,55.5292348917174,20.2987156050659,13.9106731414795,0,0,0,80,44.1954383850098,6,4,1,2.20565795898438,43.9882698059082,,,,,,,,,,,,,,,,
,3433.3520,43.803991317749,99.81884765625,9.94360252910011E-6,1.47186933124459E-7,1,1.99850670813958,40.0298881530762,1.99434122208491,18.2199999690056,0.000113936525307743,1.2559204519782E-5,0.25,-7.08321862232666E-7,9.85355265654988E-6,-6.3131592763997E-7,43.820484161377,43.820484161377,99.81884765625,99.81884765625,55.5870754021405,20.2959556169286,13.8086547851562,0,0,0,80,43.4730110168457,6,4,1,2.20733642578125,40.0782012939453,,,,,,,,,,,,,,,,
,3481.3210,42.9767456054687,99.8094711303711,1.03784059804778E-5,1.54692321748919E-7,1,1.99850670813958,40.0298881530762,1.99446927483931,18.2199999690056,0.000118867369133033,1.3264296735105E-5,0.25,-7.24484395229534E-7,1.02817670975058E-5,-6.44890794259642E-7,42.9967918395996,42.9967918395996,99.8000946044922,99.81884765625,55.5495572332174,20.2985074964711,13.7115020751953,0,0,0,80,42.6561813354492,6,4,1,2.21420288085938,42.5219955444336,,,,,,,,,,,,,,,,
,3529.2645,42.1772785186768,99.81884765625,1.01489779284307E-5,1.37902379863355E-7,1,1.99850670813958,40.0298881530762,1.99457294663248,18.2199999690056,0.000115909498629861,1.46582616989787E-5,0.25,-5.58217919768764E-7,1.0051097497628E-5,-4.82559800119056E-7,42.1943054199219,42.1943054199219,99.81884765625,99.81884765625,55.0743270935251,20.3000439156604,13.6165676116943,0,0,0,80,41.8504257202148,6,4,1,2.220458984375,42.0332374572754,,,,,,,,,,,,,,,,
,3577.2165,41.3760738372803,99.8469696044922,1.01951561173613E-5,1.5383223090692E-7,1,1.99850670813958,40.0298881530762,1.99446436821783,18.2199999690056,0.000117381520651123,9.37236630790589E-6,0.25,-1.03301413335788E-6,1.00977782576423E-5,-9.52941538261977E-7,41.3925590515137,41.3925590515137,99.7813491821289,99.9125900268555,55.6449159125636,20.2969220204277,13.5264196395874,0,0,0,80,41.0629844665527,6,4,1,2.21542358398438,43.0107536315918,,,,,,,,,,,,,,,,
,3625.1955,40.5718517303467,99.8282203674316,1.03600190666118E-5,1.62665355910723E-7,1,1.99850670813958,40.0298881530762,1.99452648877146,18.2199999690056,0.000117983513118539,1.64958864887437E-5,0.25,-4.31738315341247E-7,1.0254630803907E-5,-3.57563431793506E-7,40.5880737304687,40.5880737304687,99.81884765625,99.8375930786133,55.3987029290059,20.2988543680918,13.4378156661987,0,0,0,80,40.2721862792969,6,4,1,2.20703125,42.5219955444336,,,,,,,,,,,,,,,,
,3673.1550,39.7668685913086,99.8188438415527,1.0450570441959E-5,1.51783367995954E-7,1,1.99850670813958,40.0298881530762,1.99470124357387,18.2199999690056,0.000119664435690657,1.29946894936129E-5,0.25,-7.56890820638309E-7,1.03442329424974E-5,-6.79558335856392E-7,39.7876892089844,39.7876892089844,99.8000946044922,99.8375930786133,55.2728607374097,20.2921603539731,13.3503532409668,0,0,0,80,39.4826507568359,6,4,1,2.21588134765625,43.0107536315918,,,,,,,,,,,,,,,,
,3721.1205,38.9645690917969,99.8000946044922,1.03635748467494E-5,1.56776555947502E-7,1,1.99850670813958,40.0298881530762,1.99488171659386,18.2199999690056,0.000118827113653104,1.19377063972692E-5,0.25,-8.33394962600407E-7,1.02565881666578E-5,-7.56685797050469E-7,38.9800758361816,38.9800758361816,99.8000946044922,99.8000946044922,55.5300165202367,20.2955952947826,13.2682771682739,0,0,0,80,38.6816596984863,6,4,1,2.20809936523438,42.5219955444336,,,,,,,,,,,,,,,,
,3769.0795,38.1574726104736,99.8844680786133,1.04879051893554E-5,1.48173784831575E-7,1,1.99850670813958,40.0298881530762,1.99487209270683,18.2199999690056,0.000120327113331181,1.15376706729539E-5,0.25,-8.90191433035502E-7,1.03779084652128E-5,-8.1295402901997E-7,38.1711120605469,38.1711120605469,99.8750915527344,99.8938446044922,55.3893233867751,20.3009178440447,13.1897220611572,0,0,0,80,37.8872871398926,6,4,1,2.205810546875,42.5219955444336,,,,,,,,,,,,,,,,
,3817.0490,37.3524990081787,99.8094711303711,1.05510637026205E-5,1.76751344493715E-7,1,1.99850670813958,40.0298881530762,1.99479440805193,18.2199999690056,0.000120642417916927,1.37031657346939E-5,0.25,-7.08676945524131E-7,1.04372798931644E-5,-6.33995188557935E-7,37.3713722229004,37.3713722229004,99.8000946044922,99.81884765625,55.6285017136597,20.300313991483,13.1117372512817,0,0,0,80,37.1016998291016,6,4,1,2.21450805664062,42.5219955444336,,,,,,,,,,,,,,,,
,3865.0620,36.5477809906006,99.81884765625,1.0497879712123E-5,1.79314200616705E-7,1,1.99850670813958,40.0298881530762,1.99473355205919,18.2199999690056,0.000119673185349855,1.54803463874938E-5,0.25,-5.40294923162731E-7,1.03818284323373E-5,-4.68831417429131E-7,36.5627822875977,36.5627822875977,99.7626037597656,99.8750915527344,55.5112574357751,20.298983662039,13.0318651199341,0,0,0,80,36.3035278320313,6,4,1,2.21603393554687,41.055721282959,,,,,,,,,,,,,,,,
,3912.9895,35.7466793060303,99.8282203674316,1.06200450406051E-5,1.67502654463233E-7,1,1.99850670813958,40.0298881530762,1.99465268319527,18.2199999690056,0.000121600603531709,1.25834284835601E-5,0.25,-8.17707631487382E-7,1.0502589854838E-5,-7.4329174123127E-7,35.7653579711914,35.7653579711914,99.7813491821289,99.8750915527344,55.3760357019482,20.3004617448437,12.9575242996216,0,0,0,80,35.5140571594238,6,4,1,2.21572875976562,43.49951171875,,,,,,,,,,,,,,,,
,3960.9525,34.9455184936523,99.8282203674316,1.07750975526844E-5,1.42566972057152E-7,1,1.99850670813958,40.0298881530762,1.99466600558335,18.2199999690056,0.000122819367513953,1.57242728897297E-5,0.25,-5.66455818860097E-7,1.06526781674837E-5,-4.95003410982668E-7,34.9617958068848,34.9617958068848,99.8000946044922,99.8563461303711,55.3940131578905,20.2977060890379,12.8733892440796,0,0,0,80,34.7124481201172,6,4,1,2.2161865234375,42.5219955444336,,,,,,,,,,,,,,,,
,4008.8815,34.1411781311035,99.8469696044922,1.05686957041261E-5,1.43376719911341E-7,1,1.99850670813958,40.0298881530762,1.99467621153414,18.2199999690056,0.000120634338676277,1.44050504419009E-5,0.25,-6.44516185669366E-7,1.04476316032514E-5,-5.74371198090006E-7,34.1576728820801,34.1576728820801,99.8375930786133,99.8563461303711,55.5229818635636,20.2982420480084,12.7949810028076,0,0,0,80,33.9178314208984,6,4,1,2.21511840820313,42.0332374572754,,,,,,,,,,,,,,,,
,4056.9110,33.3372650146484,99.8282203674316,1.05755619218053E-5,1.651135602247E-7,1,1.99850670813958,40.0298881530762,1.99467289240524,18.2199999690056,0.000121112855254975,1.21169550003975E-5,0.25,-8.47237729985053E-7,1.04541684018304E-5,-7.75591660830925E-7,33.3587837219238,33.3587837219238,99.81884765625,99.8375930786133,56.0044650314098,20.3007380657393,12.7219228744507,0,0,0,80,33.1313629150391,6,4,1,2.21893310546875,42.0332374572754,,,,,,,,,,,,,,,,
,4104.8145,32.5376129150391,99.8657188415527,1.06707095800489E-5,1.6297547144542E-7,1,1.99850670813958,40.0298881530762,1.99460098093503,18.2199999690056,0.000121616921967349,1.53400637764678E-5,0.25,-5.77735228729497E-7,1.05452813492779E-5,-5.09705642331526E-7,32.5539207458496,32.5539207458496,99.8563461303711,99.8750915527344,55.7543439052559,20.3015496840872,12.6500558853149,0,0,0,80,32.3328628540039,6,4,1,2.21649169921875,42.0332374572754,,,,,,,,,,,,,,,,
,4152.7815,31.7350015640259,99.8000984191895,1.08521491275853E-5,1.94332044814006E-7,1,1.99850670813958,40.0298881530762,1.99442689878745,18.2199999690056,0.000123629528023721,1.57656651525615E-5,0.25,-5.71664354636761E-7,1.07232359619979E-5,-5.03613181591853E-7,31.7501811981201,31.7501811981201,99.7813491821289,99.81884765625,55.7598153048905,20.2996387713581,12.5769844055176,0,0,0,80,31.5369243621826,6,4,1,2.20596313476562,42.5219955444336,,,,,,,,,,,,,,,,
,4200.7510,30.925274848938,99.8375930786133,1.09193520369225E-5,1.69113618004901E-7,1,1.99850670813958,40.0298881530762,1.99438842547499,18.2199999690056,0.000124509100920215,1.51443707232379E-5,0.25,-6.37749675169038E-7,1.07888014339689E-5,-5.69431710582168E-7,30.9412250518799,30.9412250518799,99.8000946044922,99.8750915527344,55.3369542759866,20.3015666524696,12.516077041626,0,0,0,80,30.7488803863525,6,4,1,2.21694946289062,42.5219955444336,,,,,,,,,,,,,,,,
,4248.7050,30.1231727600098,99.7626037597656,1.09501826963584E-5,1.40465303142084E-7,1,1.99850670813958,40.0298881530762,1.99441432665394,18.2199999690056,0.000125275069095081,1.28377964088977E-5,0.25,-8.46720666668466E-7,1.08193016000202E-5,-7.76517541225112E-7,30.1390419006348,30.1390419006348,99.7626037597656,99.7626037597656,55.6988482803905,20.3022553766217,4.84837245941162,0,0,0,80,29.949728012085,6,4,1,2.20672607421875,43.0107536315918,,,,,,,,,,,,,,,,
,4296.6710,29.3255052566528,99.8469696044922,1.07542616064924E-5,1.60092340638472E-7,1,1.99850670813958,40.0298881530762,1.99451387265665,18.2199999690056,0.000123057177290572,1.24456748975627E-5,0.25,-8.45040952510577E-7,1.06247978237357E-5,-7.76717873994134E-7,29.3410396575928,29.3410396575928,99.81884765625,99.8750915527344,55.697285023352,20.303559853756,4.52302408218384,0,0,0,80,29.1563930511475,6,4,1,2.21588134765625,38.6119270324707,,,,,,,,,,,,,,,,
,4344.6375,28.5227556228638,99.8094711303711,1.09921256039133E-5,1.34337745858392E-7,1,1.99850670813958,40.0298881530762,1.99455585549693,18.2199999690056,0.000125376961364222,1.48936391775188E-5,0.25,-6.70219097277513E-7,1.0857832986893E-5,-6.03580349553601E-7,28.5397148132324,28.5397148132324,99.7813491821289,99.8375930786133,55.9434980069098,20.3000393171885,4.23941993713379,0,0,0,80,28.3570404052734,6,4,1,2.21588134765625,43.49951171875,,,,,,,,,,,,,,,,
,4392.5945,27.7109727859497,99.8469696044922,1.07247655179268E-5,1.53097709825576E-7,1,1.99850670813958,40.0298881530762,1.99458989654906,18.2199999690056,0.000122398024478364,1.40981056321475E-5,0.25,-6.91463010566564E-7,1.05931044013808E-5,-6.26696640549956E-7,27.7282199859619,27.7282199859619,99.8375930786133,99.8563461303711,55.5292348917174,20.2972934325322,3.94020128250122,0,0,0,80,27.566614151001,6,4,1,2.20657348632813,42.0332374572754,,,,,,,,,,,,,,,,
,4440.5600,26.915545463562,99.8563461303711,1.10494174412034E-5,1.59251350563084E-7,1,1.99850670813958,40.0298881530762,1.99463411018935,18.2199999690056,0.000126333229001921,1.32183041895116E-5,0.25,-8.27422250117113E-7,1.09136020052618E-5,-7.59915246077844E-7,26.93186378479,26.93186378479,99.81884765625,99.8938446044922,55.534706291352,20.3004309091707,3.63684034347534,0,0,0,80,26.7656192779541,6,4,1,2.20657348632813,42.5219955444336,,,,,,,,,,,,,,,,
,4488.5310,26.1116352081299,99.8000984191895,1.08259986097165E-5,1.59970133710176E-7,1,1.99850670813958,40.0298881530762,1.99459853740103,18.2199999690056,0.000123568397762843,1.40574113132755E-5,0.25,-7.11844529596258E-7,1.06917386832488E-5,-6.47574410959836E-7,26.1318874359131,26.1318874359131,99.7626037597656,99.8375930786133,55.6206854284674,20.2986456269483,3.33347916603088,0,0,0,80,25.9801692962646,6,4,1,2.21588134765625,42.5219955444336,,,,,,,,,,,,,,,,
,4536.5130,25.3101654052734,99.8094711303711,1.08424319266624E-5,1.4630323642605E-7,1,1.99850670813958,40.0298881530762,1.99497030461998,18.2199999690056,0.000123901484720032,1.33574022991944E-5,0.25,-7.76406583413645E-7,1.07076812061286E-5,-7.11791184705992E-7,25.3254222869873,25.3254222869873,99.7813491821289,99.8375930786133,55.5597184039674,20.2997502885526,2.99697780609131,0,0,0,80,25.1817226409912,6,4,1,2.2161865234375,42.5219955444336,,,,,,,,,,,,,,,,
,4584.4460,24.5086946487427,99.8375930786133,1.10978316014763E-5,1.55010605427812E-7,1,1.99850670813958,40.0298881530762,1.9948170958594,18.2199999690056,0.000126796655249919,1.3713166753862E-5,0.25,-7.90337122042339E-7,1.09593312115905E-5,-7.24774244080864E-7,24.5252151489258,24.5252151489258,99.8375930786133,99.8375930786133,55.883312610929,20.2983844877655,2.66493773460388,0,0,0,80,24.381664276123,6,4,1,2.215576171875,40.5669593811035,,,,,,,,,,,,,,,,
,4632.4195,23.7037334442139,99.8094711303711,1.10479563063222E-5,1.47144184417123E-7,1,1.99850670813958,40.0298881530762,1.99482668078358,18.2199999690056,0.000125902625980909,1.54168985217611E-5,0.25,-6.29729327401043E-7,1.0908816122943E-5,-5.66945960580584E-7,23.7245101928711,23.7245101928711,99.8000946044922,99.81884765625,55.0923045494674,20.299503810518,2.32429385185242,0,0,0,80,23.5860462188721,6,4,1,2.21664428710938,43.49951171875,,,,,,,,,,,,,,,,
,4680.3845,22.9029340744019,99.8282203674316,1.08396327011277E-5,1.39924001445671E-7,1,1.99850670813958,40.0298881530762,1.99496331360768,18.2199999690056,0.000123533632024964,1.51170150145295E-5,0.25,-6.18276413505784E-7,1.07027150191293E-5,-5.57073208390589E-7,22.920373916626,22.920373916626,99.81884765625,99.8375930786133,55.4112089853136,20.2990397157306,1.94955384731293,0,0,0,80,22.7955341339111,6,4,1,2.21633911132813,43.49951171875,,,,,,,,,,,,,,,,
,4728.3460,22.0972566604614,99.8469696044922,1.07728956702735E-5,1.5057892944286E-7,1,1.99850670813958,40.0298881530762,1.99495689095407,18.2199999690056,0.000122989543035314,1.38009167729748E-5,0.25,-7.22479265586802E-7,1.06370050922448E-5,-6.60600866957521E-7,22.1180324554443,22.1180324554443,99.8375930786133,99.8563461303711,55.6574219688713,20.2974652566527,1.6034928560257,0,0,0,80,21.9911823272705,6,4,1,2.21511840820313,44.4770278930664,,,,,,,,,,,,,,,,
,4776.3130,21.2924919128418,99.8375968933105,1.09398635608217E-5,1.40602423494225E-7,1,1.99850670813958,40.0298881530762,1.99504102753487,18.2199999690056,0.000124736247186734,1.4906977007523E-5,0.25,-6.54287771399636E-7,1.08011906470673E-5,-5.92771183509067E-7,21.308687210083,21.308687210083,99.81884765625,99.8563461303711,55.6441342840443,20.2987379792421,1.19593119621277,0,0,0,80,21.2033805847168,6,4,1,2.2149658203125,41.5444793701172,,,,,,,,,,,,,,,,
,4824.2635,20.498254776001,99.8657188415527,1.08185458993326E-5,1.65640559114073E-7,1,1.99850670813958,40.0298881530762,1.99487467795383,18.2199999690056,0.000123485061549727,1.39402851154787E-5,0.25,-7.17703030025973E-7,1.06815249480911E-5,-6.56183337970575E-7,20.5149841308594,20.5149841308594,99.8375930786133,99.8938446044922,55.2877116792751,20.2984736756643,0.804939568042755,0,0,0,80,20.4056243896484,6,4,1,2.2161865234375,43.9882698059082,,,,,,,,,,,,,,,,
,4872.2290,19.6957139968872,99.8375968933105,1.06732064279501E-5,1.51284218616282E-7,1,1.99850670813958,40.0298881530762,1.99493967882643,18.2199999690056,0.000122045432937737,1.25482340219083E-5,0.25,-8.14700436111734E-7,1.05383644513149E-5,-7.52798541349718E-7,19.7138385772705,19.7138385772705,99.81884765625,99.8563461303711,55.7418378489482,20.2975203292485,0.42063981294632,0,0,0,80,19.6080303192139,6,4,1,2.21603393554687,42.5219955444336,,,,,,,,,,,,,,,,
,4920.1940,18.8907527923584,99.8282203674316,1.07800481949263E-5,1.4527899442052E-7,1,1.99850670813958,40.0298881530762,1.99483430093817,18.2199999690056,0.000122897406164754,1.46786214722796E-5,0.25,-6.44899216762783E-7,1.06428773900296E-5,-5.84819360746429E-7,18.9044895172119,18.9044895172119,99.81884765625,99.8375930786133,55.6206854284674,20.2971740535245,11.511194229126,0,0,0,80,18.8128681182861,6,4,1,2.21481323242187,42.5219955444336,,,,,,,,,,,,,,,,
,4968.1485,18.0911931991577,99.8375968933105,1.07617826375614E-5,1.60297062525223E-7,1,1.99850670813958,40.0298881530762,1.99485142360468,18.2199999690056,0.000122882117597392,1.35859053352138E-5,0.25,-7.3840548266745E-7,1.06252242615866E-5,-6.77271843113222E-7,18.1094970703125,18.1094970703125,99.81884765625,99.8563461303711,55.8411046708905,20.2983556600582,11.1971979141235,0,0,0,80,18.0138835906982,6,4,1,2.21771240234375,43.0107536315918,,,,,,,,,,,,,,,,
,5016.1765,17.2867078781128,99.8375930786133,1.06917166238149E-5,1.47247176484666E-7,1,1.99850670813958,40.0298881530762,1.99480720329983,18.2199999690056,0.000121522610134275,1.65801552074447E-5,0.25,-4.60214266112937E-7,1.05547139840444E-5,-4.03063934291425E-7,17.3004531860352,17.3004531860352,99.8375930786133,99.8375930786133,55.5167288354097,20.2984749819878,10.8682584762573,0,0,0,80,17.2156257629395,6,4,1,2.21755981445313,42.0332374572754,,,,,,,,,,,,,,,,
,5064.0860,16.4907026290894,99.8094711303711,1.09102879811042E-5,1.31410731771516E-7,1,1.99850670813958,40.0298881530762,1.99493707600565,18.2199999690056,0.000124697490145389,1.3139168332104E-5,0.25,-8.04874970137507E-7,1.07721157702703E-5,-7.42163934788372E-7,16.5085735321045,16.5085735321045,99.8000946044922,99.81884765625,55.3697826737943,20.2969036767616,10.5250654220581,0,0,0,80,16.4243640899658,6,4,1,2.215576171875,42.5219955444336,,,,,,,,,,,,,,,,
,5112.0460,15.6875877380371,99.8188438415527,1.07548093830483E-5,1.58969808594262E-7,1,1.99850670813958,40.0298881530762,1.99488935756655,18.2199999690056,0.000122710601546542,1.40986438971385E-5,0.25,-6.91709440982595E-7,1.0618119345874E-5,-6.31215905051903E-7,15.7053813934326,15.7053813934326,99.8000946044922,99.8375930786133,55.3557133604482,20.3015576207336,10.1687564849854,0,0,0,80,15.6214580535889,6,4,1,2.21572875976562,43.49951171875,,,,,,,,,,,,,,,,
,5160.0065,14.8851990699768,99.8375930786133,1.06507723969263E-5,1.5009806551342E-7,1,1.99850670813958,40.0298881530762,1.99491158996991,18.2199999690056,0.000121310892489814,1.51474189397603E-5,0.25,-5.79954519595171E-7,1.05149016442771E-5,-5.21413837985818E-7,14.9047756195068,14.9047756195068,99.8375930786133,99.8375930786133,55.4307496982943,20.3007081040161,9.80102443695068,0,0,0,80,14.8305711746216,6,4,1,2.2149658203125,43.49951171875,,,,,,,,,,,,,,,,
,5207.9690,14.0836400985718,99.8282203674316,1.08505055208107E-5,1.37647916433437E-7,1,1.99850670813958,40.0298881530762,1.99481329572526,18.2199999690056,0.000123793423117785,1.42489832832167E-5,0.25,-6.95611888663467E-7,1.07125884375573E-5,-6.34609399244183E-7,14.1035976409912,14.1035976409912,99.81884765625,99.8375930786133,55.8434495564482,20.3039119400589,9.41349792480469,0,0,0,80,14.0278224945068,6,4,1,2.21511840820313,42.5219955444336,,,,,,,,,,,,,,,,
,5255.9540,13.2813110351562,99.81884765625,1.08350896898456E-5,1.71899208143228E-7,1,1.99850670813958,40.0298881530762,1.994838186942,18.2199999690056,0.000123297985258995,1.60069737211973E-5,0.25,-5.36973903879209E-7,1.06966137934946E-5,-4.78110305003619E-7,13.2992515563965,13.2992515563965,99.7813491821289,99.8563461303711,55.3252298481982,20.3019169727096,9.01093673706055,0,0,0,80,13.2357654571533,6,4,1,2.21588134765625,42.5219955444336,,,,,,,,,,,,,,,,
,5303.8955,12.4809846878052,99.81884765625,1.09548378007327E-5,1.45274619928359E-7,1,1.99850670813958,40.0298881530762,1.99477807718025,18.2199999690056,0.000125183525939377,1.32676589511759E-5,0.25,-8.01437500551669E-7,1.08160692051391E-5,-7.38557925089135E-7,12.4991407394409,12.4991407394409,99.81884765625,99.81884765625,55.2322160544097,20.301029653488,8.59697341918945,0,0,0,80,12.4319362640381,6,4,1,2.20657348632813,43.0107536315918,,,,,,,,,,,,,,,,
,5351.8650,11.681797504425,99.8094711303711,1.0889547809133E-5,1.54290874969021E-7,1,1.99850670813958,40.0298881530762,1.99487685205021,18.2199999690056,0.000124433785202187,1.32417683896145E-5,0.25,-7.92000444640164E-7,1.07515839478376E-5,-7.29556299036327E-7,11.6965970993042,11.6965970993042,99.8000946044922,99.81884765625,55.893473781679,20.3004584065647,8.16367053985596,0,0,0,80,11.634861946106,6,4,1,2.21572875976562,42.5219955444336,,,,,,,,,,,,,,,,
,5399.8160,10.8815331459045,99.8282203674316,1.10691606725691E-5,1.67058119222027E-7,1,1.99850670813958,40.0298881530762,1.99481892315328,18.2199999690056,0.00012620326424808,1.50076979525169E-5,0.25,-6.67821159398607E-7,1.09282641782786E-5,-6.06133616319194E-7,10.8992509841919,10.8992509841919,99.8000946044922,99.8563461303711,55.4682678672174,20.3008950139312,7.74352073669434,0,0,0,80,10.8347482681274,6,4,1,2.21405029296875,42.0332374572754,,,,,,,,,,,,,,,,
,5447.7830,10.0887107849121,99.7907218933105,1.10969787375452E-5,1.57107093326376E-7,1,1.99850670813958,40.0298881530762,1.99477269252885,18.2199999690056,0.000126927975191783,1.27723729444748E-5,0.25,-8.71012337160176E-7,1.09566928931619E-5,-8.06546569207193E-7,10.103630065918,10.103630065918,99.7813491821289,99.8000946044922,55.3729091878712,20.3031477724175,7.31275129318237,0,0,0,80,10.0371894836426,6,4,1,2.2198486328125,42.5219955444336,,,,,,,,,,,,,,,,
,5495.7550,9.2824764251709,99.8094711303711,1.1263167503789E-5,1.47647435798493E-7,1,1.99850670813958,40.0298881530762,1.99490641555619,18.2199999690056,0.00012827299201438,1.6088580411353E-5,0.25,-6.07071376784904E-7,1.11194546603863E-5,-5.45245839240542E-7,9.29959011077881,9.29959011077881,99.8000946044922,99.81884765625,55.497188122429,20.3003359639465,6.98007202148438,0,0,0,80,9.24691104888916,6,4,1,2.21572875976562,42.5219955444336,,,,,,,,,,,,,,,,
,5543.7190,8.47480964660644,99.8469696044922,1.10970783046117E-5,1.43046860326538E-7,1,1.99850670813958,40.0298881530762,1.99483885628048,18.2199999690056,0.00012616881492253,1.70061279163521E-5,0.25,-4.95686275720825E-7,1.09549942928602E-5,-4.36105848887988E-7,8.49366188049316,8.49366188049316,99.8375930786133,99.8563461303711,55.3549317319289,20.298731938947,6.73163270950317,0,0,0,80,8.43228721618652,6,4,1,2.21710205078125,42.5219955444336,,,,,,,,,,,,,,,,
,5591.6770,7.67893242835999,99.8282203674316,1.09580724213503E-5,1.62662829778474E-7,1,1.99850670813958,40.0298881530762,1.99488350080266,18.2199999690056,0.000125158333149725,1.36512139570132E-5,0.25,-7.68073739262945E-7,1.08191019915321E-5,-7.05612990099898E-7,7.69397640228271,7.69397640228271,99.81884765625,99.8375930786133,55.3283563622751,20.3005009349339,6.43852758407593,0,0,0,80,7.63588571548462,6,4,1,2.21572875976562,43.9882698059082,,,,,,,,,,,,,,,,
,5639.6380,6.8839066028595,99.7813491821289,1.12809577758778E-5,1.47141929388182E-7,1,1.99850670813958,40.0298881530762,1.99483499160464,18.2199999690056,0.000128120665635509,1.80552431392839E-5,0.25,-4.35863371453659E-7,1.11361936700962E-5,-3.76181387338305E-7,6.89631795883179,6.89631795883179,99.7813491821289,99.7813491821289,55.7824825319482,20.3028234525565,6.1043496131897,0,0,0,80,6.84221839904785,6,4,1,2.21542358398438,42.0332374572754,,,,,,,,,,,,,,,,
,5687.6040,6.08477449417114,99.81884765625,1.13950156310121E-5,1.53376522672124E-7,1,1.99850670813958,40.0298881530762,1.99476261077489,18.2199999690056,0.00012959087594579,1.72442093853E-5,0.25,-5.28312549077899E-7,1.1249209385373E-5,-4.66881028601883E-7,6.10600137710571,6.10600137710571,99.7813491821289,99.8563461303711,55.3580582460059,20.3021578194037,4.73191261291504,0,0,0,80,6.03848505020142,6,4,1,2.21664428710938,42.0332374572754,,,,,,,,,,,,,,,,
,5735.5700,5.28430414199829,99.7907218933105,1.14342300761815E-5,1.59221960530024E-7,1,1.99850670813958,40.0298881530762,1.99482031467088,18.2199999690056,0.00012988674311906,1.81551450451642E-5,0.25,-4.54666865332437E-7,1.12875607611619E-5,-3.94006303481859E-7,5.29906415939331,5.29906415939331,99.7813491821289,99.8000946044922,55.700411537429,20.3024537024537,4.31281852722168,0,0,0,80,5.25066328048706,6,4,1,2.21450805664062,42.5219955444336,,,,,,,,,,,,,,,,
,5783.5325,4.48646855354309,99.8375968933105,1.14954006464991E-5,1.4712924124249E-7,1,1.99850670813958,40.0298881530762,1.99475654616542,18.2199999690056,0.000131264718612881,1.44462029831435E-5,0.25,-7.94522847947697E-7,1.13495621316198E-5,-7.29145307728513E-7,4.50483655929565,4.50483655929565,99.81884765625,99.8563461303711,55.3142870489289,20.3011343048915,3.86224222183228,0,0,0,80,4.4469108581543,6,4,1,2.21893310546875,43.49951171875,,,,,,,,,,,,,,,,
,5831.4900,3.68673753738403,99.8188438415527,1.15892839809709E-5,1.49711274445096E-7,1,1.99850670813958,40.0298881530762,1.99479101738066,18.2199999690056,0.00013199934942958,1.64452843267786E-5,0.25,-6.342442409369E-7,1.14414559837848E-5,-5.7050367705759E-7,3.70574951171875,3.70574951171875,99.8000946044922,99.8375930786133,55.4291864412559,20.3021626371463,3.38415551185608,0,0,0,80,3.64146137237549,6,4,1,2.21664428710938,42.5219955444336,,,,,,,,,,,,,,,,
,5879.4510,2.87358546257019,99.81884765625,1.1351813571184E-5,1.55313281820338E-7,1,1.99850670813958,40.0298881530762,1.99465559654491,18.2199999690056,0.000129611005336323,1.43088151732974E-5,0.25,-7.80720042579253E-7,1.12077781245879E-5,-7.16209618373037E-7,2.89225339889526,2.89225339889526,99.81884765625,99.81884765625,55.6425710270059,20.3060662451209,2.85572648048401,0,0,0,80,2.82719707489014,2,4,1,2.21725463867187,43.49951171875,,,,,,,,,,,,,,,,
,5927.4260,2.07561850547791,99.8188438415527,1.16282973989749E-5,1.49794313986966E-7,1,1.99850670813958,40.0298881530762,1.99473129853607,18.2199999690056,0.000132433745559478,1.65345392816913E-5,0.25,-6.33332480507124E-7,1.147995717627E-5,-5.69417006990421E-7,2.08941888809204,2.08941888809204,99.8000946044922,99.8375930786133,55.3408624185828,20.3020853029547,2.29631352424622,0,0,0,80,2.01893019676209,2,4,1,2.2296142578125,42.0332374572754,,,,,,,,,,,,,,,,
,5975.3975,1.99973106384277,99.8094711303711,1.15277565043756E-5,1.48831933576834E-7,1,1.99850670813958,40.0298881530762,1.99477574721232,18.2199999690056,0.000131411760206584,1.5725620250616E-5,0.25,-6.86935122417087E-7,1.13809817028862E-5,-6.22803219808086E-7,2.00038623809814,2.00038623809814,99.7813491821289,99.8375930786133,55.2798953940828,20.306581847876,2.08197021484375,0,0,0,80,1.97356009483337,5,4,1,2.21572875976562,41.5444793701172,,,,,,,,,,,,,,,,
,9059.5020,299.557891845703,4999.388671875,0.000104396584863495,1.37918780172649E-7,1,5.99552012441875,40.0298881530762,1.98182681373404,18.2199999690056,0.00118988466730814,0.000189532423698542,0.25,-1.72003287938851E-6,0.000104394600057847,-1.65058029539992E-6,299.620513916016,299.620513916016,4999.341796875,4999.435546875,55.3346093904289,20.2819941369557,36.855827331543,0,0,0,240,298.009216308594,6,4,1,2.197265625,36.1681327819824,,,,,,,,,,,,,,,,
,9203.3790,294.615676879883,4999.36987304687,0.000106798654705634,1.46820050252291E-7,1,5.99552012441875,40.0298881530762,1.9818165984611,18.2300005108118,0.0012170113350067,0.000195278703135972,0.25,-1.63902943963983E-6,0.000106796436571187,-1.56656400821074E-6,294.713348388672,294.713348388672,4999.3603515625,4999.37939453125,55.2822402796405,20.2875871802649,36.6675033569336,0,0,0,240,291.360107421875,6,4,1,2.191162109375,39.5894432067871,,,,,,,,,,,,,,,,
,9347.2700,289.96484375,4999.36059570313,0.000107634387635252,1.52815604601983E-7,1,5.99552012441875,40.0298881530762,1.98155861066915,18.2300005108118,0.00122667764615392,0.00019510640733945,0.25,-1.80073931119301E-6,0.000107632146577491,-1.72630416438198E-6,290.068359375,290.068359375,4999.341796875,4999.37939453125,55.537832805429,20.29376062468,36.5107231140137,0,0,0,240,286.417816162109,6,4,1,2.19467163085938,40.5669593811035,,,,,,,,,,,,,,,,
,9491.1630,285.212478637695,4999.42602539063,0.000109804003432476,1.43424983892957E-7,1,5.99552012441875,40.0298881530762,1.98122893146243,18.2300005108118,0.00125148035818322,0.000197447918780522,0.25,-1.97582913335194E-6,0.000109801697005239,-1.89837627871198E-6,285.307861328125,285.307861328125,4999.39794921875,4999.4541015625,55.5503388617366,20.3002415379238,36.3679656982422,0,0,0,240,281.493682861328,6,4,1,2.19589233398438,40.5669593811035,,,,,,,,,,,,,,,,
,9635.1100,280.449005126953,4999.30444335937,0.00011152867369741,1.28007865177581E-7,1,5.99552012441875,40.0298881530762,1.98121256861062,18.2300005108118,0.00127010049010992,0.000206363440558132,0.25,-1.49654032308944E-6,0.000111525838287381,-1.4162897561625E-6,280.552917480469,280.552917480469,4999.26708984375,4999.341796875,55.5065676646597,20.2948974750957,36.2064056396484,0,0,0,240,276.621856689453,6,4,1,2.19436645507813,41.055721282959,,,,,,,,,,,,,,,,
,9778.9485,275.686798095703,4999.36987304687,0.000112922988619939,1.34233633980443E-7,1,5.99552012441875,40.0298881530762,1.98095453088607,18.2199999690056,0.00128638845140618,0.000205685595224826,0.25,-1.80141508339124E-6,0.000112920184544693,-1.71847084695266E-6,275.790100097656,275.790100097656,4999.3603515625,4999.37939453125,55.507349293179,20.3003521902913,36.0575942993164,0,0,0,240,271.793151855469,6,4,1,2.19131469726562,42.0332374572754,,,,,,,,,,,,,,,,
,9922.8230,270.912155151367,4999.294921875,0.000115661152211732,1.35139487035376E-7,1,5.99552012441875,40.0298881530762,1.98114702646798,18.2300005108118,0.00131710918551884,0.000214046157061601,0.25,-1.55166387743444E-6,0.000115657908270707,-1.46492732496134E-6,271.005157470703,271.005157470703,4999.28564453125,4999.30419921875,55.649605683679,20.3015791035503,35.9282188415527,0,0,0,240,266.968139648438,6,4,1,2.19589233398438,42.5219955444336,,,,,,,,,,,,,,,,
,10066.7150,266.127334594727,4999.576171875,0.000116953290580212,1.34420940221053E-7,1,5.99552012441875,40.0298881530762,1.9807489512614,18.2300005108118,0.00133153924250765,0.000216559149332464,0.25,-1.55651054573817E-6,0.000116949831944768,-1.46691869473742E-6,266.231475830078,266.231475830078,4999.5478515625,4999.6044921875,55.4768657809289,20.3047506710907,35.7975692749023,0,0,0,240,262.131652832031,6,4,1,2.19528198242187,42.5219955444336,,,,,,,,,,,,,,,,
,10210.6010,261.3408203125,4999.49169921875,0.000118853841590847,1.41052346713042E-7,1,5.99552012441875,40.0298881530762,1.98107635767392,18.2300005108118,0.00135226042573138,0.000226503176192649,0.25,-1.02125149358655E-6,0.000118849704988729,-9.28232423522669E-7,261.437347412109,261.437347412109,4999.4541015625,4999.529296875,55.5542470043328,20.3004861482066,35.6678771972656,0,0,0,240,257.342529296875,6,4,1,2.19406127929687,43.49951171875,,,,,,,,,,,,,,,,
,10354.4835,256.565063476562,4999.46337890625,0.000121773452565845,1.36739691321558E-7,1,5.99552012441875,40.0298881530762,1.98114757990327,18.2300005108118,0.00138527772327141,0.000233466362493448,0.25,-9.25956500649959E-7,0.000121768908164541,-8.28536858604979E-7,256.659393310547,256.659393310547,4999.4541015625,4999.47265625,55.3854152441789,20.2973293630186,35.5483818054199,0,0,0,240,252.534606933594,6,4,1,2.19512939453125,43.0107536315918,,,,,,,,,,,,,,,,
,10498.3800,251.78101348877,4999.46337890625,0.000124066209687006,1.31813236619084E-7,1,5.99552012441875,40.0298881530762,1.98046393517906,18.2300005108118,0.00141064315120767,0.000239214651446948,0.25,-8.19656058570049E-7,0.000124061247625651,-7.18153408886331E-7,251.877075195313,251.877075195313,4999.4541015625,4999.47265625,55.4151171279097,20.3077188975154,35.4276084899902,0,0,0,240,247.735427856445,6,4,1,2.1942138671875,42.0332374572754,,,,,,,,,,,,,,,,
,10642.2635,246.992553710938,4999.4169921875,0.000126020640808163,1.31803331364561E-7,1,5.99552012441875,40.0298881530762,1.98083280634979,18.2300005108118,0.0014335785282526,0.000240399622540738,0.25,-1.06612812060067E-6,0.000126015542702401,-9.6062528582561E-7,247.087844848633,247.087844848633,4999.4169921875,4999.4169921875,55.4010478145636,20.3018660392134,35.3361549377441,0,0,0,240,242.933258056641,6,4,1,2.1923828125,43.49951171875,,,,,,,,,,,,,,,,
,10786.1560,242.20093536377,4999.46337890625,0.000128400479115711,1.3410866206163E-7,1,5.99552012441875,40.0298881530762,1.9810823658033,18.2300005108118,0.00145985987666756,0.000250423594492372,0.25,-6.08579147746159E-7,0.000128394603761396,-4.98562374450298E-7,242.297485351562,242.297485351562,4999.4541015625,4999.47265625,55.3635296456405,20.2933824168777,35.214111328125,0,0,0,240,238.132308959961,6,4,1,2.19406127929687,43.0107536315918,,,,,,,,,,,,,,,,
,10930.0685,237.405250549316,4999.42602539063,0.000131488757731511,1.31270723001985E-7,1,5.99552012441875,40.0298881530762,1.98092471605817,18.2300005108118,0.00149580020384828,0.000251075846160414,0.25,-1.09701438425206E-6,0.00013148284761548,-9.81599379755045E-7,237.508666992187,237.508666992187,4999.39794921875,4999.4541015625,55.547993976179,20.295237662356,35.1424140930176,0,0,0,240,233.350158691406,6,4,1,2.19589233398438,41.5444793701172,,,,,,,,,,,,,,,,
,11073.9245,232.615127563477,4999.4169921875,0.000134654512251289,1.17250346509804E-7,1,5.99552012441875,40.0298881530762,1.98141157250638,18.2300005108118,0.0015319147461458,0.00025860726339048,0.25,-1.00073520135118E-6,0.000134648020259981,-8.79624336137293E-7,232.711868286133,232.711868286133,4999.4169921875,4999.4169921875,55.6214670569867,20.2891695475274,35.084098815918,0,0,0,240,228.564407348633,6,4,1,2.19375610351562,43.0107536315918,,,,,,,,,,,,,,,,
,11217.8140,227.826271057129,4999.388671875,0.000137154973243369,1.27926618599312E-7,1,5.99552012441875,40.0298881530762,1.9810743993191,18.2300005108118,0.00156027164201822,0.000262426397009552,0.25,-1.10517747449686E-6,0.000137148075519446,-9.78688484478953E-7,227.930191040039,227.930191040039,4999.3603515625,4999.4169921875,55.588638659179,20.2943498309214,35.013355255127,0,0,0,240,223.773513793945,6,4,1,2.19512939453125,43.49951171875,,,,,,,,,,,,,,,,
,11361.7060,223.023933410645,4999.4541015625,0.00013987177032757,1.12342880797445E-7,1,5.99552012441875,40.0298881530762,1.98156294042617,18.2300005108118,0.00159180802140684,0.000266197931575029,0.25,-1.26142576226665E-6,0.000139864462494905,-1.12906310199481E-6,223.125778198242,223.125778198242,4999.4541015625,4999.4541015625,55.5190737209674,20.2896663845796,34.9238128662109,0,0,0,240,218.974746704102,6,4,1,2.19375610351562,43.9882698059082,,,,,,,,,,,,,,,,
,11505.6295,218.23673248291,4999.482421875,0.000142658520957311,1.15653111046268E-7,1,5.99552012441875,40.0298881530762,1.98161885782981,18.2199999690056,0.00162358424308098,0.000271376705303238,0.25,-1.30170881894234E-6,0.000142650644322812,-1.16310802966766E-6,218.346725463867,218.346725463867,4999.4541015625,4999.5107421875,55.7340215637559,20.2948638799412,34.8167457580566,0,0,0,240,214.185989379883,6,4,1,2.19970703125,43.49951171875,,,,,,,,,,,,,,,,
,11649.4880,213.444671630859,4999.435546875,0.000145905069470022,1.21030853315349E-7,1,5.99552012441875,40.0298881530762,1.98204482384484,18.2199999690056,0.00166075465248253,0.000278237475414331,0.25,-1.27984921248009E-6,0.000145896475231027,-1.1342057379456E-6,213.540130615234,213.540130615234,4999.4169921875,4999.4541015625,55.5104758072559,20.2864911830325,34.7450485229492,0,0,0,240,209.414306640625,6,4,1,2.19772338867187,43.0107536315918,,,,,,,,,,,,,,,,
,11793.3780,208.642852783203,4999.37915039063,0.000149231657960879,1.2261886593419E-7,1,5.99552012441875,40.0298881530762,1.98181684125069,18.2199999690056,0.00169903653220344,0.000281103060747173,0.25,-1.61650624359635E-6,0.00014922263733395,-1.46329825023226E-6,208.74853515625,208.74853515625,4999.3603515625,4999.39794921875,55.5096941787366,20.2919791955347,34.689281463623,0,0,0,240,204.636962890625,6,4,1,2.19955444335938,42.0332374572754,,,,,,,,,,,,,,,,
,11937.2775,203.852668762207,4999.42602539063,0.000152886671386723,1.23472885563258E-7,1,5.99552012441875,40.0298881530762,1.98213074846201,18.2300005108118,0.00173971662071536,0.000294753827696175,0.25,-1.06905175458254E-6,0.000152876209002723,-9.07556319324712E-7,203.949295043945,203.949295043945,4999.39794921875,4999.4541015625,55.7254236500444,20.2891752296031,34.6309700012207,0,0,0,240,199.84748840332,6,4,1,2.19146728515625,43.49951171875,,,,,,,,,,,,,,,,
,12081.1480,199.055465698242,4999.39794921875,0.000156126975162878,1.17755655454711E-7,1,5.99552012441875,40.0298881530762,1.98250215128495,18.2199999690056,0.00177716585051697,0.000299526198359361,0.25,-1.23100498232837E-6,0.00015611574819393,-1.06109649357149E-6,199.151245117187,199.151245117187,4999.39794921875,4999.39794921875,55.6144324003136,20.2879655073417,34.5248565673828,0,0,0,240,195.071884155273,6,4,1,2.19268798828125,42.5219955444336,,,,,,,,,,,,,,,,
,12225.0535,194.265159606934,4999.37915039063,0.000159955257243932,1.16525173285685E-7,1,5.99552012441875,40.0298881530762,1.98278968207333,18.2199999690056,0.00182121176580241,0.000305622407267764,0.25,-1.37999969371281E-6,0.000159943110545788,-1.20048147042266E-6,194.366287231445,194.366287231445,4999.3603515625,4999.39794921875,55.4862453231597,20.2876411171976,34.4095039367676,0,0,0,240,190.291397094727,6,4,1,2.19497680664062,43.49951171875,,,,,,,,,,,,,,,,
,12368.9565,189.462478637695,4999.35107421875,0.000163642806711478,1.25203055051288E-7,1,5.99552012441875,40.0298881530762,1.98257111000537,18.2300005108118,0.0018617127738847,0.00031987605133633,0.25,-7.80643159461778E-7,0.000163628771153937,-5.91083130316524E-7,189.556304931641,189.556304931641,4999.341796875,4999.3603515625,55.5057860361405,20.2911405497241,34.2680168151855,0,0,0,240,185.516830444336,6,4,1,2.19192504882813,43.49951171875,,,,,,,,,,,,,,,,
,12512.8245,184.683181762695,4999.388671875,0.000167875167949466,1.26467125808784E-7,1,5.99552012441875,40.0298881530762,1.98272911501254,18.2199999690056,0.00191038808869784,0.000325952534620342,0.25,-1.00258852322808E-6,0.000167859990103268,-8.01584148951785E-7,184.793518066406,184.793518066406,4999.37939453125,4999.39794921875,55.537832805429,20.288152230326,34.0933952331543,0,0,0,240,180.643051147461,6,4,1,2.19390869140625,43.0107536315918,,,,,,,,,,,,,,,,
,12656.7115,179.88298034668,4999.40747070313,0.000172311086473893,1.28442631444808E-7,1,5.99552012441875,40.0298881530762,1.98301655938577,18.2300005108118,0.00196116898512509,0.000334356447078506,0.25,-1.05854060900126E-6,0.000172294379899223,-8.44988842184728E-7,179.982559204102,179.982559204102,4999.37939453125,4999.435546875,55.4456006401597,20.28780123169,33.9560546875,0,0,0,240,175.943954467773,6,4,1,2.19100952148438,42.0332374572754,,,,,,,,,,,,,,,,
,12800.6145,175.070571899414,4999.37939453125,0.000176861225840589,1.52876069134438E-7,1,5.99552012441875,40.0298881530762,1.98282164646144,18.2199999690056,0.00200783530487243,0.000370961794641015,0.25,1.35188937318104E-6,0.000176839606320079,1.57883800584868E-6,175.171279907227,175.171279907227,4999.37939453125,4999.37939453125,55.5776958599097,20.2921162387065,33.7680473327637,0,0,0,240,171.194091796875,6,4,1,2.20489501953125,43.0107536315918,,,,,,,,,,,,,,,,
,12944.4940,170.271179199219,4999.35107421875,0.000183409557096779,1.67751263967742E-7,1,5.99552012441875,40.0298881530762,1.98284130859369,18.2199999690056,0.0020747811035492,0.000426498976907182,0.25,5.07017113849142E-6,0.000183380562400081,5.31404754575143E-6,170.368347167969,170.368347167969,4999.341796875,4999.3603515625,55.741056220429,20.2974463399763,33.579719543457,0,0,0,240,166.452697753906,6,4,1,2.19390869140625,43.0107536315918,,,,,,,,,,,,,,,,
,13088.3740,165.46565246582,4999.32299804687,0.000190522152415655,1.67874063254285E-7,1,5.99552012441875,40.0298881530762,1.98266608408189,18.2199999690056,0.00215040731759123,0.000469150550285008,0.25,7.55757822515954E-6,0.000190486678007355,7.82070399049458E-6,165.558502197266,165.558502197266,4999.30419921875,4999.341796875,55.7301134211597,20.3123114263886,33.3840637207031,0,0,0,240,161.697769165039,6,4,1,2.20138549804687,43.49951171875,,,,,,,,,,,,,,,,
,13232.2635,160.66332244873,4999.35107421875,0.000191105100921258,1.42024229058298E-7,1,5.99552012441875,40.0298881530762,1.98304498991976,18.2300005108118,0.00217351066117184,0.000379368128002645,0.25,-4.6106210694151E-7,0.000191078530537536,-1.84990517923986E-7,160.762298583984,160.762298583984,4999.30419921875,4999.39794921875,55.6120875147559,20.2857716971961,33.2540550231934,0,0,0,240,156.960571289062,6,4,1,2.19894409179687,42.0332374572754,,,,,,,,,,,,,,,,
,13376.1565,155.861526489258,4999.30419921875,0.000199218476360063,1.79068164691583E-7,1,5.99552012441875,40.0298881530762,1.9825892606397,18.2300005108118,0.00225475097479745,0.000454752277422687,0.25,4.7302380199044E-6,0.00019918037794287,5.02985438660398E-6,155.965438842773,155.965438842773,4999.30419921875,4999.30419921875,55.4964064939097,20.303701691458,33.0564880371094,0,0,0,240,152.187393188477,6,4,1,2.19207763671875,42.5219955444336,,,,,,,,,,,,,,,,
,13520.0590,151.058082580566,4999.79150390625,0.000206162568585295,1.81359117196722E-7,1,5.99552012441875,40.0298881530762,1.98253587108596,18.2199999690056,0.00232840402516383,0.000497915351697475,0.25,7.28561798585039E-6,0.00020611596928588,7.60954321796359E-6,151.160018920898,151.160018920898,4999.79150390625,4999.79150390625,55.7637234474867,20.3095385255372,32.8318328857422,0,0,0,240,147.463668823242,6,4,1,2.1954345703125,42.5219955444336,,,,,,,,,,,,,,,,
,13663.9265,146.259796142578,4999.82958984375,0.000208649810654058,1.46695506842608E-7,1,5.99552012441875,40.0298881530762,1.98275715171532,18.2199999690056,0.00237220644062038,0.000416467259754376,0.25,-3.40736883376275E-7,0.000208611263425635,4.38943822720865E-9,146.364028930664,146.364028930664,4999.82958984375,4999.82958984375,55.6222486855059,20.287254089071,32.6081352233887,0,0,0,240,142.699279785156,6,4,1,2.20245361328125,42.0332374572754,,,,,,,,,,,,,,,,
,13807.8240,141.459930419922,4999.810546875,0.000214389954677603,1.30716271711621E-7,1,5.99552012441875,40.0298881530762,1.98320693691153,18.2199999690056,0.00243798313636418,0.000427787679682884,0.25,-3.87675951317762E-7,0.00021434616046204,-1.48862816516286E-8,141.561462402344,141.561462402344,4999.810546875,4999.810546875,55.3658745311982,20.286757569302,32.3713760375977,0,0,0,240,137.9560546875,6,4,1,2.18887329101562,42.5219955444336,,,,,,,,,,,,,,,,
,13951.7170,136.65438079834,4999.8388671875,0.000220435975810734,1.5018148556044E-7,1,5.99552012441875,40.0298881530762,1.98280977598578,18.2199999690056,0.00250688505851357,0.000435914703826468,0.25,-7.57535546281379E-7,0.000220386474805096,-3.53391699820329E-7,136.757949829102,136.757949829102,4999.82958984375,4999.84814453125,55.5175104639289,20.2927976390519,32.0982856750488,0,0,0,240,133.209091186523,6,4,1,2.1954345703125,42.5219955444336,,,,,,,,,,,,,,,,
,14095.6080,131.859588623047,4999.810546875,0.000238022229890297,1.95325117048056E-7,1,5.99552012441875,40.0298881530762,1.9828427883653,18.2199999690056,0.00268802928787488,0.000576709253059132,0.25,8.48587769830121E-6,0.000237944265499667,8.94480476595048E-6,131.954345703125,131.954345703125,4999.810546875,4999.810546875,55.494061608352,20.316162444266,31.8051223754883,0,0,0,240,128.464828491211,6,4,1,2.1966552734375,43.49951171875,,,,,,,,,,,,,,,,
,14239.5100,127.045181274414,4999.810546875,0.000245304328700207,1.70794349925821E-7,1,5.99552012441875,40.0298881530762,1.98285576188517,18.2199999690056,0.00277035046420159,0.00059338688849845,0.25,8.63313298237369E-6,0.000245215075373423,9.13472903681523E-6,127.149932861328,127.149932861328,4999.77294921875,4999.84814453125,55.1149717765251,20.3167086911528,31.35964012146,0,0,0,240,123.712776184082,6,4,1,2.20001220703125,42.0332374572754,,,,,,,,,,,,,,,,
,14383.3625,122.252212524414,4999.810546875,0.00025347277507778,1.73262270006031E-7,1,5.99552012441875,40.0298881530762,1.98291680746536,18.2199999690056,0.00286196147976365,0.000616497351852512,0.25,9.18278672090264E-6,0.000253368782290391,9.73407531848175E-6,122.349044799805,122.349044799805,4999.79150390625,4999.82958984375,55.8114027871598,20.3164927122258,31.0193157196045,0,0,0,240,118.988174438477,6,4,1,2.19696044921875,44.4770278930664,,,,,,,,,,,,,,,,
,14527.2720,117.439998626709,4999.80102539063,0.000262148181949336,1.99448785103188E-7,1,5.99552012441875,40.0298881530762,1.98287133804046,18.2199999690056,0.0029597709173729,0.000637115773043698,0.25,9.41954244498075E-6,0.000262026773463735,1.00285078545308E-5,117.544013977051,117.544013977051,4999.79150390625,4999.810546875,55.6566403403521,20.3177854034747,30.7185039520264,0,0,0,240,114.255500793457,6,4,1,2.196044921875,43.49951171875,,,,,,,,,,,,,,,,
,14671.1550,112.628105163574,4999.857421875,0.000271601141793124,1.98435446297762E-7,1,5.99552012441875,40.0298881530762,1.98297884696074,18.2199999690056,0.00306723521315772,0.000655719371610578,0.25,9.32904596311661E-6,0.000271458754835322,1.00057608502212E-5,112.731132507324,112.731132507324,4999.82958984375,4999.88525390625,55.4479455257174,20.3186259694725,30.3185901641846,0,0,0,240,109.554084777832,6,4,1,2.19619750976562,43.49951171875,,,,,,,,,,,,,,,,
,14815.0325,107.822338104248,4999.8291015625,0.000281289643134312,3.0507115730943E-7,1,5.99552012441875,40.0298881530762,1.98285214230147,18.2199999690056,0.00317674147229724,0.000676008000277104,0.25,9.342469420253E-6,0.000281120638887274,1.00973004943055E-5,107.922477722168,107.922477722168,4999.79150390625,4999.86669921875,55.7301134211597,20.3198585992604,29.9447345733643,0,0,0,240,104.832092285156,6,4,1,2.19696044921875,42.5219955444336,,,,,,,,,,,,,,,,
,14958.9335,103.007667541504,4999.75439453125,0.000291983274751196,2.15715134406987E-7,1,5.99552012441875,40.0298881530762,1.98307481216223,18.2199999690056,0.00329607935404373,0.000709871942679186,0.25,1.03506186893941E-5,0.000291777018586795,1.11978831141366E-5,103.106452941895,103.106452941895,4999.73583984375,4999.77294921875,55.6808708244482,20.3182383684963,29.375358581543,0,0,0,240,100.102874755859,6,4,1,2.196044921875,43.49951171875,,,,,,,,,,,,,,,,
,15102.8145,98.2030830383301,4999.810546875,0.000302572566843685,1.8985275351306E-7,1,5.99552012441875,40.0298881530762,1.98298594794829,18.2199999690056,0.00341521301858838,0.000734569910883726,0.25,1.05669850945027E-5,0.000302321492812404,1.15212507596471E-5,98.2949905395508,98.2949905395508,4999.810546875,4999.810546875,55.8520474701598,20.3203405657363,28.6374969482422,0,0,0,240,95.3983001708984,6,4,1,2.19528198242187,43.49951171875,,,,,,,,,,,,,,,,
,15246.7310,93.3869400024414,4999.80126953125,0.000314296366102619,1.73295613510423E-7,1,5.99552012441875,40.0298881530762,1.98284050556562,18.2199999690056,0.00354628625895046,0.0007653505255416,0.25,1.11025303841814E-5,0.000313984942931661,1.21850674925835E-5,93.4892349243164,93.4892349243164,4999.77294921875,4999.82958984375,55.8919105246405,20.3215295583533,27.9008502960205,0,0,0,240,90.6931533813477,6,4,1,2.200927734375,45.4545478820801,,,,,,,,,,,,,,,,
,15390.6060,88.5611228942871,4999.763671875,0.000326693343636422,1.63442952560747E-7,1,5.99552012441875,40.0298881530762,1.98289599836869,18.2199999690056,0.00368559757060587,0.000794868908967364,0.25,1.13813556480175E-5,0.000326302586235196,1.26167077313646E-5,88.6572189331055,88.6572189331055,4999.75439453125,4999.77294921875,55.5081309216982,20.3213067247265,27.2033634185791,0,0,0,240,85.9927368164062,6,4,1,2.19863891601562,42.5219955444336,,,,,,,,,,,,,,,,
,15534.4990,83.7348861694336,4999.82006835937,0.000339660092776614,1.57276658474864E-7,1,5.99552012441875,40.0298881530762,1.98274350619977,18.2199999690056,0.00382974778541402,0.000830696868960493,0.25,1.20995212772641E-5,0.000339160543325388,1.35154350905513E-5,83.8382339477539,83.8382339477539,4999.810546875,4999.82958984375,55.7551255337751,20.3217374200403,26.430980682373,0,0,0,240,81.3349456787109,6,4,1,2.19757080078125,43.0107536315918,,,,,,,,,,,,,,,,
,15678.4240,78.912353515625,4999.763671875,0.000353642878518383,1.748200943864E-7,1,5.99552012441875,40.0298881530762,1.9829461399871,18.2199999690056,0.00398567848523312,0.000868472617751926,0.25,1.27707636822779E-5,0.000352994699984198,1.44015975775173E-5,79.016716003418,79.016716003418,4999.73583984375,4999.79150390625,55.3854152441789,20.3168969846032,25.638671875,0,0,0,240,76.6587982177734,6,4,1,2.20001220703125,42.5219955444336,,,,,,,,,,,,,,,,
,15822.2665,74.0961112976074,4999.81982421875,0.000368741838728442,1.72058283802002E-7,1,5.99552012441875,40.0298881530762,1.98279939838513,18.2199999690056,0.00415363729326169,0.000904683599273562,0.25,1.30920293922948E-5,0.000367890110373677,1.49765309069301E-5,74.1983947753906,74.1983947753906,4999.79150390625,4999.84814453125,55.372127559352,20.3201272834932,24.8278522491455,0,0,0,240,71.985237121582,6,4,1,2.20046997070313,43.0107536315918,,,,,,,,,,,,,,,,
,15966.1800,69.2600212097168,4999.7822265625,0.000384255283716641,1.74293358544089E-7,1,5.99552012441875,40.0298881530762,1.98283454924084,18.2199999690056,0.00432419230205269,0.000950351563902671,0.25,1.41471426624342E-5,0.000383117421894547,1.63180667789207E-5,69.3574829101562,69.3574829101562,4999.77294921875,4999.79150390625,55.4753025238905,20.3203407111423,23.9382057189941,0,0,0,240,67.3091278076172,6,4,1,2.19924926757813,42.5219955444336,,,,,,,,,,,,,,,,
,16110.0555,64.4243392944336,4999.75415039063,0.000400383755858535,1.71349919148433E-7,1,5.99552012441875,40.0298881530762,1.98277449417373,18.2199999690056,0.00450123199143751,0.000992115025185816,0.25,1.47479056999903E-5,0.000398857086935951,1.72301584406113E-5,64.5215759277344,64.5215759277344,4999.716796875,4999.79150390625,55.9450612639482,20.32026704688,22.9755325317383,0,0,0,240,62.639404296875,6,4,1,2.19573974609375,43.9882698059082,,,,,,,,,,,,,,,,
,16253.9155,59.587194442749,4999.763671875,0.000418045228857583,2.09195956772751E-7,1,5.99552012441875,40.0298881530762,1.98287464238506,18.2199999690056,0.00469396863834854,0.00103975323467459,0.25,1.56102239637198E-5,0.000415992922269358,1.8407008939811E-5,59.6949691772461,59.6949691772461,4999.75439453125,4999.77294921875,55.5386144339482,20.3191146230451,21.9752197265625,0,0,0,240,57.9846229553223,6,4,1,2.19757080078125,43.49951171875,,,,,,,,,,,,,,,,
,16397.8280,54.7043876647949,4999.79174804687,0.0004361341569737,1.88153185344771E-7,1,5.99552012441875,40.0298881530762,1.98301888727499,18.2199999690056,0.00488931712305447,0.00109162038564712,0.25,1.68421793583818E-5,0.000433404100752992,1.9904954327855E-5,54.8008575439453,54.8008575439453,4999.77294921875,4999.810546875,55.3533684748905,20.3209963466862,20.1853656768799,0,0,0,240,53.3508110046387,6,4,1,2.19833374023438,42.5219955444336,,,,,,,,,,,,,,,,
,16541.7150,49.7595996856689,4999.810546875,0.000455210320876293,2.07935729043736E-7,1,5.99552012441875,40.0298881530762,1.98315216277402,18.2199999690056,0.00509459804961626,0.00114373076747201,0.25,1.8046772490451E-5,0.000451666067544773,2.12748376037304E-5,49.8539505004883,49.8539505004883,4999.75439453125,4999.86669921875,55.8090579016021,20.3221210866516,17.5909194946289,0,0,0,240,48.7344245910645,6,4,1,2.2003173828125,43.49951171875,,,,,,,,,,,,,,,,
,16685.5920,44.8484191894531,4999.80126953125,0.000474512353405909,1.88301531289732E-7,1,5.99552012441875,40.0298881530762,1.98323900132049,18.2199999690056,0.00530378808572743,0.00118494653830143,0.25,1.84016951522661E-5,0.000470106435314247,2.16573095000928E-5,44.9469604492188,44.9469604492188,4999.77294921875,4999.82958984375,55.5167288354097,20.3230741521581,15.9229106903076,0,0,0,240,44.0730018615723,6,4,1,2.20565795898438,42.0332374572754,,,,,,,,,,,,,,,,
,16829.4950,40.0010738372803,4999.77294921875,0.000492121415892036,1.94577878545099E-7,1,5.99552012441875,40.0298881530762,1.98322911492873,18.2199999690056,0.00549278316836637,0.00123024453439409,0.25,1.95567492316872E-5,0.000486906517639182,2.2691306225139E-5,40.0963745117188,40.0963745117188,4999.75439453125,4999.79150390625,55.6245935710636,20.3216484707295,14.7954292297363,0,0,0,240,39.3487968444824,6,4,1,2.1954345703125,42.5219955444336,,,,,,,,,,,,,,,,
,16973.3835,35.1335372924805,4999.75439453125,0.00050722628685967,2.1610483035204E-7,1,5.99552012441875,40.0298881530762,1.98324830075903,18.2199999690056,0.00565714557889971,0.00125827860024371,0.25,1.96849620786542E-5,0.000501340351021917,2.26213286593827E-5,35.2280120849609,35.2280120849609,4999.73583984375,4999.77294921875,55.4119906138328,20.3221336354481,13.8811206817627,0,0,0,240,34.624828338623,6,4,1,2.19436645507813,41.5444793701172,,,,,,,,,,,,,,,,
,17117.2695,30.2941799163818,4999.7451171875,0.000519041307175256,1.932056468183E-7,1,5.99552012441875,40.0298881530762,1.98327501863425,18.2199999690056,0.0057856948567562,0.00128248778327032,0.25,2.00368951190009E-5,0.000512660312382197,2.27612314532021E-5,30.3920516967773,30.3920516967773,4999.73583984375,4999.75439453125,56.1537560785829,20.3247233550962,13.1613321304321,0,0,0,240,29.8770503997803,6,4,1,2.2052001953125,42.5219955444336,,,,,,,,,,,,,,,,
,17261.1485,25.465648651123,4999.763671875,0.00052379398376433,1.95016214609261E-7,1,5.99552012441875,40.0298881530762,1.98327811501398,18.2199999690056,0.00583559826167224,0.00129709626121558,0.25,2.07253199048704E-5,0.000517134499646945,2.3260009718091E-5,25.572172164917,25.572172164917,4999.75439453125,4999.77294921875,55.9755447761982,20.3223471565208,12.5927925109863,0,0,0,240,25.130687713623,6,4,1,2.19894409179687,43.9882698059082,,,,,,,,,,,,,,,,
,17405.0515,20.6302013397217,4999.80102539063,0.000520156963306852,2.0105148926542E-7,1,5.99552012441875,40.0298881530762,1.98329574020773,18.2199999690056,0.00579343181635655,0.00129073025791611,0.25,2.09472761207322E-5,0.00051343851372123,2.33481619266953E-5,20.7333564758301,20.7333564758301,4999.79150390625,4999.810546875,55.064165922775,20.3236624564099,4.35923480987549,0,0,0,240,20.3671169281006,6,4,1,2.20947265625,43.0107536315918,,,,,,,,,,,,,,,,
,17548.9380,15.8079981803894,4999.74487304687,0.000519107452547669,1.96265003596889E-7,1,5.99552012441875,40.0298881530762,1.98311422225013,18.2199999690056,0.00578138627177402,0.00128604786798989,0.25,2.07533710671801E-5,0.000512385507439715,2.31311536436288E-5,15.9054775238037,15.9054775238037,4999.716796875,4999.77294921875,55.3627480171212,20.3254285902227,1.20804011821747,0,0,0,240,15.6028461456299,6,4,1,2.19970703125,43.49951171875,,,,,,,,,,,,,,,,
,17692.8345,10.995240688324,4999.810546875,0.000529373385292604,1.8192715370599E-7,1,5.99552012441875,40.0298881530762,1.98308245621607,18.2199999690056,0.00589443914711573,0.0013180465199461,0.25,2.17508330230637E-5,0.000522515520325706,2.4168159317397E-5,11.0969200134277,11.0969200134277,4999.79150390625,4999.82958984375,55.7090094511405,20.3233077111203,9.97577476501465,0,0,0,240,10.8316354751587,6,4,1,2.19833374023438,43.0107536315918,,,,,,,,,,,,,,,,
,17836.7355,6.21798777580261,4999.69799804687,0.000543080211172442,1.87928854976678E-7,1,5.99552012441875,40.0298881530762,1.98314548400306,18.2199999690056,0.00604733014487658,0.00135173466498107,0.25,2.22712210670073E-5,0.00053604499251523,2.47516790738699E-5,6.31371545791626,6.31371545791626,4999.67919921875,4999.716796875,55.6808708244482,20.3267761839988,7.41034698486328,0,0,0,240,6.09261465072632,6,4,1,2.19879150390625,43.49951171875,,,,,,,,,,,,,,,,
,17980.5880,2.00572246313095,4999.72631835937,0.000550507667127261,1.78973210392387E-7,1,5.99552012441875,40.0298881530762,1.98323411161548,18.2199999690056,0.0061284976023833,0.00138022519160839,0.25,2.34623010001769E-5,0.00054337171976954,2.59653854639566E-5,2.01269817352295,2.01269817352295,4999.716796875,4999.73583984375,55.6542954547943,20.3232182866974,2.97361493110657,0,0,0,240,1.97964346408844,5,4,1,2.205810546875,42.5219955444336,,,,,,,,,,,,,,,,
,21481.8930,298.82878112793,39999.880859375,0.000828978272121409,3.03796972841251E-7,1,5.99552012441875,40.0298881530762,1.99295778664396,18.2300005108118,0.00947916020844864,0.00162416467472592,0.25,-3.92799641087895E-6,0.000828956236642216,-3.37905686470705E-6,298.918060302734,298.918060302734,39999.83203125,39999.9296875,55.2236181406982,20.2935785210462,43.8952713012695,0,0,0,240,296.063049316406,6,4,1,2.21054077148438,35.6793746948242,,,,,,,,,,,,,,,,
,21625.7800,293.646636962891,39999.869140625,0.000848841277497429,2.99452974831781E-7,1,5.99552012441875,40.0298881530762,1.99325722204111,18.2199999690056,0.00970472586075918,0.00167995452841129,0.25,-2.5776892732369E-6,0.000848816729603303,-2.00393510918633E-6,293.751495361328,293.751495361328,39999.8515625,39999.88671875,55.4917167227943,20.295247468699,44.0730819702148,0,0,0,240,290.286682128906,6,4,1,2.20947265625,39.1006851196289,,,,,,,,,,,,,,,,
,21769.6585,288.988815307617,39999.75,0.00085791846327131,2.69567217208684E-7,1,5.99552012441875,40.0298881530762,1.99333801760602,18.2199999690056,0.00980857207287925,0.00169967143700271,0.25,-2.46851040711703E-6,0.000857892567503318,-1.87757118056964E-6,289.088958740234,289.088958740234,39999.703125,39999.796875,55.3166319344866,20.294434289868,43.9134330749512,0,0,0,240,285.297180175781,6,4,1,2.20687866210938,41.055721282959,,,,,,,,,,,,,,,,
,21913.5455,284.240371704102,39999.72265625,0.000869338549624147,2.55004511104085E-7,1,5.99552012441875,40.0298881530762,1.99340602506208,18.2199999690056,0.00993751794158274,0.0017332916426556,0.25,-1.55572690803498E-6,0.000869310559265958,-9.45106100509289E-7,284.343292236328,284.343292236328,39999.72265625,39999.72265625,55.3502419608135,20.2949882188771,43.7474136352539,0,0,0,240,280.390075683594,6,4,1,2.20962524414062,41.055721282959,,,,,,,,,,,,,,,,
,22057.4435,279.481994628906,39999.599609375,0.000883382196309995,2.9655357082062E-7,1,5.99552012441875,40.0298881530762,1.9930846581144,18.2199999690056,0.0100980699222196,0.0017521013599266,0.25,-2.37401348316955E-6,0.0008833531372886,-1.74098293914067E-6,279.584747314453,279.584747314453,39999.58984375,39999.609375,55.7496541341405,20.3003577331834,43.6043357849121,0,0,0,240,275.539520263672,6,4,1,2.1978759765625,42.0332374572754,,,,,,,,,,,,,,,,
,22201.3310,274.705947875977,39999.63671875,0.000901346725007728,2.73963861931426E-7,1,5.99552012441875,40.0298881530762,1.99290666548343,18.2199999690056,0.0103008456868945,0.00179718518232342,0.25,-1.5947324572811E-6,0.000901315195984493,-9.35550991258207E-7,274.813049316406,274.813049316406,39999.5703125,39999.703125,55.3854152441789,20.3026161414139,43.4800605773926,0,0,0,240,270.696807861328,6,4,1,2.20947265625,41.5444793701172,,,,,,,,,,,,,,,,
,22345.2135,269.928924560547,39999.5625,0.000915322009066626,2.42987552965666E-7,1,5.99552012441875,40.0298881530762,1.99288416411621,18.2199999690056,0.0104592740232989,0.0018315939093087,0.25,-1.05877945999894E-6,0.00091528818725692,-3.75365545026282E-7,270.024536132813,270.024536132813,39999.53515625,39999.58984375,55.3729091878712,20.3015490615672,43.3656616210937,0,0,0,240,265.859619140625,6,4,1,2.2015380859375,43.0107536315918,,,,,,,,,,,,,,,,
,22489.1180,265.150314331055,39999.58203125,0.000933296214776905,2.9223671486842E-7,1,5.99552012441875,40.0298881530762,1.99252631580064,18.2199999690056,0.0106640691013433,0.00186022760123216,0.25,-1.70838269633949E-6,0.000933260699461103,-9.966562118819E-7,265.246124267578,265.246124267578,39999.5546875,39999.609375,55.4807739235251,20.3051018050664,43.2216300964355,0,0,0,240,261.055145263672,6,4,1,2.21023559570313,42.5219955444336,,,,,,,,,,,,,,,,
,22633.0025,260.371704101562,39999.48828125,0.000952475558225069,2.89360794369003E-7,1,5.99552012441875,40.0298881530762,1.99258783524864,18.2199999690056,0.0108770673610742,0.00193508059396841,0.25,1.44246576845162E-6,0.000952435205782639,2.18445979847366E-6,260.471282958984,260.471282958984,39999.4609375,39999.515625,55.5800407454674,20.3048547924969,43.0696296691895,0,0,0,240,256.269714355469,6,4,1,2.19970703125,42.0332374572754,,,,,,,,,,,,,,,,
,22776.9115,255.580299377441,39999.4140625,0.000970023271186744,3.01829371702265E-7,1,5.99552012441875,40.0298881530762,1.9927016196551,18.2199999690056,0.0110795785126015,0.00196209252787263,0.25,6.87060712820067E-7,0.000969980976519164,1.4595085062831E-6,255.681030273438,255.681030273438,39999.38671875,39999.44140625,55.3283563622751,20.3033847903771,42.9565086364746,0,0,0,240,251.468307495117,6,4,1,2.20870971679687,40.5669593811035,,,,,,,,,,,,,,,,
,22920.7790,250.800148010254,39999.421875,0.000989858347521399,3.07774271154239E-7,1,5.99552012441875,40.0298881530762,1.99315796580174,18.2199999690056,0.0113135690223935,0.00197426604879018,0.25,-1.80029984563556E-6,0.00098981526499014,-9.94184772036376E-7,250.903060913086,250.903060913086,39999.421875,39999.421875,55.4166803849482,20.2998120389076,42.889591217041,0,0,0,240,246.651809692383,6,4,1,2.19802856445313,42.5219955444336,,,,,,,,,,,,,,,,
,23064.6575,246.006553649902,39999.396484375,0.00100745475251864,3.89509626603279E-7,1,5.99552012441875,40.0298881530762,1.99256644156803,18.2199999690056,0.0115041370073898,0.00205012076991218,0.25,1.76687034695686E-6,0.00100740582020596,2.60604966795078E-6,246.111419677734,246.111419677734,39999.38671875,39999.40625,55.4010478145636,20.3052962256833,42.7978172302246,0,0,0,240,241.844512939453,6,4,1,2.20001220703125,42.0332374572754,,,,,,,,,,,,,,,,
,23208.5540,241.211891174316,39999.330078125,0.00102818579008912,3.23801868483743E-7,1,5.99552012441875,40.0298881530762,1.99289990769243,18.2300005108118,0.0117449159021801,0.00208006814540335,0.25,6.83136056162647E-7,0.0010281344578583,1.55977796186838E-6,241.312789916992,241.312789916992,39999.25390625,39999.40625,55.4549801823905,20.3044219919087,42.7028579711914,0,0,0,240,237.045227050781,6,4,1,2.20504760742187,41.5444793701172,,,,,,,,,,,,,,,,
,23352.4305,236.430839538574,39999.2734375,0.00105146357890151,3.01781961712529E-7,1,5.99552012441875,40.0298881530762,1.99314267366396,18.2199999690056,0.0120114634627534,0.00213142535673464,0.25,1.02939318594863E-6,0.00105140825634749,1.94733925180511E-6,236.523223876953,236.523223876953,39999.25390625,39999.29296875,55.4541985538713,20.3031077997817,42.5760307312012,0,0,0,240,232.262512207031,6,4,1,2.1978759765625,42.0332374572754,,,,,,,,,,,,,,,,
,23496.3445,231.63387298584,39999.330078125,0.00107246043685543,2.79812100937466E-7,1,5.99552012441875,40.0298881530762,1.99285798720282,18.2199999690056,0.0122531142941682,0.00215396416510326,0.25,-6.99652029766286E-7,0.00107240277922001,2.59733686404891E-7,231.726638793945,231.726638793945,39999.3125,39999.34765625,55.4878085801982,20.3010655504474,42.4453811645508,0,0,0,240,227.485290527344,6,4,1,2.19924926757813,42.5219955444336,,,,,,,,,,,,,,,,
,23640.2305,226.843124389648,39999.310546875,0.00109049058688453,3.34830677186309E-7,1,5.99552012441875,40.0298881530762,1.99300702763749,18.2199999690056,0.0124679866213295,0.00214485192188104,0.25,-4.71625287506804E-6,0.00109043261952412,-3.71598439815857E-6,226.945297241211,226.945297241211,39999.2734375,39999.34765625,55.5065676646597,20.3018812288401,42.3045349121094,0,0,0,240,222.693908691406,6,4,1,2.20901489257813,42.5219955444336,,,,,,,,,,,,,,,,
,23784.1175,222.04997253418,39999.3203125,0.00111437368483306,3.10460528943234E-7,1,5.99552012441875,40.0298881530762,1.99284290192867,18.2199999690056,0.0127396460056938,0.00219377323512793,0.25,-4.66000995975513E-6,0.0011143110723371,-3.61147381322581E-6,222.150085449219,222.150085449219,39999.2734375,39999.3671875,55.4299680697751,20.3107769675569,42.1200332641602,0,0,0,240,217.892654418945,6,4,1,2.20794677734375,42.0332374572754,,,,,,,,,,,,,,,,
,23927.9915,217.264785766602,39999.291015625,0.00113715174317326,2.75911630800296E-7,1,5.99552012441875,40.0298881530762,1.99284655038992,18.2199999690056,0.012993182787342,0.00227739523347062,0.25,-1.38848991838194E-6,0.00113708103979516,-2.90438535662603E-7,217.36865234375,217.36865234375,39999.25390625,39999.328125,55.514383949852,20.3163224432798,41.9527397155762,0,0,0,240,213.105010986328,6,4,1,2.20901489257813,42.0332374572754,,,,,,,,,,,,,,,,
,24071.8760,212.464920043945,39999.310546875,0.00115965561594409,3.07368050482723E-7,1,5.99552012441875,40.0298881530762,1.99299191928628,18.2199999690056,0.0132502845339615,0.00232770616552003,0.25,-1.00100445847466E-6,0.00115957905827627,1.49292454973364E-7,212.565826416016,212.565826416016,39999.2734375,39999.34765625,55.6714912822174,20.3157161939792,41.8354759216309,0,0,0,240,208.332916259766,6,4,1,2.20779418945313,43.0107536315918,,,,,,,,,,,,,,,,
,24215.7635,207.670860290527,39999.24609375,0.00118808456627483,3.83322327661416E-7,1,5.99552012441875,40.0298881530762,1.99295654604675,18.2199999690056,0.0135779182223136,0.00236726574471029,0.25,-2.58654079033714E-6,0.00118800320917383,-1.37486557127307E-6,207.779434204102,207.779434204102,39999.23828125,39999.25390625,55.4768657809289,20.3118041899389,41.7319107055664,0,0,0,240,203.557830810547,6,4,1,2.2088623046875,43.49951171875,,,,,,,,,,,,,,,,
,24359.6735,202.876792907715,39999.822265625,0.00121427295439261,3.66047407841295E-7,1,5.99552012441875,40.0298881530762,1.99338443113597,18.2199999690056,0.0138705287825228,0.00247340858383085,0.25,2.00108036884621E-6,0.00121417994124229,3.27496809924656E-6,202.974822998047,202.974822998047,39999.8125,39999.83203125,55.615995657352,20.3068007458141,41.5614280700684,0,0,0,240,198.759658813477,6,4,1,2.20840454101562,42.5219955444336,,,,,,,,,,,,,,,,
,24503.5360,198.082946777344,39999.740234375,0.00124023324993692,4.06478441716789E-7,1,5.99552012441875,40.0298881530762,1.99362131435404,18.2199999690056,0.014173770998338,0.00249728893951294,0.25,-5.56633129138454E-7,0.00124013532581493,7.83607510047238E-7,198.186264038086,198.186264038086,39999.68359375,39999.796875,55.2986544785443,20.3005372343878,41.3998718261719,0,0,0,240,194.001205444336,6,4,1,2.21664428710938,43.0107536315918,,,,,,,,,,,,,,,,
,24647.4535,193.290718078613,39999.767578125,0.00127405318028002,4.11934325248238E-7,1,5.99552012441875,40.0298881530762,1.99422404906791,18.2199999690056,0.0145568457496476,0.00260870188624967,0.25,3.11178959561769E-6,0.00127394210315264,4.53087515270203E-6,193.395568847656,193.395568847656,39999.6640625,39999.87109375,55.7668499615636,20.2934485366966,41.2411804199219,0,0,0,240,189.218215942383,6,4,1,2.20458984375,42.0332374572754,,,,,,,,,,,,,,,,
,24803.3165,188.086860656738,39999.740234375,0.00130961330088544,4.84706035712261E-7,1,5.99552012441875,40.0298881530762,1.99434076596134,18.2199999690056,0.0149599342870368,0.0027039728243061,0.25,5.10085151381548E-6,0.00130948889128959,6.61033619097894E-6,188.188064575195,188.188064575195,39999.72265625,39999.7578125,55.5300165202367,20.2909433912624,41.0866317749023,0,0,0,240,184.041015625,6,4,1,2.205810546875,42.5219955444336,,,,,,,,,,,,,,,,
,24947.2055,183.298858642578,39999.740234375,0.00134273706544728,4.80201693414237E-7,1,5.99552012441875,40.0298881530762,1.9944270852962,18.2199999690056,0.0153426518129258,0.00275092271381387,0.25,3.29409148144174E-6,0.00134260330608753,4.8936172880036E-6,183.403656005859,183.403656005859,39999.72265625,39999.7578125,55.5018778935443,20.2895920505777,40.9438743591309,0,0,0,240,179.238220214844,6,4,1,2.20306396484375,42.0332374572754,,,,,,,,,,,,,,,,
,25091.0850,178.513641357422,39999.73046875,0.00137673136725276,3.75162078435361E-7,1,5.99552012441875,40.0298881530762,1.99455501654305,18.2199999690056,0.015741397469878,0.00276717803571981,0.25,-1.36305574273017E-6,0.0013765904533778,3.34395115473173E-7,178.617279052734,178.617279052734,39999.68359375,39999.77734375,55.6300649706982,20.2937153578047,40.7316474914551,0,0,0,240,174.480255126953,6,4,1,2.20382690429687,42.5219955444336,,,,,,,,,,,,,,,,
,25234.9790,173.708335876465,39999.72265625,0.00140930433405142,9.68853858363522E-7,1,5.99552012441875,40.0298881530762,1.99456317864682,18.2199999690056,0.0161085492285921,0.00286217370313722,0.25,1.12519816787488E-6,0.00140914604345508,2.92568361322233E-6,173.806427001953,173.806427001953,39999.72265625,39999.72265625,55.7973334738136,20.2936286560424,40.5206985473633,0,0,0,240,169.72248840332,6,4,1,2.20504760742187,43.9882698059082,,,,,,,,,,,,,,,,
,25378.8825,168.906311035156,39999.8046875,0.00144617880889611,5.14235905162199E-7,1,5.99552012441875,40.0298881530762,1.99440443914442,18.2199999690056,0.0165173747691538,0.00300050168947931,0.25,6.65604230174655E-6,0.00144599648746367,8.57301582617328E-6,169.010848999023,169.010848999023,39999.796875,39999.8125,55.8035865019674,20.2907654679166,40.3119773864746,0,0,0,240,164.963348388672,6,4,1,2.20703125,43.0107536315918,,,,,,,,,,,,,,,,
,25522.7645,164.097244262695,39999.75,0.00148589589306855,4.59157933813379E-7,1,5.99552012441875,40.0298881530762,1.99429771757882,18.2199999690056,0.0169824561312785,0.00301216082390123,0.25,5.87470350877004E-7,0.00148570226037047,2.6360580341517E-6,164.195510864258,164.195510864258,39999.72265625,39999.77734375,55.4158987564289,20.2918844853425,40.0972023010254,0,0,0,240,160.225448608398,6,4,1,2.20504760742187,40.5669593811035,,,,,,,,,,,,,,,,
,25666.6485,159.294013977051,39999.767578125,0.00156776391557531,1.00073427500664E-6,1,5.99552012441875,40.0298881530762,1.99401155928028,18.2199999690056,0.0177582824824324,0.00406579717842162,0.25,7.82457178639047E-5,0.00156743069533688,8.04859867959683E-5,159.386657714844,159.386657714844,39999.72265625,39999.8125,55.6542954547943,20.3186687133336,39.897087097168,0,0,0,240,155.484237670898,6,4,1,2.20794677734375,43.0107536315918,,,,,,,,,,,,,,,,
,25810.5510,154.490425109863,39999.767578125,0.00161279610032163,1.0521399468471E-6,1,5.99552012441875,40.0298881530762,1.99401203505356,18.2199999690056,0.0182682445298242,0.00418162046173425,0.25,8.0313553096375E-5,0.0016124281064931,8.27180499405274E-5,154.585998535156,154.585998535156,39999.72265625,39999.8125,55.7598153048905,20.3188042776654,39.6950569152832,0,0,0,240,150.71630859375,6,4,1,2.20748901367187,43.0107536315918,,,,,,,,,,,,,,,,
,25966.4240,149.301559448242,39999.701171875,0.00168468419570678,9.7505971891955E-7,1,5.99552012441875,40.0298881530762,1.9941602638284,18.2199999690056,0.0190945447484442,0.00430588321711043,0.25,7.83120654845685E-5,0.00168427572860033,8.09486079982856E-5,149.403106689453,149.403106689453,39999.6640625,39999.73828125,55.6582035973905,20.319939166222,39.4308929443359,0,0,0,240,145.569671630859,6,4,1,2.2174072265625,45.9433059692383,,,,,,,,,,,,,,,,
,26110.2965,144.484565734863,39999.814453125,0.00173829347440224,8.50412356110999E-7,1,5.99552012441875,40.0298881530762,1.99419362676963,18.2199999690056,0.0197012008403611,0.00444779794842253,0.25,8.11012978269419E-5,0.00173783575176058,8.39528361210463E-5,144.588272094727,144.588272094727,39999.77734375,39999.8515625,55.6120875147559,20.3197759519355,39.175968170166,0,0,0,240,140.812957763672,6,4,1,2.21664428710938,43.0107536315918,,,,,,,,,,,,,,,,
,26254.2085,139.691528320312,39999.83203125,0.00179566784282028,7.89186699229103E-7,1,5.99552012441875,40.0298881530762,1.99431087377916,18.2199999690056,0.0203608656714428,0.00454541305685035,0.25,7.93101560982026E-5,0.00179516036093426,8.24055506234419E-5,139.78547668457,139.78547668457,39999.83203125,39999.83203125,55.4799922950059,20.3190198091461,38.8630447387695,0,0,0,240,136.090484619141,6,4,1,2.22030639648438,43.9882698059082,,,,,,,,,,,,,,,,
,26410.0750,134.491661071777,39999.796875,0.00185873779050547,8.0769259045614E-7,1,5.99552012441875,40.0298881530762,1.99425692053147,18.2199999690056,0.0210810364437558,0.00466992233734519,0.25,7.8854716863513E-5,0.00185816331374243,8.22456848479303E-5,134.593353271484,134.593353271484,39999.796875,39999.796875,55.5565918898905,20.3238084961684,38.451343536377,0,0,0,240,130.943603515625,6,4,1,2.22091674804687,42.0332374572754,,,,,,,,,,,,,,,,
,26575.8675,128.958206176758,39999.767578125,0.00192548485763859,8.57355509936303E-7,1,5.99552012441875,40.0298881530762,1.99419930019622,18.2199999690056,0.0218316429344902,0.00486547850611253,0.25,8.39172738895416E-5,0.00192481338651658,8.76607526366674E-5,129.162155151367,129.162155151367,39999.73828125,39999.796875,55.5503388617366,20.3218631661428,37.997257232666,0,0,0,240,125.345108032227,6,4,1,2.21649169921875,43.0107536315918,,,,,,,,,,,,,,,,
,26721.8335,124.080085754395,39999.83203125,0.00199213215615208,8.63022041262101E-7,1,5.99552012441875,40.0298881530762,1.99427178009875,18.2199999690056,0.0225861328968024,0.00503984713591445,0.25,8.71039867512445E-5,0.00199135802872482,9.12148941862454E-5,124.175666809082,124.175666809082,39999.83203125,39999.83203125,55.5159472068905,20.3224761712063,37.6075401306152,0,0,0,240,120.654174804687,6,4,1,2.21099853515625,42.5219955444336,,,,,,,,,,,,,,,,
,26865.7215,119.272861480713,39999.83203125,0.00205940277558983,8.75964674259385E-7,1,5.99552012441875,40.0298881530762,1.9944137637498,18.2199999690056,0.0233507914758117,0.00520186731803086,0.25,8.90441889427694E-5,0.0020585089779736,9.35666076945164E-5,119.375518798828,119.375518798828,39999.77734375,39999.88671875,55.4862453231597,20.3224555220943,37.2130432128906,0,0,0,240,115.918350219727,6,4,1,2.2174072265625,43.9882698059082,,,,,,,,,,,,,,,,
,27021.6050,114.06298828125,39999.767578125,0.00214394179663621,7.92662190175767E-7,1,5.99552012441875,40.0298881530762,1.99427492939912,18.2199999690056,0.0243007503730181,0.00544575061803683,0.25,9.5061184994738E-5,0.00214287509220652,0.00010011661468568,114.162368774414,114.162368774414,39999.7578125,39999.77734375,55.2892749363135,20.3261716428776,36.7382431030273,0,0,0,240,110.810028076172,6,4,1,2.21969604492187,42.5219955444336,,,,,,,,,,,,,,,,
,27165.5095,109.258895874023,39999.841796875,0.00222319164842409,1.4299872452034E-6,1,5.99552012441875,40.0298881530762,1.99438746818943,18.2199999690056,0.0252235272614021,0.00550727279111556,0.25,8.5961338013923E-5,0.002221964588808,9.15881749608093E-5,109.354248046875,109.354248046875,39999.8125,39999.87109375,55.5776958599097,20.3266868600067,36.2736434936523,0,0,0,240,106.093147277832,6,4,1,2.2186279296875,43.9882698059082,,,,,,,,,,,,,,,,
,27309.3910,104.453956604004,39999.83203125,0.00229694633914996,7.02097906604967E-7,1,5.99552012441875,40.0298881530762,1.99423982000507,18.2199999690056,0.0260418481729357,0.00577034409147858,0.25,9.54712440827819E-5,0.00229546910332957,0.0001017271302606,104.562812805176,104.562812805176,39999.83203125,39999.83203125,55.4713943812943,20.328062882268,35.7727165222168,0,0,0,240,101.380760192871,6,4,1,2.22000122070313,43.49951171875,,,,,,,,,,,,,,,,
,27453.2665,99.6461181640625,39999.787109375,0.00238155649950606,1.53058315749737E-6,1,5.99552012441875,40.0298881530762,1.99430544242563,18.2199999690056,0.0269991338406021,0.00598271240168774,0.25,9.84710764674703E-5,0.00237977905716753,0.000105484772215496,99.7406005859375,99.7406005859375,39999.77734375,39999.796875,55.6488240551597,20.3255309921836,35.2077369689941,0,0,0,240,96.6770095825195,6,4,1,2.20901489257813,43.49951171875,,,,,,,,,,,,,,,,
,27597.1445,94.828929901123,39999.7578125,0.00247372200726131,6.24769883846068E-7,1,5.99552012441875,40.0298881530762,1.9944843145636,18.2199999690056,0.0280351158874086,0.00625662287491067,0.25,0.000105375760845062,0.00247154400751004,0.000113285318325299,94.9247741699219,94.9247741699219,39999.7578125,39999.7578125,55.5370511769097,20.3236385744802,34.6261901855469,0,0,0,240,91.9574737548828,6,4,1,2.21664428710938,42.0332374572754,,,,,,,,,,,,,,,,
,27741.0580,90.0236473083496,39999.7578125,0.00257286639553058,8.15287637531771E-7,1,5.99552012441875,40.0298881530762,1.99442962923747,18.2199999690056,0.0291519314620934,0.00651327067867081,0.25,0.000109458922478134,0.00257017822897013,0.000118429640631106,90.1204605102539,90.1204605102539,39999.73828125,39999.77734375,55.7340215637559,20.326811555554,33.9825019836426,0,0,0,240,87.2630233764648,6,4,1,2.21969604492187,43.49951171875,,,,,,,,,,,,,,,,
,27884.9345,85.1992301940918,39999.77734375,0.0026746176921028,7.45715536971415E-7,1,5.99552012441875,40.0298881530762,1.99445980693603,18.2199999690056,0.0302971634462938,0.00677916892145176,0.25,0.000113716858770776,0.00267125855886919,0.000123930844602268,85.3018493652344,85.3018493652344,39999.72265625,39999.83203125,55.5081309216982,20.3263224161446,33.2881507873535,0,0,0,240,82.5774459838867,6,4,1,2.21847534179687,45.4545478820801,,,,,,,,,,,,,,,,
,28028.8290,80.3659324645996,39999.8125,0.00278355286379094,7.67505435596777E-7,1,5.99552012441875,40.0298881530762,1.99461694259437,18.2199999690056,0.0315283969697048,0.0070345929226115,0.25,0.000115566399574786,0.00277930846266578,0.000127254909115796,80.4594345092773,80.4594345092773,39999.8125,39999.8125,55.2376874540443,20.32540627567,32.5322952270508,0,0,0,240,77.9082870483398,6,4,1,2.21725463867187,43.0107536315918,,,,,,,,,,,,,,,,
,28184.7290,75.1340522766113,39999.822265625,0.00290869351790634,7.82411452324306E-7,1,5.99552012441875,40.0298881530762,1.99449524799622,18.2199999690056,0.0329258607410271,0.00737721329674665,0.25,0.000121956123914566,0.00290312508590348,0.000135517581967785,75.2403259277344,75.2403259277344,39999.7578125,39999.88671875,55.7043196800251,20.3280159248594,31.6037311553955,0,0,0,240,72.8431777954102,6,4,1,2.2174072265625,43.49951171875,,,,,,,,,,,,,,,,
,28328.5910,70.3134956359863,39999.82421875,0.00303064951692956,8.57111139800798E-7,1,5.99552012441875,40.0298881530762,1.99458711916581,18.2199999690056,0.0342864225410438,0.00771341391639519,0.25,0.000128216469310753,0.00302342311039034,0.000143771553295552,70.4152679443359,70.4152679443359,39999.796875,39999.8515625,55.311160534852,20.3306937150159,30.6879119873047,0,0,0,240,68.1774749755859,6,4,1,2.21954345703125,42.5219955444336,,,,,,,,,,,,,,,,
,28472.4830,65.4840850830078,39999.8046875,0.00315947060302158,1.12687290290587E-6,1,5.99552012441875,40.0298881530762,1.99436113213482,18.2199999690056,0.0357156489673658,0.00805150323151055,0.25,0.000133398692862032,0.00315003869445058,0.00015118537238934,65.5927429199219,65.5927429199219,39999.7578125,39999.8515625,55.8074946445636,20.3268922680174,29.5511779785156,0,0,0,240,63.5243721008301,6,4,1,2.2210693359375,43.9882698059082,,,,,,,,,,,,,,,,
,28616.3690,60.6410331726074,39999.7578125,0.00329130190315224,8.92327287519882E-7,1,5.99552012441875,40.0298881530762,1.99458748068156,18.2199999690056,0.0371901690713047,0.00833656949140132,0.25,0.000133230192447994,0.00327903061676839,0.000153394236318763,60.7344589233398,60.7344589233398,39999.7578125,39999.7578125,55.639444512929,20.3257635839277,27.9741554260254,0,0,0,240,58.8741111755371,6,4,1,2.21817016601562,42.5219955444336,,,,,,,,,,,,,,,,
,28760.2480,55.7511920928955,39999.880859375,0.00343856289510302,8.82467371572567E-7,1,5.99552012441875,40.0298881530762,1.99461716753556,18.2199999690056,0.0388082062061885,0.00876251619154965,0.25,0.000142869889227163,0.00342258538243484,0.000165430932887218,55.847110748291,55.847110748291,39999.8515625,39999.91015625,55.4846820661213,20.3262419457099,24.1893558502197,0,0,0,240,54.2657356262207,6,4,1,2.21755981445313,42.5219955444336,,,,,,,,,,,,,,,,
,28904.1475,50.7696704864502,39999.8515625,0.00359765794099471,8.09133732295506E-7,1,5.99552012441875,40.0298881530762,1.99456137279798,18.2199999690056,0.0405486158557989,0.00922215544053171,0.25,0.000153744684539442,0.0035771636804594,0.00017851040804312,50.8759956359863,50.8759956359863,39999.8515625,39999.8515625,55.5292348917174,20.3262824108531,19.3710556030273,0,0,0,240,49.6923599243164,6,4,1,2.20947265625,42.5219955444336,,,,,,,,,,,,,,,,
,29048.0350,45.852352142334,39999.794921875,0.00375068239235897,8.5392974998838E-7,1,5.99552012441875,40.0298881530762,1.994646584479,18.2199999690056,0.0422265027813886,0.00962526153174308,0.25,0.00016126762364991,0.00372535483521274,0.00018771312239802,45.9509353637695,45.9509353637695,39999.77734375,39999.8125,55.0758903505635,20.3292227483383,16.7001914978027,0,0,0,240,45.0411224365234,6,4,1,2.22137451171875,42.0332374572754,,,,,,,,,,,,,,,,
,29191.9270,40.9945831298828,39999.78515625,0.00389468129731237,9.06558010797733E-7,1,5.99552012441875,40.0298881530762,1.99472357876772,18.2199999690056,0.0438005260194279,0.0100200880851363,0.25,0.000170240905979072,0.00386461550961559,0.00019776010057885,41.0930862426758,41.0930862426758,39999.73828125,39999.83203125,55.5456490906213,20.328332182261,15.1820220947266,0,0,0,240,40.3071937561035,6,4,1,2.216796875,43.9882698059082,,,,,,,,,,,,,,,,
,29335.8140,36.1378326416016,39999.82421875,0.00402097963223696,9.17591644784093E-7,1,5.99552012441875,40.0298881530762,1.99473958986835,18.2199999690056,0.045195287050335,0.0102805791017907,0.25,0.00017095251362791,0.00398677568242409,0.000199086572142442,36.2428817749023,36.2428817749023,39999.796875,39999.8515625,55.4565434394289,20.3270207068964,14.0339698791504,0,0,0,240,35.5913543701172,6,4,1,2.2186279296875,43.0107536315918,,,,,,,,,,,,,,,,
,29479.7025,31.2943706512451,39999.880859375,0.00412062602710673,9.49590915156959E-7,1,5.99552012441875,40.0298881530762,1.99461859867511,18.2199999690056,0.0462783916846554,0.0105659035248159,0.25,0.00017884382853748,0.00408313319072558,0.000207173553939038,31.4020690917969,31.4020690917969,39999.8515625,39999.91015625,55.7770111323136,20.3299113261345,13.1483745574951,0,0,0,240,30.844409942627,6,4,1,2.21664428710938,41.5444793701172,,,,,,,,,,,,,,,,
,29623.6100,26.457480430603,39999.787109375,0.00417122527906288,1.05938549903555E-6,1,5.99552012441875,40.0298881530762,1.99447061798892,18.2199999690056,0.0468060024591216,0.0107967768189134,0.25,0.00019074971287486,0.00413161857418958,0.000218917255789961,26.5624084472656,26.5624084472656,39999.77734375,39999.796875,55.3103789063328,20.3282451824349,12.4504384994507,0,0,0,240,26.1129894256592,6,4,1,2.21099853515625,41.5444793701172,,,,,,,,,,,,,,,,
,29767.4725,21.6240825653076,39999.8046875,0.00416220203599296,9.55272581552291E-7,1,5.99552012441875,40.0298881530762,1.99444302015064,18.2199999690056,0.0466884847586899,0.0108050062289406,0.25,0.000193552126172634,0.0041218254009504,0.000221368386380127,21.7199840545654,21.7199840545654,39999.72265625,39999.88671875,55.412772242352,20.3298116547369,11.9540557861328,0,0,0,240,21.3430213928223,6,4,1,2.21817016601562,42.0332374572754,,,,,,,,,,,,,,,,
,29911.3675,16.8055534362793,39999.841796875,0.00411584172034659,8.99031804719173E-7,1,5.99552012441875,40.0298881530762,1.99457784651086,18.2199999690056,0.046171188254788,0.0106729112241687,0.25,0.000190405916353253,0.00407571141795409,0.000217851599361836,16.904655456543,16.904655456543,39999.8125,39999.87109375,55.534706291352,20.3259628698216,2.15763664245605,0,0,0,240,16.5879077911377,6,4,1,2.21893310546875,42.0332374572754,,,,,,,,,,,,,,,,
,30055.2685,11.9867911338806,39999.83203125,0.00417394355262972,1.04288712358099E-6,1,5.99552012441875,40.0298881530762,1.99446558560345,18.2199999690056,0.0468061962202369,0.0109010500231395,0.25,0.00019999291024785,0.00413319772887132,0.000227761032217128,12.0815572738647,12.0815572738647,39999.8125,39999.8515625,55.5808223739866,20.3289195866578,10.4620428085327,0,0,0,240,11.8250293731689,6,4,1,2.220458984375,41.5444793701172,,,,,,,,,,,,,,,,
,30199.1455,7.19293832778931,39999.83203125,0.00425239250666107,1.02539804602846E-6,1,5.99552012441875,40.0298881530762,1.994448223079,18.2199999690056,0.0476914064711582,0.0110736775720795,0.25,0.000200908537685107,0.00421090106694267,0.000229225347006433,7.28098106384277,7.28098106384277,39999.83203125,39999.83203125,55.4885902087174,20.3282534467447,7.94530820846558,0,0,0,240,7.06009769439697,6,4,1,2.22564697265625,42.5219955444336,,,,,,,,,,,,,,,,
,30343.0370,2.39022183418274,39999.822265625,0.00429837567814536,1.08935455399621E-6,1,5.99552012441875,40.0298881530762,1.99437492267649,18.2199999690056,0.0482029099306765,0.011206858086075,0.25,0.000204303151926263,0.00425642688517747,0.000232914649075251,2.49947237968445,2.49947237968445,39999.8125,39999.83203125,55.4784290379674,20.3312541584646,3.49548196792603,0,0,0,240,2.2078869342804,6,4,1,2.22244262695313,43.49951171875,,,,,,,,,,,,,,,,
,31925.8080,3.4111340045929,100000.609375,0.0101561519722453,1.37982410040688E-6,1,5.99552012441875,40.0298881530762,2.00702193723493,18.2199999690056,0.115094864923563,0.0270138492097072,2.5,0.000507889888819465,0.0101077148361394,0.000574407215497797,3.30946969985962,3.30946969985962,100000.578125,100000.640625,55.3486787037751,20.3100119148551,3.24197125434876,0,0,0,240,3.5374071598053,2,4,1,2.23129272460938,37.6344108581543,,,,,,,,,,,,,,,,
,32069.7050,8.16927528381348,100000.28515625,0.0100870081182002,1.44312069942159E-6,1,5.99552012441875,40.0298881530762,2.0067496426259,18.2199999690056,0.114291204935304,0.0268561583819115,2.5,0.000507026145252961,0.0100388829926759,0.000573079195324182,8.06959819793701,8.06959819793701,100000.203125,100000.3671875,55.2228365121789,20.3134028830442,6.67146110534668,0,0,0,240,8.37225818634033,2,4,1,2.23403930664062,41.5444793701172,,,,,,,,,,,,,,,,
,32213.5910,12.9558730125427,100000.76171875,0.00997846849473225,1.5872584075528E-6,1,5.99552012441875,40.0298881530762,2.0068794362204,18.2199999690056,0.113068239772556,0.0265691990149271,2.5,0.000501605129218797,0.00993086125134404,0.000566947168121468,12.8640737533569,12.8640737533569,100000.75,100000.7734375,54.9985091271597,20.3160014121489,8.51721382141113,0,0,0,240,13.1624145507813,2,4,1,2.2210693359375,42.0332374572754,,,,,,,,,,,,,,,,
,32357.4840,17.7645015716553,100000.4375,0.00993040105494556,1.7405008218414E-6,1,5.99552012441875,40.0298881530762,2.006778326638,18.2199999690056,0.112515559330374,0.0264543155739492,2.5,0.000500444278596174,0.00988301178851044,0.000565467073563564,17.6715087890625,17.6715087890625,100000.21875,100000.65625,55.4151171279097,20.316781655699,9.9833984375,0,0,0,240,17.9786376953125,2,4,1,2.20855712890625,42.5219955444336,,,,,,,,,,,,,,,,
,32501.3665,22.5639972686768,100000.453125,0.010084017626809,1.95939036759543E-6,1,5.99552012441875,40.0298881530762,2.00672984102584,18.2199999690056,0.114240359127476,0.0269462798661879,2.5,0.000515510452392367,0.0100360219905966,0.000581439868768433,22.4362506866455,22.4362506866455,100000.40625,100000.5,54.9797500426981,20.3154540843299,11.1788969039917,0,0,0,240,22.8931446075439,2,4,1,2.21847534179687,41.5444793701172,,,,,,,,,,,,,,,,
,32645.2575,27.2599935531616,100000.80078125,0.0100374235219618,1.66881094533249E-6,1,5.99552012441875,40.0298881530762,2.00668176768168,18.2199999690056,0.113727776007209,0.0267584256467305,2.5,0.000507756104545173,0.00999022649748919,0.00057319633558674,27.1603889465332,27.1603889465332,100000.7734375,100000.828125,54.8054468829097,20.3138934465385,0.76893138885498,0,0,0,240,27.6223831176758,2,4,1,2.23617553710938,41.5444793701172,,,,,,,,,,,,,,,,
,32789.1250,32.0144786834717,100000.72265625,0.00986522669550108,1.53848722111595E-6,1,5.99552012441875,40.0298881530762,2.00688662607544,18.2199999690056,0.111845717637887,0.0260533123992686,2.5,0.000477555390744888,0.00982006793875924,0.00054153149158239,31.9064483642578,31.9064483642578,100000.6953125,100000.75,54.9242544178327,20.3154971789159,2.13851714134216,0,0,0,240,32.4797134399414,2,4,1,2.22930908203125,43.49951171875,,,,,,,,,,,,,,,,
,32933.0265,36.7559585571289,100000.38671875,0.00960122062191074,1.37576356530192E-6,1,5.99552012441875,40.0298881530762,2.0069754507265,18.2300005108118,0.108922840912218,0.0251127441884617,2.5,0.000443864155975926,0.00955919328819073,0.000505451288437444,36.6557083129883,36.6557083129883,100000.3671875,100000.40625,54.9664623578712,20.3134461161322,3.30511879920959,0,0,0,240,37.3205032348633,2,4,1,2.22503662109375,43.49951171875,,,,,,,,,,,,,,,,
,33076.9165,41.5065288543701,100000.3671875,0.00928184843956975,1.4614399527063E-6,1,5.99552012441875,40.0298881530762,1.99452894235235,18.2199999690056,0.104707235840264,0.0241590520954465,2.5,0.000431979141356652,0.00924375333274208,0.000490305173828708,41.4112777709961,41.4112777709961,100000.3671875,100000.3671875,55.3197584485635,20.314191556611,4.33724737167358,0,0,0,240,42.1866836547852,2,4,1,2.22946166992187,43.9882698059082,,,,,,,,,,,,,,,,
,33220.8050,46.23166847229,100000.5703125,0.00892716488651766,1.35497663309192E-6,1,5.99552012441875,40.0298881530762,1.99459652878617,18.2199999690056,0.100741661473067,0.0232647291478913,2.5,0.000419076065669006,0.00889368715518162,0.00047347291330933,46.1388664245605,46.1388664245605,100000.4609375,100000.6796875,54.8828281063135,20.3141885296105,13.4041366577148,0,0,0,240,47.0659980773926,2,4,1,2.21694946289062,43.9882698059082,,,,,,,,,,,,,,,,
,33364.6875,50.9083347320557,100000.4921875,0.00861586799174718,1.20431521903744E-6,1,5.99552012441875,40.0298881530762,1.99453115964113,18.2199999690056,0.0972638064343776,0.0224719826734784,2.5,0.000407688443511323,0.00858707625036995,0.000458024897217819,50.8106155395508,50.8106155395508,100000.4453125,100000.5390625,55.0110151834674,20.3112266614663,13.7362480163574,0,0,0,240,52.0175704956055,2,4,1,2.20947265625,43.9882698059082,,,,,,,,,,,,,,,,
,33508.5950,55.5539703369141,100000.5859375,0.00824541699458269,1.25388259978358E-6,1,5.99552012441875,40.0298881530762,1.9946083189045,18.2199999690056,0.0931487954180455,0.0213858051259278,2.5,0.000381446797837719,0.00822145821157374,0.000427139889082069,55.4598731994629,55.4598731994629,100000.578125,100000.59375,54.7804347702943,20.3137126175996,14.2385568618774,0,0,0,240,57.0194206237793,6,4,1,2.2174072265625,42.0332374572754,,,,,,,,,,,,,,,,
,33652.4880,60.2063884735107,100000.76953125,0.00791289852075655,1.11405334507365E-6,1,5.99552012441875,40.0298881530762,1.99448142678212,18.2199999690056,0.0894075371430493,0.020623042614226,2.5,0.000377062767085053,0.00789315682982203,0.00041816975092729,60.1109046936035,60.1109046936035,100000.6953125,100000.84375,54.9242544178327,20.3123488543878,14.947735786438,0,0,0,240,62.0301094055176,6,4,1,2.216796875,42.5219955444336,,,,,,,,,,,,,,,,
,33796.3505,64.9048385620117,100000.19140625,0.00758774867897062,1.17856536989332E-6,1,5.99552012441875,40.0298881530762,1.99431446164849,18.2199999690056,0.0857639073400885,0.019759173273947,2.5,0.000362530086676777,0.00757173798905767,0.000399172787313679,64.8080139160156,64.8080139160156,100000.1640625,100000.21875,54.8148264251404,20.3121761289701,15.4321594238281,0,0,0,240,67.0350799560547,6,4,1,2.2174072265625,41.5444793701172,,,,,,,,,,,,,,,,
,33940.2565,69.7053489685059,100000.43359375,0.00722232395225259,1.28457931946739E-6,1,5.99552012441875,40.0298881530762,1.99435225884316,18.2199999690056,0.0816798147591795,0.0187199084137121,2.5,0.000339618977407686,0.00720957645802157,0.000371813773225667,69.606575012207,69.606575012207,100000.3515625,100000.515625,55.0258661253327,20.3121302447242,15.671501159668,0,0,0,240,71.9137954711914,6,4,1,2.20977783203125,42.5219955444336,,,,,,,,,,,,,,,,
,34084.1490,74.5097885131836,100000.37109375,0.00690182199524565,1.46858541662803E-6,1,5.99552012441875,40.0298881530762,1.9943693122041,18.2199999690056,0.0780657777686257,0.0179625799023679,2.5,0.000333087508483429,0.00689157987205815,0.000361380558663605,74.4148864746094,74.4148864746094,100000.3359375,100000.40625,55.0532231235058,20.3150913214177,16.1800956726074,0,0,0,240,76.7749633789063,6,4,1,2.2125244140625,43.9882698059082,,,,,,,,,,,,,,,,
,34228.0350,79.2815780639648,100000.33984375,0.00661434001041742,1.62617502078356E-6,1,5.99552012441875,40.0298881530762,1.99421600162201,18.2199999690056,0.074825984824943,0.017217698069489,2.5,0.000321516674629647,0.00660606318794685,0.000346457384280981,79.1791000366211,79.1791000366211,100000.21875,100000.4609375,54.901587190775,20.313383934302,17.0534420013428,0,0,0,240,81.7079772949219,6,4,1,2.218017578125,42.5219955444336,,,,,,,,,,,,,,,,
,34371.9225,84.0354995727539,100000.2578125,0.00634879487040532,1.93270957533266E-6,1,5.99552012441875,40.0298881530762,1.99427409453019,18.2199999690056,0.0718487202696499,0.0164675252995083,2.5,0.000305084891225987,0.00634206877914601,0.000327139295805129,83.9417266845703,83.9417266845703,100000.21875,100000.296875,55.0102335549481,20.3167085018589,18.6170330047607,0,0,0,240,86.6446228027344,6,4,1,2.21908569335938,43.0107536315918,,,,,,,,,,,,,,,,
,34515.7975,88.7835006713867,100000.203125,0.00609826625396994,1.92589059188935E-6,1,5.99552012441875,40.0298881530762,1.99433400810828,18.2199999690056,0.0690160659171808,0.0158764143637053,2.5,0.000299614244096719,0.00609272357934019,0.000319164948227572,88.6818008422852,88.6818008422852,100000.1640625,100000.2421875,54.5795562408519,20.3150249248926,20.9256134033203,0,0,0,240,91.6059112548828,6,4,1,2.21343994140625,43.9882698059082,,,,,,,,,,,,,,,,
,34659.6900,93.5135498046875,100000.21875,0.00587969630692205,1.70593418907165E-6,1,5.99552012441875,40.0298881530762,1.9940954026594,18.2199999690056,0.066566283081428,0.0151782816139741,2.5,0.00027898922680062,0.00587511814203846,0.000296449419773042,93.409538269043,93.409538269043,100000.125,100000.3125,54.6327069801596,20.3167704405286,24.1993846893311,0,0,0,240,96.5970840454102,6,4,1,2.21435546875,43.0107536315918,,,,,,,,,,,,,,,,
,34803.5975,98.2802810668945,100000.296875,0.00566376779422286,2.04322760989692E-6,1,5.99552012441875,40.0298881530762,1.99413708507258,18.2199999690056,0.064111570330274,0.014723165572734,2.5,0.0002787822446484,0.0056599122137944,0.00029438845714956,98.1826400756836,98.1826400756836,100000.2578125,100000.3359375,54.7296289165443,20.3137704058192,26.0768737792969,0,0,0,240,101.533729553223,6,4,1,2.2186279296875,43.49951171875,,,,,,,,,,,,,,,,
,34947.4690,103.056903839111,100000.3984375,0.00545351463222341,2.72484248982356E-6,1,5.99552012441875,40.0298881530762,1.99388627083039,18.2199999690056,0.0617232837652209,0.0142107763438021,2.5,0.000272528314245769,0.00545025548506878,0.000286517691270984,102.964736938477,102.964736938477,100000.3671875,100000.4296875,54.6467762935058,20.3150321454102,27.5153007507324,0,0,0,240,106.402008056641,6,4,1,2.22076416015625,44.4770278930664,,,,,,,,,,,,,,,,
,35091.3575,107.846561431885,100000.32421875,0.00498999683565944,9.62775311216816E-7,1,5.99552012441875,40.0298881530762,1.99404491001363,18.2199999690056,0.0569808348676784,0.0102218858570446,2.5,6.57391827430442E-6,0.00498795401980206,1.86279975220176E-5,107.748947143555,107.748947143555,100000.2578125,100000.390625,54.7882510554866,20.2851959771648,28.8855724334717,0,0,0,240,111.270935058594,6,4,1,2.20352172851562,43.9882698059082,,,,,,,,,,,,,,,,
,35235.2545,112.647842407227,100000.47265625,0.00482102463223478,6.63112719403539E-7,1,5.99552012441875,40.0298881530762,1.99417597283268,18.2199999690056,0.0550567154962635,0.00988174558343278,2.5,7.5198887322119E-6,0.00481929663749151,1.84247515099423E-5,112.546203613281,112.546203613281,100000.4609375,100000.484375,55.0188314686597,20.2860480062235,30.114330291748,0,0,0,240,116.113510131836,6,4,1,2.20489501953125,44.4770278930664,,,,,,,,,,,,,,,,
,35379.1550,117.452758789062,100000.5078125,0.00466488950204196,5.49320511038544E-7,1,5.99552012441875,40.0298881530762,1.99414547591442,18.2199999690056,0.0532781054220653,0.0095452318427483,2.5,6.45034156382468E-6,0.00466341907636251,1.63631091051055E-5,117.348442077637,117.348442077637,100000.5,100000.515625,54.9594277011981,20.2875203346629,31.0205898284912,0,0,0,240,120.96044921875,6,4,1,2.20565795898438,42.5219955444336,,,,,,,,,,,,,,,,
,35523.0320,122.250011444092,100000.66796875,0.00452465239319592,5.85647750212294E-7,1,5.99552012441875,40.0298881530762,1.99394862308367,18.2199999690056,0.0516727283496348,0.00926181403456239,2.5,7.16677368036337E-6,0.0045233861805036,1.62279315848237E-5,122.141975402832,122.141975402832,100000.65625,100000.6796875,55.0391538101597,20.2891712904253,31.93385887146,0,0,0,240,125.776985168457,6,4,1,2.20794677734375,43.9882698059082,,,,,,,,,,,,,,,,
,35666.9095,127.057350158691,100000.546875,0.00439351664848371,4.86322215595318E-7,1,5.99552012441875,40.0298881530762,1.99404133167894,18.2199999690056,0.0501811013130136,0.00898130199014115,2.5,6.32665282812425E-6,0.00439242110983753,1.46425597985063E-5,126.950233459473,126.950233459473,100000.5390625,100000.5546875,55.0688556938904,20.2904597799128,32.7712898254395,0,0,0,240,130.60595703125,6,4,1,2.20535278320313,42.5219955444336,,,,,,,,,,,,,,,,
,35810.7980,131.867935180664,100000.5,0.00426707220651293,5.36094850264303E-7,1,5.99552012441875,40.0298881530762,1.99399234207171,18.2199999690056,0.0487419629670794,0.00869490655432558,2.5,4.12197602942678E-6,0.00426612122153962,1.17769484004796E-5,131.768371582031,131.768371582031,100000.40625,100000.59375,55.0422803242366,20.2911664828571,33.5363845825195,0,0,0,240,135.417251586914,6,4,1,2.20687866210938,42.0332374572754,,,,,,,,,,,,,,,,
,35954.7000,136.663803100586,100000.4453125,0.00413993418841165,5.03414201361325E-7,1,5.99552012441875,40.0298881530762,1.9939347661706,18.2199999690056,0.0473053329989606,0.00834603705700505,2.5,-3.48818089363173E-6,0.00413911448743673,3.57173348494485E-6,136.565231323242,136.565231323242,100000.3515625,100000.5390625,54.9820949282558,20.2897439638273,34.2747116088867,0,0,0,240,140.265701293945,6,4,1,2.2052001953125,43.49951171875,,,,,,,,,,,,,,,,
,36098.5760,141.461471557617,100000.27734375,0.00402637695453337,4.40086966038101E-7,1,5.99552012441875,40.0298881530762,1.99385018601181,18.2199999690056,0.0460014271697754,0.00814703591874719,2.5,-4.32571258340201E-7,0.00402564975085175,6.10836658791851E-6,141.363159179688,141.363159179688,100000.2421875,100000.3125,54.8765750781596,20.2919518906792,35.0254669189453,0,0,0,240,145.075805664062,6,4,1,2.20733642578125,43.49951171875,,,,,,,,,,,,,,,,
,36242.4595,146.270195007324,100000.38671875,0.00391236659162456,5.1050624670272E-7,1,5.99552012441875,40.0298881530762,1.99374111862423,18.2199999690056,0.044688012725391,0.00796825693173712,2.5,4.43575482109174E-6,0.00391171562860956,1.05033756587189E-5,146.174102783203,146.174102783203,100000.3671875,100000.40625,54.9594277011981,20.2921283030202,35.727783203125,0,0,0,240,149.894439697266,6,4,1,2.20703125,43.49951171875,,,,,,,,,,,,,,,,
,36386.3825,151.075218200684,100000.33203125,0.00381001828173459,6.05446282494033E-7,1,5.99552012441875,40.0298881530762,1.99375128841692,18.2199999690056,0.043505743528941,0.00783925174099898,2.5,1.15155721481462E-5,0.00380942742262879,1.71686743636539E-5,150.978607177734,150.978607177734,100000.3125,100000.3515625,54.9672439863904,20.2875642770474,36.4052467346191,0,0,0,240,155.138946533203,6,4,1,2.20855712890625,43.9882698059082,,,,,,,,,,,,,,,,
,36536.2485,156.086669921875,100000.484375,0.00370773572447459,4.73308251112859E-7,1,5.99552012441875,40.0298881530762,1.99380390204182,18.2199999690056,0.0423537497717364,0.0075825472450351,0.25,7.27609985633754E-6,0.00370721432597593,1.25421671664382E-5,155.991394042969,155.991394042969,100000.390625,100000.578125,55.0649475512943,20.2961381239297,37.0680541992188,0,0,0,240,159.730880737305,6,4,1,2.2064208984375,43.9882698059082,,,,,,,,,,,,,,,,
,36692.1430,161.282745361328,100000.515625,0.0036162199264554,5.35079491443177E-7,1,5.99552012441875,40.0298881530762,1.9934015944417,18.2199999690056,0.0413192576045536,0.00729055933094177,0.25,-1.74514494014292E-6,0.00361576556228182,3.17444986688764E-6,161.18440246582,161.18440246582,100000.515625,100000.515625,54.8757934496404,20.304678216391,37.7098274230957,0,0,0,240,164.921295166016,6,4,1,2.2100830078125,43.9882698059082,,,,,,,,,,,,,,,,
,36836.0150,166.092430114746,100000.57421875,0.00352044406597846,4.22095513711012E-7,1,5.99552012441875,40.0298881530762,1.99328072746871,18.2199999690056,0.0402099747738611,0.00717063855480283,0.25,4.91549283327445E-6,0.00352002602584349,9.52412886974541E-6,165.990356445313,165.990356445313,100000.5546875,100000.59375,54.8734485640827,20.2980226576804,38.3063545227051,0,0,0,240,169.70329284668,6,4,1,2.19833374023438,43.0107536315918,,,,,,,,,,,,,,,,
,36991.9005,171.306625366211,100000.6796875,0.00343021390611741,4.35644238145488E-7,1,5.99552012441875,40.0298881530762,1.99321992290881,18.2199999690056,0.039172989246864,0.00701844468378026,0.25,7.7417875207217E-6,0.00342983394577108,1.20572430134263E-5,171.2041015625,171.2041015625,100000.625,100000.734375,54.9570828156404,20.2972186619287,38.9025611877441,0,0,0,240,174.904205322266,6,4,1,2.20489501953125,44.4770278930664,,,,,,,,,,,,,,,,
,37135.7945,176.109588623047,100000.22265625,0.00335910649226429,6.10875548201998E-7,1,5.99552012441875,40.0298881530762,1.99330149981271,18.2199999690056,0.0383806936687793,0.00677157293552602,0.25,-1.17444697432566E-6,0.00335877007124806,2.90700636335009E-6,176.016616821289,176.016616821289,100000.203125,100000.2421875,55.3080340207751,20.2904494366754,39.4353523254395,0,0,0,240,179.700759887695,6,4,1,2.2039794921875,42.0332374572754,,,,,,,,,,,,,,,,
,37279.6665,180.920516967773,100000.13671875,0.00328135294945928,4.29879452432715E-7,1,5.99552012441875,40.0298881530762,1.99309961438127,18.2199999690056,0.0374956798701012,0.00657611695256355,0.25,-4.35205237479435E-6,0.00328104969204014,-4.96950329954865E-7,180.823959350586,180.823959350586,100000.125,100000.1484375,55.1063738628135,20.2966599564054,40.0082969665527,0,0,0,240,184.520034790039,6,4,1,2.20535278320313,43.0107536315918,,,,,,,,,,,,,,,,
,37423.5535,185.709045410156,99999.96875,0.0032070972262168,3.68869160410609E-7,1,5.99552012441875,40.0298881530762,1.99300777564618,18.2199999690056,0.0366210779780691,0.0065668555743241,0.25,8.10343926074018E-6,0.00320680558365875,1.17504582099638E-5,185.612060546875,185.612060546875,99999.9609375,99999.9765625,54.9648991008327,20.2992624581274,40.5181465148926,0,0,0,240,189.32209777832,6,4,1,2.20932006835938,43.49951171875,,,,,,,,,,,,,,,,
,37567.4560,190.506507873535,99999.9140625,0.00313344735622046,3.90881921474049E-7,1,5.99552012441875,40.0298881530762,1.99276494249864,18.2199999690056,0.0357833166906275,0.00637479630349548,0.25,4.4770249778702E-6,0.00313318326182783,7.93117665414969E-6,190.414474487305,190.414474487305,99999.828125,100000,54.8476548229481,20.302300054577,41.0566787719727,0,0,0,240,194.14453125,6,4,1,2.20962524414062,43.9882698059082,,,,,,,,,,,,,,,,
,37711.3430,195.301422119141,99999.90234375,0.00306640385968389,4.42549162678948E-7,1,5.99552012441875,40.0298881530762,1.99301715120872,18.2199999690056,0.0350320106999645,0.00618285316175986,0.25,-4.48906731692394E-7,0.00306616561901611,2.83151896322274E-6,195.197204589844,195.197204589844,99999.8828125,99999.921875,54.8703220500058,20.2991317005579,41.562385559082,0,0,0,240,198.968841552734,6,4,1,2.20855712890625,42.5219955444336,,,,,,,,,,,,,,,,
,37855.2330,200.094108581543,100000.07421875,0.00301202357137094,4.4472535480162E-7,1,5.99552012441875,40.0298881530762,1.99274789282808,18.2199999690056,0.0344086600602396,0.00606018892067803,0.25,-1.42236153495946E-6,0.00301180387859374,1.70759659143843E-6,199.990859985352,199.990859985352,100000.0546875,100000.09375,55.0633842942558,20.2998190838286,42.0097808837891,0,0,0,240,203.77995300293,6,4,1,2.20245361328125,43.49951171875,,,,,,,,,,,,,,,,
,37999.1320,204.89527130127,100000,0.00294595804528727,3.32576716130968E-7,1,5.99552012441875,40.0298881530762,1.99283579114121,18.2199999690056,0.0336574605221661,0.00591633908562361,0.25,-2.28620305063631E-6,0.0029457559591379,6.90003340763789E-7,204.787780761719,204.787780761719,100000,100000,55.0516598664674,20.3016816810585,42.4998741149902,0,0,0,240,208.614974975586,6,4,1,2.19970703125,43.49951171875,,,,,,,,,,,,,,,,
,38142.9875,209.69709777832,100000.0703125,0.00288166207176925,3.37237398444076E-7,1,5.99552012441875,40.0298881530762,1.9927634283944,18.2199999690056,0.0329162688794053,0.00581876110463665,0.25,6.19537858630652E-7,0.00288147222385814,3.45201273401967E-6,209.595718383789,209.595718383789,100000.0703125,100000.0703125,54.9688072434289,20.300631428803,42.996021270752,0,0,0,240,213.422332763672,6,4,1,2.198486328125,44.4770278930664,,,,,,,,,,,,,,,,
,38286.9125,214.486305236816,100000.12109375,0.00282563295481008,3.2991097977348E-7,1,5.99552012441875,40.0298881530762,1.99270955753873,18.2199999690056,0.0322556209841117,0.00581839324637187,0.25,1.05633840519054E-5,0.00282544690636805,1.32675070763531E-5,214.377487182617,214.377487182617,100000.09375,100000.1484375,55.0649475512943,20.3023026301389,43.5055541992188,0,0,0,240,218.22575378418,6,4,1,2.20947265625,44.4770278930664,,,,,,,,,,,,,,,,
,38430.7795,219.27970123291,100000.046875,0.00278067431910345,3.98030143160853E-7,1,5.99552012441875,40.0298881530762,1.99259885396714,18.2199999690056,0.0317519288759337,0.00566267401724424,0.25,4.95991898803936E-6,0.00278050530078352,7.55354797279305E-6,219.170303344727,219.170303344727,100000,100000.09375,55.0125784405058,20.3029649477956,43.9156646728516,0,0,0,240,223.048065185547,6,4,1,2.21115112304687,43.49951171875,,,,,,,,,,,,,,,,
,38574.6870,224.061393737793,100000.1875,0.00272337845365515,3.46295737764621E-7,1,5.99552012441875,40.0298881530762,1.99259305533749,18.2199999690056,0.0311082851978694,0.00548592885054843,0.25,-3.379851049537E-7,0.00272322566516025,2.13957519451365E-6,223.970886230469,223.970886230469,100000.1875,100000.1875,55.1368573750635,20.3112850200663,44.3503112792969,0,0,0,240,227.899932861328,6,4,1,2.20123291015625,44.4770278930664,,,,,,,,,,,,,,,,
,38718.5545,228.857398986816,100000.171875,0.0026767262389946,3.70057792647462E-7,1,5.99552012441875,40.0298881530762,1.99252083082572,18.2199999690056,0.0305742010482837,0.00539304778834826,0.25,-1.62393069443241E-7,0.00267658314429154,2.21367496930281E-6,228.75080871582,228.75080871582,100000.125,100000.21875,54.9774051571404,20.3126458808979,44.8008918762207,0,0,0,240,232.725616455078,6,4,1,2.21054077148438,43.9882698059082,,,,,,,,,,,,,,,,
,38862.4590,233.652084350586,100000.0078125,0.00261833627908005,3.86015522969886E-7,1,5.99552012441875,40.0298881530762,1.99234017281532,18.2199999690056,0.0299176762309223,0.00520177825299163,0.25,-6.51170733609908E-6,0.00261820838940922,-4.24219481525203E-6,233.558181762695,233.558181762695,99999.9765625,100000.0390625,54.9688072434289,20.3113795434093,45.267406463623,0,0,0,240,237.533813476562,6,4,1,2.2015380859375,43.0107536315918,,,,,,,,,,,,,,,,
,39006.3375,238.445205688477,99999.94921875,0.00256617221554494,5.49135273663338E-7,1,5.99552012441875,40.0298881530762,1.99250158533759,18.2199999690056,0.0293204307505137,0.00511852380255909,0.25,-4.58159406639709E-6,0.00256605123399344,-2.40891292268691E-6,238.344314575195,238.344314575195,99999.8828125,100000.015625,55.0477517238712,20.3094422395746,45.8148574829102,0,0,0,240,242.345932006836,6,4,1,2.198486328125,44.4770278930664,,,,,,,,,,,,,,,,
,39150.2270,243.248123168945,99999.85546875,0.00252011473711598,5.38153406578732E-7,1,5.99552012441875,40.0298881530762,1.99248716020432,18.2199999690056,0.0287949735580679,0.00502142028446454,0.25,-4.90724738813823E-6,0.00252000170660108,-2.82204993247292E-6,243.142105102539,243.142105102539,99999.828125,99999.8828125,54.9836581852943,20.3129037626366,46.2988967895508,0,0,0,240,247.151443481445,6,4,1,2.20184326171875,43.49951171875,,,,,,,,,,,,,,,,
,39294.1145,248.047157287598,99999.953125,0.00248051840972155,3.92803789495896E-7,1,5.99552012441875,40.0298881530762,1.99242758777812,18.2199999690056,0.0283717918471595,0.00477233400123379,0.25,-1.96733406945262E-5,0.00248042416405481,-1.76659564166991E-5,247.944396972656,247.944396972656,99999.9453125,99999.9609375,55.0039805267943,20.3096778307807,46.739917755127,0,0,0,240,251.979187011719,6,4,1,2.2015380859375,43.49951171875,,,,,,,,,,,,,,,,
,39438.0100,252.829696655273,100000.08984375,0.00243209770414767,4.61442823632552E-7,1,5.99552012441875,40.0298881530762,1.99232091635268,18.2199999690056,0.0277831191262246,0.00486880698208071,0.25,-2.62321543773384E-6,0.00243199643742514,-6.98606945054619E-7,252.732391357422,252.732391357422,99999.9765625,100000.203125,54.8038836258712,20.3119573873367,47.2054748535156,0,0,0,240,256.789764404297,6,4,1,2.20260620117187,43.0107536315918,,,,,,,,,,,,,,,,
,39581.8980,257.627380371094,100000.1953125,0.00238593570519353,5.25709374804563E-7,1,5.99552012441875,40.0298881530762,1.99227781080665,18.2199999690056,0.0272426198023362,0.00484808172204957,0.25,3.75152571641738E-6,0.00238583573498303,5.59883504711242E-6,257.533874511719,257.533874511719,100000.1484375,100000.2421875,54.8750118211212,20.3103562969531,47.5977401733398,0,0,0,240,261.641265869141,6,4,1,2.2027587890625,43.9882698059082,,,,,,,,,,,,,,,,
,39725.7910,262.425170898438,100000.015625,0.00234931248420548,5.60634551289206E-7,1,5.99552012441875,40.0298881530762,1.99215284055789,18.2199999690056,0.0268259249518449,0.00475628136065902,0.25,2.23423468679165E-6,0.00234921921372973,4.01489607177161E-6,262.320709228516,262.320709228516,99999.9609375,100000.0703125,55.016486583102,20.3147301362096,48.0553321838379,0,0,0,240,266.451416015625,6,4,1,2.20260620117187,43.0107536315918,,,,,,,,,,,,,,,,
,39869.6750,267.242172241211,100000.15625,0.00231814310300621,5.74493793947498E-7,1,5.99552012441875,40.0298881530762,1.99213827852127,18.2199999690056,0.0264795178846136,0.00463844609332457,0.25,-2.5490420899577E-6,0.00231805836453586,-8.28393721994666E-7,267.14013671875,267.14013671875,100000.109375,100000.203125,54.9672439863904,20.3193656502574,48.5186576843262,0,0,0,240,271.255096435547,6,4,1,2.21206665039062,44.4770278930664,,,,,,,,,,,,,,,,
,40013.5480,272.023422241211,100000.26953125,0.00227337044094926,5.44410812076397E-7,1,5.99552012441875,40.0298881530762,1.99195357231826,18.2199999690056,0.0259649550007088,0.00455354447814075,0.25,-2.02083622500942E-6,0.0022732903788593,-3.67725788934304E-7,271.920562744141,271.920562744141,100000.1484375,100000.390625,54.9258176748712,20.3253386895395,49.0364761352539,0,0,0,240,276.082977294922,6,4,1,2.21343994140625,43.9882698059082,,,,,,,,,,,,,,,,
,40157.4440,276.828536987305,100000.32421875,0.00224609246701494,5.4968676027155E-7,1,5.99552012441875,40.0298881530762,1.99184424861294,18.2199999690056,0.0256448167793703,0.0045400337804107,0.25,1.65775963953996E-6,0.00224601394367813,3.25810043478174E-6,276.730712890625,276.730712890625,100000.2421875,100000.40625,54.8789199637173,20.318407614845,49.6760177612305,0,0,0,240,280.896118164062,6,4,1,2.2039794921875,43.0107536315918,,,,,,,,,,,,,,,,
,40301.3295,281.64714050293,100000.1484375,0.00220071324857556,4.57325966298288E-7,1,5.99552012441875,40.0298881530762,1.99144776154634,18.2199999690056,0.0251356895066529,0.00436978454211239,0.25,-5.14961903761639E-6,0.00220064404531717,-3.61245245446342E-6,281.547973632813,281.547973632813,100000.0546875,100000.2421875,54.9086218474481,20.3167578071601,50.325122833252,0,0,0,240,285.816802978516,6,4,1,2.20413208007813,43.9882698059082,,,,,,,,,,,,,,,,
,40445.2180,286.542541503906,100000.1484375,0.00216453680254298,4.13306694907847E-7,1,5.99552012441875,40.0298881530762,1.99181290093239,18.2199999690056,0.0247117457280773,0.00438423513344382,0.25,2.45528959824984E-6,0.00216446633058883,3.93702567104997E-6,286.446929931641,286.446929931641,100000.109375,100000.1875,54.657719092775,20.3211073882591,50.9853782653809,0,0,0,240,290.751403808594,6,4,1,2.205810546875,43.0107536315918,,,,,,,,,,,,,,,,
,40589.1025,291.436447143555,100000.1484375,0.00212645136206937,3.7220422084139E-7,1,5.99552012441875,40.0298881530762,1.99142452269934,18.2199999690056,0.0242786298156457,0.00427143369169982,0.25,-6.13853965843819E-7,0.00212638680117813,8.13602708535024E-7,291.343078613281,291.343078613281,100000.1484375,100000.1484375,54.8218610818135,20.3245817187633,51.6969375610352,0,0,0,240,295.675964355469,6,4,1,2.20657348632813,42.5219955444336,,,,,,,,,,,,,,,,
,40732.9965,296.340576171875,100000.09375,0.00210406761745556,4.39495799500383E-7,1,5.99552012441875,40.0298881530762,1.99238174263237,18.2199999690056,0.0240302302570285,0.00424995008161294,0.25,1.30634590369031E-6,0.00210400490993671,2.69169341199588E-6,296.235748291016,296.235748291016,100000,100000.1875,54.921909532275,20.3163271044297,52.5251274108887,0,0,0,240,300.585205078125,6,4,1,2.21282958984375,43.49951171875,,,,,,,,,,,,,,,,
,40876.8860,299.903594970703,100000.09765625,0.00207231385347941,6.59862411865869E-7,1,5.99552012441875,40.0298881530762,1.99291499819403,18.2199999690056,0.0236599132458254,0.00426450961826364,0.25,8.1004204495348E-6,0.00207224934151529,9.44595507888941E-6,299.893768310547,299.893768310547,100000.0703125,100000.125,54.9500481589674,20.3048735655797,53.3239974975586,0,0,0,240,301.509185791016,5,4,1,2.21115112304687,44.4770278930664,,,,,,,,,,,,,,,,
,45352.2860,5.01323556900024,1519.48974609375,0.000159333014547008,5.83613884756943E-7,1,4.99626677034896,40.0298881530762,1.99450335394451,18.2199999690056,0.00178109205203672,0.000411828404529322,0.25,7.73954630564641E-6,0.000157231190555968,8.41360241314365E-6,5.01306295394897,5.01306295394897,1394.66418457031,1644.31530761719,55.6832157100059,20.3339372342983,4.86910772323608,0,0,0,200,5.00012350082397,1,6,1,2.21420288085938,40.5669593811035,,,,,,,,,,,,,,,,
,45472.1810,5.01425385475159,7514.60009765625,0.000822178802614646,6.47766679572703E-7,1,4.99626677034896,40.0298881530762,1.99450245050985,18.2199999690056,0.0091849759383708,0.00217633033741817,0.25,4.40668840243227E-5,0.000811614062486768,4.78471626815831E-5,5.0141863822937,5.0141863822937,7389.3134765625,7639.88671875,55.4002661860443,20.3288011363919,4.83203363418579,0,0,0,200,4.99985456466675,1,6,1,2.21160888671875,43.0107536315918,,,,,,,,,,,,,,,,
,45592.0860,5.01715683937073,13519.595703125,0.00147696899612635,7.72533941889878E-7,1,4.99626677034896,40.0298881530762,1.99448411589481,18.2199999690056,0.0165064489151305,0.00391785830901876,0.25,7.90822414950932E-5,0.00145867613512568,8.65597335471464E-5,5.01717090606689,5.01717090606689,13394.3134765625,13644.8779296875,55.4987513794674,20.3295678108536,4.79322862625122,0,0,0,200,5.0000114440918,1,6,1,2.220458984375,43.0107536315918,,,,,,,,,,,,,,,,
,45711.9775,5.01693868637085,19526.9169921875,0.00212723428301122,9.40377208608371E-7,1,4.99626677034896,40.0298881530762,1.99452224394869,18.2199999690056,0.0237815483615309,0.00567578810939475,0.25,0.000115663879040842,0.00210200323482459,0.000127351631825531,5.01702404022217,5.01702404022217,19401.697265625,19652.13671875,55.4729576383328,20.3283841469058,4.75732469558716,0,0,0,200,5.00003862380981,1,6,1,2.22015380859375,43.9882698059082,,,,,,,,,,,,,,,,
,45831.8930,5.01572442054749,25553.8642578125,0.00277096255831856,1.03623349345204E-6,1,4.99626677034896,40.0298881530762,1.99470156047015,18.2199999690056,0.030995250043181,0.00741867427951929,0.25,0.000151454864690473,0.00273969089219959,0.000167768923070153,5.01528978347778,5.01528978347778,25430.7734375,25676.955078125,55.8356332712559,20.3267333957822,4.72177028656006,0,0,0,200,5.00000524520874,1,6,1,2.23388671875,42.0332374572754,,,,,,,,,,,,,,,,
,45951.8070,5.01425862312317,31579.6904296875,0.00340861840368816,1.13742703161647E-6,1,4.99626677034896,40.0298881530762,1.99472104174312,18.2199999690056,0.0381507185919115,0.00913710158912274,0.25,0.000185763351528762,0.00337222235308474,0.00020698749240926,5.01388692855835,5.01388692855835,31451.544921875,31707.8359375,55.6957217663136,20.3248628481985,4.68683481216431,0,0,0,200,5.00026702880859,1,6,1,2.21832275390625,43.0107536315918,,,,,,,,,,,,,,,,
,46071.7145,5.01188540458679,37607.908203125,0.00403888739957826,1.25208318024293E-6,1,4.99626677034896,40.0298881530762,1.99471397918947,18.2199999690056,0.0452270355437888,0.0108675138956233,0.25,0.000222170417706142,0.00399825690678727,0.000248403673779675,5.0119743347168,5.0119743347168,37482.078125,37733.73828125,55.7324583067174,20.3275287468612,4.65194034576416,0,0,0,200,5.00004291534424,1,6,1,2.22457885742187,41.5444793701172,,,,,,,,,,,,,,,,
,46191.6120,5.01015305519104,43633.076171875,0.00464925713526589,1.16264689139585E-6,1,4.99626677034896,40.0298881530762,1.9945857986435,18.2199999690056,0.0521189240991382,0.0123671369251801,0.25,0.000241706391810422,0.00460547947774415,0.000273005003407801,5.01042985916138,5.01042985916138,43507.453125,43758.69921875,55.6566403403521,20.3249726215509,4.61778783798218,0,0,0,200,5.00002384185791,1,6,1,2.21847534179687,43.0107536315918,,,,,,,,,,,,,,,,
,46311.5465,5.00443577766418,49659.064453125,0.00527174747967928,1.3708790141632E-6,1,4.99626677034896,40.0298881530762,1.994536478743,18.2199999690056,0.0591164518767394,0.0141180688101194,0.25,0.000281142154004439,0.00522528492232289,0.000317344412281575,5.00442361831665,5.00442361831665,49533.53125,49784.59765625,55.2189283695828,20.3244109914851,4.58316659927368,0,0,0,200,4.99985694885254,1,6,1,2.21939086914062,42.0332374572754,,,,,,,,,,,,,,,,
,46431.4295,4.99998378753662,55684.27734375,0.00587787423489466,1.38220562842349E-6,1,4.99626677034896,40.0298881530762,1.99451663878117,18.2199999690056,0.0659670495176279,0.0156701178596699,0.25,0.000306035868956701,0.00582961119388791,0.000346996831712008,5.00004577636719,5.00004577636719,55558.70703125,55809.84765625,55.9685101195252,20.3248539858559,4.54902791976929,0,0,0,200,5.00006294250488,1,6,1,2.208251953125,43.9882698059082,,,,,,,,,,,,,,,,
,46551.3470,4.99404072761536,61708.72265625,0.00648065741484991,1.37442945344682E-6,1,4.99626677034896,40.0298881530762,1.99452316342125,18.2199999690056,0.0727687372835588,0.0173153296376392,0.25,0.000339864568445196,0.006431106462344,0.000385276799026533,4.99443483352661,4.99443483352661,61583.125,61834.3203125,55.3447705611789,20.3242952149811,4.51447296142578,0,0,0,200,4.99969339370728,1,6,1,2.22076416015625,42.5219955444336,,,,,,,,,,,,,,,,
,46671.2430,4.98935723304749,67732.98828125,0.00706623946593821,1.57729944012065E-6,1,4.99626677034896,40.0298881530762,1.99437653619263,18.2199999690056,0.0794001199063562,0.0187870570339823,0.25,0.000361837183646738,0.00701607702904381,0.000411405260373315,4.98931884765625,4.98931884765625,67607.3984375,67858.578125,55.923957293929,20.3204157116129,4.47888898849487,0,0,0,200,5.00003242492676,1,6,1,2.210693359375,41.5444793701172,,,,,,,,,,,,,,,,
,46791.1425,4.9836277961731,73759.125,0.00765342097976289,1.58995212379465E-6,1,4.99626677034896,40.0298881530762,1.99439902534776,18.2199999690056,0.0860437383181353,0.0203530381754352,0.25,0.000391914478195516,0.0076029605258471,0.000445316388215435,4.98368978500366,4.98368978500366,73633.4765625,73884.7734375,55.6081793721597,20.3211150154808,4.44683742523193,0,0,0,200,4.99975776672363,1,6,1,2.21832275390625,43.0107536315918,,,,,,,,,,,,,,,,
,46911.0535,4.97829508781433,79784.23828125,0.00823302527477472,1.65316946903966E-6,1,4.99626677034896,40.0298881530762,1.99444407276106,18.2199999690056,0.0926116634023966,0.0218735055903943,0.25,0.000419577673072349,0.00818264438675199,0.000476487654016551,4.97855472564697,4.97855472564697,79658.609375,79909.8671875,55.2861484222366,20.3205170824888,4.41422462463379,0,0,0,200,4.99970388412476,1,6,1,2.21893310546875,43.49951171875,,,,,,,,,,,,,,,,
,47030.9755,4.97318267822266,85811.34375,0.00880196215485202,1.69152188689412E-6,1,4.99626677034896,40.0298881530762,1.99429097489641,18.2199999690056,0.0990500325023172,0.0233821593747902,0.25,0.000448583431062162,0.00875195986112484,0.000508632557031242,4.97327709197998,4.97327709197998,85688.15625,85934.53125,55.9833610613905,20.3219140166333,4.381676197052,0,0,0,200,5.00015735626221,1,6,1,2.2137451171875,43.0107536315918,,,,,,,,,,,,,,,,
,47150.8840,4.96715760231018,91835.98046875,0.00935370976789635,1.76497923680798E-6,1,4.99626677034896,40.0298881530762,1.99434021321445,18.2199999690056,0.10534951266006,0.0246108342173513,0.25,0.000456145113290916,0.00930450946111521,0.000519044901792033,4.96732664108276,4.96732664108276,91707.671875,91964.2890625,55.8387597853328,20.3161969422932,4.34922552108765,0,0,0,200,5.00008726119995,1,6,1,2.21878051757813,43.49951171875,,,,,,,,,,,,,,,,
,47275.7755,4.96289086341858,98111.01953125,0.00998812287411405,1.77276266762309E-6,1,4.99626677034896,40.0298881530762,1.99420822382913,18.2199999690056,0.112374749407224,0.0270577531012868,2.5,0.000556577596290018,0.00993899282182453,0.000622143696370332,4.96242189407349,4.96242189407349,97985.0546875,98236.984375,55.5151655783713,20.3207309522528,4.31761980056763,0,0,0,200,5.00040769577026,1,6,1,2.22030639648438,43.49951171875,,,,,,,,,,,,,,,,
,47395.6770,4.95857238769531,104136.109375,0.010548781971819,1.63811917877129E-6,1,4.99626677034896,40.0298881530762,1.99423723189758,18.2199999690056,0.118718342143501,0.0286240648085407,2.5,0.000592715463400415,0.0105004870578762,0.000660555164844121,4.95833587646484,4.95833587646484,104010.53125,104261.6875,55.5792591169482,20.320091788523,4.28713655471802,0,0,0,200,5.00052404403687,1,6,1,2.21908569335938,43.49951171875,,,,,,,,,,,,,,,,
,47515.5945,4.95480895042419,110166.4453125,0.0111057263640683,1.71995971614971E-6,1,4.99626677034896,40.0298881530762,1.99429754606896,18.2199999690056,0.125019276527154,0.0302016491224743,2.5,0.000630690096859001,0.0110583495553904,0.000700547132821201,4.95457315444946,4.95457315444946,110040.8984375,110291.9921875,55.5151655783713,20.3190410737348,4.25697374343872,0,0,0,200,5.0005316734314,1,6,1,2.22091674804687,43.0107536315918,,,,,,,,,,,,,,,,
,47635.5050,4.95120620727539,116192.890625,0.0116603612495336,2.04208965667445E-6,1,4.99626677034896,40.0298881530762,1.99437782317988,18.2199999690056,0.13131980112981,0.0316447559364821,2.5,0.000657428130397875,0.0116140322305004,0.000729125270180948,4.95136976242065,4.95136976242065,116067.375,116318.40625,55.5151655783713,20.3187896688545,4.22877550125122,0,0,0,200,4.99969911575317,1,6,1,2.21954345703125,44.4770278930664,,,,,,,,,,,,,,,,
,47755.4210,4.95171403884888,122218.58203125,0.0122060516216173,2.00405243657115E-6,1,4.99626677034896,40.0298881530762,1.99429659136351,18.2199999690056,0.137478317753541,0.0332342569471215,2.5,0.000699056853452232,0.0121607362457902,0.000772296845850799,4.94858646392822,4.94858646392822,122092.9140625,122344.25,55.2118937129097,20.3184048063564,4.20265102386475,0,0,0,200,5.00720310211182,1,6,1,2.2332763671875,41.055721282959,,,,,,,,,,,,,,,,
,47875.3185,4.94450378417969,128244.48046875,0.0127501542433453,2.23998169157446E-6,1,4.99626677034896,40.0298881530762,1.99417609105216,18.2199999690056,0.143632638216421,0.0347268507909712,2.5,0.000732692774419052,0.0127059197288245,0.000807325951220538,4.94455623626709,4.94455623626709,128118.6328125,128370.328125,55.3103789063328,20.3173401478561,4.17636632919312,0,0,0,200,4.99726247787476,1,6,1,2.21908569335938,42.5219955444336,,,,,,,,,,,,,,,,
,48010.2260,4.94758439064026,126101.02734375,0.0125386914675251,2.1548254263531E-6,1,4.99626677034896,40.0298881530762,1.99423087279792,18.2199999690056,0.141256809241387,0.0340686490443125,2.5,0.000712769309540797,0.0124941779240862,0.000786841567837045,4.94709777832031,4.94709777832031,125978.3515625,126223.703125,55.0547863805443,20.3198745683181,4.1469554901123,0,0,0,200,5.000168800354,1,6,1,2.21908569335938,42.0332374572754,,,,,,,,,,,,,,,,
,48130.1345,4.94816732406616,120222.49609375,0.0119762679703633,2.22003046192304E-6,1,4.99626677034896,40.0298881530762,1.994202196681,18.2199999690056,0.134886306026425,0.0325292311983708,2.5,0.000678650059710036,0.0119308245965339,0.000751114640666564,4.95018625259399,4.95018625259399,120102.703125,120342.2890625,55.1712490299097,20.3200463533199,4.12191724777222,0,0,0,200,4.99449682235718,1,6,1,2.22000122070313,43.9882698059082,,,,,,,,,,,,,,,,
,48250.0395,4.95194315910339,114345.90625,0.0114115594262928,1.89246918660369E-6,1,4.99626677034896,40.0298881530762,1.99414408039387,18.2199999690056,0.128475985625573,0.031053672295593,2.5,0.000650764803991028,0.0113651871756126,0.000721409007743973,4.94878005981445,4.94878005981445,114225.8671875,114465.9453125,55.4557618109097,20.3232104655601,4.09696865081787,0,0,0,200,5.00323390960693,1,6,1,2.21939086914062,43.0107536315918,,,,,,,,,,,,,,,,
,48369.9375,4.95766091346741,108470.35546875,0.0108440801864156,2.00193615282573E-6,1,4.99626677034896,40.0298881530762,1.99420782487298,18.2199999690056,0.122040629295179,0.0295823379560321,2.5,0.00062378548136681,0.0107968321062509,0.000692393138977319,4.95759725570679,4.95759725570679,108345.3828125,108595.328125,55.7754478752751,20.324082586507,4.07541799545288,0,0,0,200,5.0000786781311,1,6,1,2.22091674804687,43.9882698059082,,,,,,,,,,,,,,,,
,48489.8360,4.96053528785706,102596.90625,0.0102834056215155,1.87009675091812E-6,1,4.99626677034896,40.0298881530762,1.99414600151528,18.2199999690056,0.115706344202075,0.0279580193804466,2.5,0.00058246455821974,0.0102354193493878,0.00064893059669632,4.96029281616211,4.96029281616211,102474.4375,102719.375,55.1806285721405,20.3233890829253,4.05319833755493,0,0,0,200,4.99990510940552,1,6,1,2.22152709960938,43.0107536315918,,,,,,,,,,,,,,,,
,48609.7425,4.96479296684265,96716.1875,0.00971695867548945,1.79776344176832E-6,1,4.99626677034896,40.0298881530762,1.99414797526567,18.2199999690056,0.109292345019825,0.0264257644929058,2.5,0.000550419854076656,0.00966828740865449,0.000614447217013864,4.96458864212036,4.96458864212036,96593.40625,96838.96875,55.6816524529674,20.3279794213407,4.03127241134644,0,0,0,200,4.99977827072144,1,6,1,2.21237182617187,42.5219955444336,,,,,,,,,,,,,,,,
,48729.6630,4.97014570236206,90839.3828125,0.00914763173791485,1.68478633240725E-6,1,4.99626677034896,40.0298881530762,1.99416960369136,18.2199999690056,0.102848795377942,0.0248837402698201,2.5,0.000518239993175401,0.00909841842024586,0.000579569655909721,4.97032117843628,4.97032117843628,90716.9765625,90961.7890625,55.3885417582558,20.3290750902571,4.01047849655151,0,0,0,200,4.99970388412476,1,6,1,2.21160888671875,43.9882698059082,,,,,,,,,,,,,,,,
,48849.5765,4.97449970245361,84964.83984375,0.00857963514821239,1.55174602307171E-6,1,4.99626677034896,40.0298881530762,1.99412708307982,18.2199999690056,0.0964266371399479,0.0233031296500371,2.5,0.000482709257027736,0.00853006141284318,0.000541116237645889,4.97441673278809,4.97441673278809,84842.75,85086.9296875,55.4909350942751,20.3279168988737,3.9897096157074,0,0,0,200,5.00029754638672,1,6,1,2.22061157226562,43.9882698059082,,,,,,,,,,,,,,,,
,48969.4785,4.98166608810425,79088.66015625,0.00800985429173014,1.38266305480523E-6,1,4.99626677034896,40.0298881530762,1.99409875613107,18.2199999690056,0.0899756923062572,0.0217834467500048,2.5,0.000453078272016831,0.00796009251313062,0.000508257203406769,4.98138332366943,4.98138332366943,78966.078125,79211.2421875,55.629283342179,20.32945669389,3.97151517868042,0,0,0,200,5.00035715103149,1,6,1,2.2210693359375,43.49951171875,,,,,,,,,,,,,,,,
,49089.3750,4.9850378036499,73156.77734375,0.00743073610418209,1.74498899654734E-6,1,4.99626677034896,40.0298881530762,1.99407016587491,18.2199999690056,0.0834313105501648,0.0201911736714929,2.5,0.000418983806109223,0.00738109840423533,0.000470628982187989,4.98529481887817,4.98529481887817,73032.953125,73280.6015625,55.6886871096405,20.3310450114678,3.95376634597778,0,0,0,200,4.99931240081787,1,6,1,2.2210693359375,42.0332374572754,,,,,,,,,,,,,,,,
,49209.2905,4.99074387550354,67213.703125,0.00685045751279299,1.57357891766161E-6,1,4.99626677034896,40.0298881530762,1.9940535140262,18.2199999690056,0.0768838203997194,0.0185652870562764,2.5,0.000382338889761022,0.00680128547864071,0.000430190990504905,4.99110126495361,4.99110126495361,67089.8046875,67337.6015625,55.842667927929,20.3311437588503,3.93578171730041,0,0,0,200,4.99936723709106,1,6,1,2.21954345703125,39.1006851196289,,,,,,,,,,,,,,,,
,49329.1895,4.99686789512634,61269.111328125,0.00626377198535343,1.56255062222584E-6,1,4.99626677034896,40.0298881530762,1.99408922026519,18.2199999690056,0.0702663281001619,0.0169471744696713,2.5,0.00034770249552854,0.00621548391392502,0.000391445209101994,4.99704170227051,4.99704170227051,61147.6484375,61390.57421875,55.4885902087174,20.3340602839762,3.91987895965576,0,0,0,200,4.99985790252686,1,6,1,2.23541259765625,43.0107536315918,,,,,,,,,,,,,,,,
,49449.1180,5.00105214118958,55324.513671875,0.0056740935487157,1.45530212501006E-6,1,4.99626677034896,40.0298881530762,1.99401198827687,18.2199999690056,0.0636033911259266,0.0153948739424443,2.5,0.000319654000430014,0.00562712783094737,0.000358981889029689,5.00114154815674,5.00114154815674,55200.51171875,55448.515625,55.5503388617366,20.3336315324253,3.90441656112671,0,0,0,200,4.99969863891602,1,6,1,2.21328735351562,42.5219955444336,,,,,,,,,,,,,,,,
,49569.0115,5.00622272491455,49383.150390625,0.00508440635839583,1.33635573677554E-6,1,4.99626677034896,40.0298881530762,1.99396477163083,18.2199999690056,0.0569711416246677,0.0137166646252326,2.5,0.000280560361787272,0.00503938541298254,0.000315368707924585,5.0064959526062,5.0064959526062,49261.26953125,49505.03125,56.0036834028905,20.3347809135758,3.88946771621704,0,0,0,200,4.99949359893799,1,6,1,2.22335815429687,43.0107536315918,,,,,,,,,,,,,,,,
,49688.9050,5.01024222373962,43438.482421875,0.00448826528402116,1.39541494881083E-6,1,4.99626677034896,40.0298881530762,1.99397821461281,18.2199999690056,0.0502614776783468,0.0120982247438545,2.5,0.000247914511663806,0.00444580885014642,0.000277971526644057,5.00974416732788,5.00974416732788,43314.60546875,43562.359375,55.4878085801982,20.3373410553684,3.87519264221191,0,0,0,200,5.00082540512085,1,6,1,2.21389770507813,43.9882698059082,,,,,,,,,,,,,,,,
,49808.8170,5.01312875747681,37487.07421875,0.00388585336915796,1.26619684393125E-6,1,4.99626677034896,40.0298881530762,1.99395859519686,18.2199999690056,0.0434920179666972,0.0104456228306103,2.5,0.000213345786051305,0.00384671663443275,0.000238570144142915,5.01340675354004,5.01340675354004,37362.359375,37611.7890625,55.5229818635636,20.3375153084798,3.8616955280304,0,0,0,200,4.99981784820557,1,6,1,2.22366333007813,42.5219955444336,,,,,,,,,,,,,,,,
,49933.7360,5.01545071601868,31262.021484375,0.00325290342675878,1.17098158502586E-6,1,4.99626677034896,40.0298881530762,1.99412699435614,18.2199999690056,0.0363846693128482,0.00878132837201974,0.25,0.00018302053715173,0.00321802550638195,0.000203162985645114,5.0138111114502,5.0138111114502,31137.423828125,31386.619140625,55.4964064939097,20.3365748418706,3.84850215911865,0,0,0,200,5.00003528594971,1,6,1,2.2137451171875,43.0107536315918,,,,,,,,,,,,,,,,
,50053.6285,5.01757526397705,25285.11328125,0.00263818662801892,1.01645890560588E-6,1,4.99626677034896,40.0298881530762,1.99396311002998,18.2199999690056,0.0294944197140425,0.00708519702441029,0.25,0.000146421422775892,0.00260832912929678,0.00016188590764275,5.01801204681396,5.01801204681396,25160.248046875,25409.978515625,55.5253267491212,20.3381905510433,3.83688592910767,0,0,0,200,4.99974775314331,1,6,1,2.2113037109375,43.49951171875,,,,,,,,,,,,,,,,
,50173.5465,5.01822257041931,19310.2041015625,0.00202033980922996,9.28517500783658E-7,1,4.99626677034896,40.0298881530762,1.99409996901259,18.2199999690056,0.0225769007711843,0.00541482424455616,0.25,0.000112133656075922,0.0019963222922479,0.000123176988037701,5.01757621765137,5.01757621765137,19185.734375,19434.673828125,55.5675346891597,20.3383037214753,3.82491493225098,0,0,0,200,4.99975538253784,1,6,1,2.22198486328125,43.49951171875,,,,,,,,,,,,,,,,
,50293.4640,5.01848554611206,13335.662109375,0.00139913371974372,7.53837762141553E-7,1,4.99626677034896,40.0298881530762,1.99411479146631,18.2199999690056,0.0156291674973452,0.00373502347914938,0.25,7.70905799348648E-5,0.00138177109169789,8.4128056188552E-5,5.01843309402466,5.01843309402466,13211.095703125,13460.228515625,55.6582035973905,20.338319371097,3.81383609771729,0,0,0,200,5.00017929077148,1,6,1,2.22763061523438,43.49951171875,,,,,,,,,,,,,,,,
,50413.3655,5.01695156097412,7359.42822265625,0.000776732540973678,6.11886792355128E-7,1,4.99626677034896,40.0298881530762,1.99393830431588,18.2199999690056,0.00867457005173725,0.00205701906491542,0.25,4.17782648842618E-5,0.000766742523748536,4.53384505032663E-5,5.01738548278809,5.01738548278809,7234.92578125,7483.9306640625,55.2361241970058,20.3371249895932,3.80389666557312,0,0,0,200,4.99981212615967,1,6,1,2.2198486328125,43.0107536315918,,,,,,,,,,,,,,,,
,50533.2630,5.01376914978027,1383.55133056641,0.000151812812781913,5.42676088116558E-7,1,4.99626677034896,40.0298881530762,1.99409326751652,18.2199999690056,0.00169678326823961,0.000391775455741777,0.25,7.32789314289303E-6,0.000149809424270021,7.96948089507662E-6,5.01343250274658,5.01343250274658,1258.9697265625,1508.13293457031,55.3682194167559,20.3405632268702,3.79453563690186,0,0,0,200,5.00031661987305,1,6,1,2.21389770507813,43.49951171875,,,,,,,,,,,,,,,,
,51752.3265,30.0014867782593,3978.47802734375,0.000387286071447538,5.20645788067716E-7,1,4.99626677034896,40.0298881530762,2.00656716794473,18.2199999690056,0.00435464832457082,0.00102223620591222,0.25,1.98087983863573E-5,0.000382459257125866,2.17479176950805E-5,30.0020561218262,30.0020561218262,3853.51416015625,4103.44189453125,55.5292348917174,20.3250922371344,1.88614118099213,0,0,0,200,30.002326965332,1,6,1,2.23556518554687,37.6344108581543,,,,,,,,,,,,,,,,
,51872.2180,30.0007190704346,9976.61181640625,0.000980704967496129,6.67076504659409E-7,1,4.99626677034896,40.0298881530762,2.00663564375553,18.2199999690056,0.0110285945776691,0.00260946118867853,0.25,5.15524348024799E-5,0.000968890297504179,5.68098369596159E-5,30.0007228851318,30.0007228851318,9851.388671875,10101.8349609375,55.4588883249866,20.3242754550784,2.02252626419067,0,0,0,200,30.0022163391113,1,6,1,2.23831176757813,39.5894432067871,,,,,,,,,,,,,,,,
,51992.1385,30.0009031295776,15989.8334960938,0.0015747827771185,9.02556367101455E-7,1,4.99626677034896,40.0298881530762,2.00651763524649,18.2199999690056,0.0177143333938643,0.00420815760057659,0.25,8.36590849419744E-5,0.0015565848074222,9.267061048734E-5,30.0003471374512,30.0003471374512,15864.634765625,16115.0322265625,56.0490178570059,20.326340336709,2.15636205673218,0,0,0,200,30.00266456604,1,6,1,2.23236083984375,40.5669593811035,,,,,,,,,,,,,,,,
,52112.0480,29.999885559082,22000.55078125,0.0021662444228995,1.07682899304832E-6,1,4.99626677034896,40.0298881530762,2.00668786617948,18.2199999690056,0.0243789658320227,0.0058134904666164,0.25,0.000116282490095626,0.00214237138339302,0.000129390183698058,29.9998989105225,29.9998989105225,21877.619140625,22123.482421875,55.1665592587943,20.3250280465397,2.34213876724243,0,0,0,200,30.0002708435059,1,6,1,2.22183227539062,41.5444793701172,,,,,,,,,,,,,,,,
,52231.9615,29.9996089935303,28028.60546875,0.00275884060290823,1.2517312221277E-6,1,4.99626677034896,40.0298881530762,2.00669669730178,18.2199999690056,0.0310658571703678,0.00740938459500246,0.25,0.000147495069345463,0.00273000920835075,0.000164990804432915,29.9996185302734,29.9996185302734,27902.765625,28154.4453125,55.6011447154867,20.324885647874,2.43646097183228,0,0,0,200,30.0004425048828,1,6,1,2.23236083984375,41.5444793701172,,,,,,,,,,,,,,,,
,52351.8690,29.9989929199219,34053.89453125,0.00334962066385858,1.37334481614165E-6,1,4.99626677034896,40.0298881530762,2.00673339206376,18.2199999690056,0.0377428732164563,0.00899240102487022,0.25,0.000177604401161892,0.00331657497257924,0.000199648534062207,29.9993171691895,29.9993171691895,33928.296875,34179.4921875,55.4174620134674,20.322481337747,2.49828052520752,0,0,0,200,30.0000476837158,1,6,1,2.21847534179687,41.055721282959,,,,,,,,,,,,,,,,
,52471.7740,30.0003786087036,40078.44921875,0.00394135258618201,1.41282078075965E-6,1,4.99626677034896,40.0298881530762,2.00674165200221,18.2199999690056,0.0444335383410005,0.0106050686054779,0.25,0.000209965824373425,0.00390476299823593,0.000236607044076304,29.9998321533203,29.9998321533203,39952.84765625,40204.05078125,55.3932315293713,20.3224321048709,2.55436396598816,0,0,0,200,29.9998416900635,1,6,1,2.21847534179687,41.5444793701172,,,,,,,,,,,,,,,,
,52591.6655,29.999828338623,46102.986328125,0.00453295711506572,1.45632721534054E-6,1,4.99626677034896,40.0298881530762,2.00675509970102,18.2199999690056,0.0511456586554364,0.0121357075758353,0.25,0.000235054080927706,0.00449353058793222,0.000266328279412395,30.0002994537354,30.0002994537354,45977.4375,46228.53515625,55.1446736602558,20.3224986037709,2.67035508155823,0,0,0,200,29.9990253448486,1,6,1,2.2198486328125,43.0107536315918,,,,,,,,,,,,,,,,
,52711.5960,30.0006408691406,52128.671875,0.00512321007619389,1.37214850448367E-6,1,4.99626677034896,40.0298881530762,2.00670472475374,18.2199999690056,0.0578245602007242,0.0137901693503975,0.25,0.00027128817871994,0.00508147504261251,0.000306993897826394,30.0007591247559,30.0007591247559,52003.375,52253.96875,55.3299196193135,20.3221039275105,2.63625884056091,0,0,0,200,29.9995422363281,1,6,1,2.2216796875,42.0332374572754,,,,,,,,,,,,,,,,
,52831.4930,30.0001487731934,58153.0078125,0.0057116871800975,1.72930686804523E-6,1,4.99626677034896,40.0298881530762,2.00669157929168,18.2199999690056,0.0645169956175794,0.0152956678227445,0.25,0.000294825100331511,0.00566828389348013,0.000334890358797258,30.0001487731934,30.0001487731934,58027.2890625,58278.7265625,55.0923045494674,20.3220705248335,2.7060444355011,0,0,0,200,30.0000877380371,1,6,1,2.21420288085938,43.0107536315918,,,,,,,,,,,,,,,,
,52951.3965,30.0005855560303,64180.0703125,0.00629839250090669,1.72745656804116E-6,1,4.99626677034896,40.0298881530762,2.0065844443051,18.2199999690056,0.0711830545951659,0.0168430179527478,0.25,0.000322546083960228,0.00625377193598391,0.000366724031097912,30.0008926391602,30.0008926391602,64057.015625,64303.125,55.2134569699482,20.322905824022,2.74874448776245,0,0,0,200,29.9991779327393,1,6,1,2.22030639648438,43.0107536315918,,,,,,,,,,,,,,,,
,53071.3155,29.9994068145752,70206.98828125,0.00688673004604767,1.92516084461237E-6,1,4.99626677034896,40.0298881530762,2.00660352361124,18.2199999690056,0.0778801171662882,0.0183747208338719,0.25,0.000348674976708754,0.00684129572505915,0.000396758290496983,29.9996929168701,29.9996929168701,70081.5625,70332.4140625,55.3338277619097,20.3215443363674,2.82426619529724,0,0,0,200,29.9981670379639,1,6,1,2.2320556640625,43.0107536315918,,,,,,,,,,,,,,,,
,53191.2120,30.0004777908325,76230.51171875,0.00747178781946102,1.95232841425769E-6,1,4.99626677034896,40.0298881530762,2.00660681911684,18.2199999690056,0.0845445274988586,0.0198925271920864,0.25,0.000374385831696113,0.00742590422361488,0.000426106484006916,30.0005187988281,30.0005187988281,76102.3828125,76358.640625,55.128259461352,20.3192009701178,2.86441683769226,0,0,0,200,29.9996681213379,1,6,1,2.21847534179687,42.5219955444336,,,,,,,,,,,,,,,,
,53311.1185,30.0005416870117,82258.62890625,0.00805968138961609,1.94504497296503E-6,1,4.99626677034896,40.0298881530762,2.00672304966401,18.2199999690056,0.0912504794894795,0.0214126092517781,0.25,0.00039988163649163,0.00801362208198531,0.00045500722353302,30.0007839202881,30.0007839202881,82133.109375,82384.1484375,55.2939647074289,20.3178614224419,2.89946913719177,0,0,0,200,29.9978504180908,1,6,1,2.2210693359375,42.5219955444336,,,,,,,,,,,,,,,,
,53431.0310,30.0002717971802,88283.30078125,0.00863387432923556,2.15475763956441E-6,1,4.99626677034896,40.0298881530762,2.00671386943726,18.2199999690056,0.0978072977426955,0.0228495611441051,0.25,0.000420925798883837,0.00858797427681675,0.000479129779215294,30.0007476806641,30.0007476806641,88157.953125,88408.6484375,55.2056406847558,20.3150948290287,2.95523381233215,0,0,0,200,29.9965133666992,1,6,1,2.21954345703125,42.5219955444336,,,,,,,,,,,,,,,,
,53550.9975,30.0006399154663,94311.78125,0.00920325196525756,2.36004491738434E-6,1,4.99626677034896,40.0298881530762,2.00672830609636,18.2199999690056,0.104330753332251,0.0241758794140271,0.25,0.000433368001231167,0.00915777742973759,0.000494409459507661,30.0015888214111,30.0015888214111,94188.6484375,94434.9140625,55.0962126920635,20.3152180652994,3.01163601875305,0,0,0,200,29.9963264465332,1,6,1,2.23251342773438,41.5444793701172,,,,,,,,,,,,,,,,
,53675.8480,30.0002927780151,100586.01953125,0.00986138629932029,2.18455783388346E-6,1,4.99626677034896,40.0298881530762,2.0067164026413,18.2199999690056,0.111670772493092,0.0266970633031057,2.5,0.000534670505016162,0.009815630529541,0.000598470935597796,29.9999046325684,29.9999046325684,100460.421875,100711.6171875,55.1220064331981,20.315231376526,3.10404658317566,0,0,0,200,29.9961795806885,1,6,1,2.23007202148438,42.5219955444336,,,,,,,,,,,,,,,,
,53795.7460,30.0000524520874,106611.33203125,0.010445230275667,2.18103858281658E-6,1,4.99626677034896,40.0298881530762,2.00660267136623,18.2199999690056,0.118301986555401,0.0283431065071078,2.5,0.000572995626973048,0.0103999572257071,0.00063916594148515,30.0002937316895,30.0002937316895,106485.78125,106736.8828125,55.2986544785443,20.3174989363861,3.03585410118103,0,0,0,200,29.9962196350098,1,6,1,2.23114013671875,43.9882698059082,,,,,,,,,,,,,,,,
,53915.6550,30.0005674362183,112635.6953125,0.0110246479281814,2.27818091262229E-6,1,4.99626677034896,40.0298881530762,2.00657882433014,18.2199999690056,0.12489816693371,0.0299266029522674,2.5,0.000606754052493119,0.0109799993921697,0.000675078676562043,30.0011310577393,30.0011310577393,112510.0390625,112761.3515625,54.7093065750442,20.3161303876519,3.00303244590759,0,0,0,200,29.9962062835693,1,6,1,2.22244262695313,43.9882698059082,,,,,,,,,,,,,,,,
,54035.5495,30.0000371932983,118663.078125,0.0116005756427044,2.45597213020727E-6,1,4.99626677034896,40.0298881530762,2.00649786972669,18.2199999690056,0.131449401789351,0.0315137325621594,2.5,0.000641722826181029,0.011556627691383,0.000711983502302698,29.9999351501465,29.9999351501465,118537.3515625,118788.8046875,54.6280172090442,20.3181514324377,3.03680992126465,0,0,0,200,29.9952869415283,1,6,1,2.22183227539062,43.49951171875,,,,,,,,,,,,,,,,
,54155.4675,29.9999046325684,124691.8125,0.0121766208283205,2.49003136864686E-6,1,4.99626677034896,40.0298881530762,2.00662498857415,18.2199999690056,0.138026712221966,0.0330431881358675,2.5,0.000671528401077665,0.0121334557425402,0.000743566089188231,29.9999046325684,29.9999046325684,124568.734375,124814.890625,54.9578644441597,20.3137005462529,3.07823538780212,0,0,0,200,29.99489402771,1,6,1,2.22091674804687,42.5219955444336,,,,,,,,,,,,,,,,
,54290.3545,29.9994525909424,129526.38671875,0.0126392971175088,2.31194263123701E-6,1,4.99626677034896,40.0298881530762,2.00671854608593,18.2199999690056,0.143308296314399,0.0342799749132832,2.5,0.00069631053157083,0.012596777390255,0.000769655538339462,29.9991912841797,29.9991912841797,129403.875,129648.8984375,54.8414017947943,20.3146516042814,3.14579057693481,0,0,0,200,29.995849609375,1,6,1,2.22015380859375,43.49951171875,,,,,,,,,,,,,,,,
,54410.2845,29.9994707107544,123647.03125,0.0120800318075645,2.37342815468738E-6,1,4.99626677034896,40.0298881530762,2.00660946025287,18.2199999690056,0.136917562156816,0.0328219394581834,2.5,0.00066958048470234,0.0120366979650774,0.000741331796645927,29.9992027282715,29.9992027282715,123524.4765625,123769.5859375,54.9164381326404,20.3157284859764,3.14355993270874,0,0,0,200,29.9957618713379,1,6,1,2.21969604492187,43.0107536315918,,,,,,,,,,,,,,,,
,54530.1855,29.999532699585,117770.42578125,0.0115282650326864,2.27143113757096E-6,1,4.99626677034896,40.0298881530762,2.00654962924174,18.2199999690056,0.130638066605301,0.0312632279998653,2.5,0.000632767773049607,0.0114841881430554,0.000702847754734858,29.9998683929443,29.9998683929443,117648.1484375,117892.703125,54.8453099373904,20.3165551826816,3.15630626678467,0,0,0,200,29.9969654083252,1,6,1,2.22549438476562,43.49951171875,,,,,,,,,,,,,,,,
,54650.0770,29.9997138977051,111893.87109375,0.0109619712482271,2.20737648875358E-6,1,4.99626677034896,40.0298881530762,2.00659614997084,18.2199999690056,0.124182555125878,0.0297685772043966,2.5,0.000604219506611144,0.010917198692036,0.000672339171907608,29.9997577667236,29.9997577667236,111771.4375,112016.3046875,55.1251329472751,20.3190252133243,3.15853667259216,0,0,0,200,29.9980068206787,1,6,1,2.23526000976562,43.49951171875,,,,,,,,,,,,,,,,
,54769.9940,29.9996061325073,106017.83203125,0.010405528091259,2.33565936725535E-6,1,4.99626677034896,40.0298881530762,2.0065086143316,18.2199999690056,0.117856360547352,0.028163455383099,2.5,0.000564555512379757,0.0103601620554631,0.000630637354546454,29.9994831085205,29.9994831085205,105895.265625,106140.3984375,55.5667530606405,20.3195387867417,3.20569801330566,0,0,0,200,30.0001239776611,1,6,1,2.21878051757813,43.0107536315918,,,,,,,,,,,,,,,,
,54889.8925,29.9990949630737,100141.9765625,0.00983674528868788,2.1121291270314E-6,1,4.99626677034896,40.0298881530762,2.00655048283907,18.2199999690056,0.111378335772311,0.0266387487059712,2.5,0.000534198092068601,0.00979086333853817,0.000597928841383988,29.9989128112793,29.9989128112793,100019.53125,100264.421875,54.6663170064866,20.3188365525859,3.25955080986023,0,0,0,200,30.0004405975342,1,6,1,2.22091674804687,44.4770278930664,,,,,,,,,,,,,,,,
,55009.7990,29.9990015029907,94265.3203125,0.00926985849829656,2.13756642050647E-6,1,4.99626677034896,40.0298881530762,2.00656450080125,18.2199999690056,0.104923946281153,0.0251053993779508,2.5,0.000502964890280767,0.00922357411942037,0.000564149893077966,29.9986915588379,29.9986915588379,94142.8828125,94387.7578125,55.2173651125443,20.3220150697807,3.23820090293884,0,0,0,200,30.0008583068848,1,6,1,2.21878051757813,43.49951171875,,,,,,,,,,,,,,,,
,55129.7110,29.9996213912964,88389.05078125,0.00870126597146608,2.18790890397718E-6,1,4.99626677034896,40.0298881530762,2.00656048945057,18.2199999690056,0.0984476492691376,0.0235857917684569,2.5,0.000473462895669229,0.00865472125789485,0.000531859637204064,29.9997138977051,29.9997138977051,88266.1875,88511.9140625,55.0141416975443,20.3213333326703,3.26433086395264,0,0,0,200,30.0020122528076,1,6,1,2.23114013671875,43.49951171875,,,,,,,,,,,,,,,,
,55249.6245,29.9995746612549,82508.80859375,0.00812759185555565,1.77756711771325E-6,1,4.99626677034896,40.0298881530762,2.00661280647562,18.2199999690056,0.0919182947451119,0.0220538143415109,2.5,0.000443957694878672,0.00808099235277283,0.000499298174780477,29.9997081756592,29.9997081756592,82386.3359375,82631.28125,55.3611847600828,20.3212701318558,3.27197861671448,0,0,0,200,30.0031051635742,1,6,1,2.22274780273438,43.0107536315918,,,,,,,,,,,,,,,,
,55369.5135,29.999264717102,76618.21875,0.00755689411589881,1.75991680183199E-6,1,4.99626677034896,40.0298881530762,2.00662353720988,18.2199999690056,0.0854367372827383,0.0204553114735621,2.5,0.000408325074144163,0.00751048596426417,0.000460427467904749,30.0002841949463,30.0002841949463,76496.7421875,76739.6953125,55.2212732551405,20.323753758758,3.39306807518005,0,0,0,200,30.0027294158936,1,6,1,2.21786499023438,43.0107536315918,,,,,,,,,,,,,,,,
,55489.4510,30.0001783370972,70672.390625,0.00697751913737711,1.77836286258564E-6,1,4.99626677034896,40.0298881530762,2.00665047522073,18.2199999690056,0.0788433172110203,0.0189272143032304,2.5,0.000380629840447385,0.00693153816732559,0.000429149912156771,29.9997081756592,29.9997081756592,70548.40625,70796.375,55.0985575776212,20.3210968592586,3.42142844200134,0,0,0,200,30.0038757324219,1,6,1,2.23434448242187,43.0107536315918,,,,,,,,,,,,,,,,
,55609.3260,29.9994421005249,64735.09375,0.00639486413487882,1.62968342904744E-6,1,4.99626677034896,40.0298881530762,2.00665454523201,18.2199999690056,0.0722253757262334,0.0173378973697794,2.5,0.000348373522411128,0.00634969833410111,0.000393076052313995,29.9994468688965,29.9994468688965,64611.15625,64859.03125,55.487026951679,20.321028415293,3.43449330329895,0,0,0,200,30.0050830841064,1,6,1,2.210693359375,43.0107536315918,,,,,,,,,,,,,,,,
,55729.2480,29.9996929168701,58787.833984375,0.00581314278562336,1.75365951191889E-6,1,4.99626677034896,40.0298881530762,2.00667202426155,18.2199999690056,0.0656247480096728,0.015741192062521,2.5,0.0003154457637883,0.00576917545175537,0.000356120405203572,29.9999942779541,29.9999942779541,58664.02734375,58911.640625,55.3697826737943,20.3231012464167,3.45775532722473,0,0,0,200,30.0049457550049,1,6,1,2.21954345703125,43.49951171875,,,,,,,,,,,,,,,,
,55849.1640,29.9991235733032,52844.08984375,0.00523035720647482,1.69016149386694E-6,1,4.99626677034896,40.0298881530762,2.00677084167458,18.2199999690056,0.0590180936686478,0.0141503882888608,2.5,0.000283303064494798,0.00518804223863941,0.000319740200066578,29.9993915557861,29.9993915557861,52719.9453125,52968.234375,55.3119421633712,20.3245842635644,3.40740752220154,0,0,0,200,30.0067348480225,1,6,1,2.22122192382813,42.5219955444336,,,,,,,,,,,,,,,,
,55969.0620,29.9993715286255,46901.06640625,0.00464586157910834,1.47207619371461E-6,1,4.99626677034896,40.0298881530762,2.00671420181966,18.2199999690056,0.0523989051606707,0.0125259379742079,2.5,0.000248681429843927,0.00460574509920042,0.00028073140245539,29.9990215301514,29.9990215301514,46777.3125,47024.8203125,55.5175104639289,20.3239909278383,3.42429637908936,0,0,0,200,30.0066013336182,1,6,1,2.2210693359375,43.0107536315918,,,,,,,,,,,,,,,,
,56088.9705,29.9993286132812,40960.220703125,0.00405914948826262,1.4595596267474E-6,1,4.99626677034896,40.0298881530762,2.00680429713567,18.2199999690056,0.045759119981554,0.0109288729914157,2.5,0.000216797269486533,0.00402180672430036,0.000244318861168523,29.9998741149902,29.9998741149902,40836.5,41083.94140625,55.4502904112751,20.3259381459085,3.44469046592712,0,0,0,200,30.0065116882324,1,6,1,2.220458984375,43.49951171875,,,,,,,,,,,,,,,,
,56213.9030,29.999454498291,34743.140625,0.00344336392234001,1.43609243803732E-6,1,4.99626677034896,40.0298881530762,2.0067388410991,18.2199999690056,0.0388052341514249,0.00922639183726607,0.25,0.000180897309127254,0.0034096358236787,0.00020365479770992,29.9999656677246,29.9999656677246,34621.08984375,34865.19140625,54.9813132997366,20.3244399487819,3.58776712417603,0,0,0,200,30.0062980651855,1,6,1,2.22335815429687,43.49951171875,,,,,,,,,,,,,,,,
,56333.8235,29.9996576309204,28766.58203125,0.00285280620401584,1.22899489144774E-6,1,4.99626677034896,40.0298881530762,2.00684091589692,18.2300005108118,0.0321303033342366,0.00765263811588705,0.25,0.000151544616627427,0.00282320155533207,0.000169736528304783,29.9994468688965,29.9994468688965,28639.486328125,28893.677734375,55.608961000679,20.3237633848919,3.60465598106384,0,0,0,200,30.0070362091064,1,6,1,2.22518920898438,43.49951171875,,,,,,,,,,,,,,,,
,56453.6890,29.9992961883545,22789.5615234375,0.00226361377171449,9.96578305226673E-7,1,4.99626677034896,40.0298881530762,2.00695558602325,18.2300005108118,0.0254817276390027,0.00606581434755277,0.25,0.000120529074221831,0.00223883963454989,0.000134328263129494,29.9991607666016,29.9991607666016,22667.62890625,22911.494140625,55.6183405429097,20.3239989218169,3.65595960617065,0,0,0,200,30.0066528320313,1,6,1,2.230224609375,43.0107536315918,,,,,,,,,,,,,,,,
,56573.5880,30.0006532669067,16816.583984375,0.00167127047769369,8.49720360765548E-7,1,4.99626677034896,40.0298881530762,2.0068197148054,18.2199999690056,0.0188026964015552,0.00447273391574393,0.25,8.92190275692131E-5,0.00165207491476899,9.88587103745309E-5,30.0010108947754,30.0010108947754,16692.123046875,16941.044921875,55.5862937736213,20.3253921804386,3.65564107894897,0,0,0,200,30.0064678192139,1,6,1,2.22076416015625,43.0107536315918,,,,,,,,,,,,,,,,
,56693.5075,29.9999208450317,10836.5600585938,0.00107944255247112,7.0892475878772E-7,1,4.99626677034896,40.0298881530762,2.00681696425239,18.2199999690056,0.0121376472704125,0.00289008344800848,0.25,5.82258680844239E-5,0.00106650191410555,6.40533122875285E-5,29.9999771118164,29.9999771118164,10711.587890625,10961.5322265625,55.2525383959097,20.3238769313719,3.7238335609436,0,0,0,200,30.008752822876,1,6,1,2.22198486328125,43.49951171875,,,,,,,,,,,,,,,,
,56813.4125,30.0004529953003,4862.66186523438,0.000488076056396291,5.38176382912639E-7,1,4.99626677034896,40.0298881530762,2.00695185472198,18.2199999690056,0.00548799141591068,0.00129547304172863,0.25,2.55469454075209E-5,0.00048201735809996,2.80093777764989E-5,30.0010280609131,30.0010280609131,4735.302734375,4990.02099609375,55.5573735184097,20.3265135162207,3.81305742263794,0,0,0,200,30.0065879821777,1,6,1,2.23617553710938,42.0332374572754,,,,,,,,,,,,,,,,
